序号,批次,文件,测试类,用例,nodeid,状态,失败阶段,归因分类,失败原因,NPU机制关系,能否修复,修复方向,未修复原因,覆盖边界,日志证据,源码证据,验证日期,执行范围,参数化统计,分析状态
1,01,test_static_triton_launcher.py,TestStaticTritonLauncher,test_basic,test/inductor/test_static_triton_launcher.py::TestStaticTritonLauncher::test_basic,失败,测试 launcher 构造（Triton 首次调用之后）,测试待适配及 NPU static launcher 接口缺口,write_cubin_to_tmp 读取 kernel.asm[cubin] 报 KeyError；Ascend 输出 npubin。,NPU 与 CUDA 的二进制格式及加载接口不同；static 分派函数仅支持 cuda/hip/xpu。不能只改文件扩展名。,可开发 NPU 等价覆盖；当前接口不能原样通过,接入 NPU 二进制加载/卸载、参数 ABI 与 stream，然后按设备选择 launcher；fast 类还需 NPU fast 实现。,直接换成 npubin 后仍会遇到 NPU static 分派缺失；需后端实现和测试适配，不是已证明硬件不可实现。,未执行待测 static/fast launcher.run；不能判定参数、空 tensor 或零 grid 语义失败。,batch-01-results.json#test/inductor/test_static_triton_launcher.py::TestStaticTritonLauncher::test_basic,batch-01-source-evidence.json#TestStaticTritonLauncher.test_basic,2026-10-08,host_or_explicit_device,"{""failed"": 1}",完成
2,01,test_static_triton_launcher.py,TestStaticTritonLauncher,test_unsigned_integers,test/inductor/test_static_triton_launcher.py::TestStaticTritonLauncher::test_unsigned_integers,失败,输入初始化/eager zero_,当前算子 dtype 支持缺口,torch.zeros(dtype=uint64) 的 aclnnInplaceZero 拒绝 DT_UINT64；日志同时含 driver 507899，不能仅由错误码扩大归因。,当前 aclnnInplaceZero 类型白名单没有 uint64；不等于 NPU 或 Triton 全面不支持 uint64。,有修复方向；完整用例尚待验证,补 zero_ 的 uint64 实现，或验证保持 uint64 数据与参数不变的初始化路径；之后还需 NPU static launcher。,初始化已阻塞，未进入 Triton；降为 int64 会丢失无符号类型覆盖，不能算原用例修复。,未测 tl.uint8/16/32/64 参数打包和 kernel 计算。,batch-01-results.json#test/inductor/test_static_triton_launcher.py::TestStaticTritonLauncher::test_unsigned_integers,batch-01-source-evidence.json#TestStaticTritonLauncher.test_unsigned_integers,2026-10-08,host_or_explicit_device,"{""failed"": 1}",完成
3,01,test_static_triton_launcher.py,TestStaticTritonLauncher,test_signed_integers,test/inductor/test_static_triton_launcher.py::TestStaticTritonLauncher::test_signed_integers,失败,测试 launcher 构造（Triton 首次调用之后）,测试待适配及 NPU static launcher 接口缺口,write_cubin_to_tmp 读取 kernel.asm[cubin] 报 KeyError；Ascend 输出 npubin。,NPU 与 CUDA 的二进制格式及加载接口不同；static 分派函数仅支持 cuda/hip/xpu。不能只改文件扩展名。,可开发 NPU 等价覆盖；当前接口不能原样通过,接入 NPU 二进制加载/卸载、参数 ABI 与 stream，然后按设备选择 launcher；fast 类还需 NPU fast 实现。,直接换成 npubin 后仍会遇到 NPU static 分派缺失；需后端实现和测试适配，不是已证明硬件不可实现。,未执行待测 static/fast launcher.run；不能判定参数、空 tensor 或零 grid 语义失败。,batch-01-results.json#test/inductor/test_static_triton_launcher.py::TestStaticTritonLauncher::test_signed_integers,batch-01-source-evidence.json#TestStaticTritonLauncher.test_signed_integers,2026-10-08,host_or_explicit_device,"{""failed"": 1}",完成
4,01,test_static_triton_launcher.py,TestStaticTritonLauncher,test_basic_1arg,test/inductor/test_static_triton_launcher.py::TestStaticTritonLauncher::test_basic_1arg,失败,测试 launcher 构造（Triton 首次调用之后）,测试待适配及 NPU static launcher 接口缺口,write_cubin_to_tmp 读取 kernel.asm[cubin] 报 KeyError；Ascend 输出 npubin。,NPU 与 CUDA 的二进制格式及加载接口不同；static 分派函数仅支持 cuda/hip/xpu。不能只改文件扩展名。,可开发 NPU 等价覆盖；当前接口不能原样通过,接入 NPU 二进制加载/卸载、参数 ABI 与 stream，然后按设备选择 launcher；fast 类还需 NPU fast 实现。,直接换成 npubin 后仍会遇到 NPU static 分派缺失；需后端实现和测试适配，不是已证明硬件不可实现。,未执行待测 static/fast launcher.run；不能判定参数、空 tensor 或零 grid 语义失败。,batch-01-results.json#test/inductor/test_static_triton_launcher.py::TestStaticTritonLauncher::test_basic_1arg,batch-01-source-evidence.json#TestStaticTritonLauncher.test_basic_1arg,2026-10-08,host_or_explicit_device,"{""failed"": 1}",完成
5,01,test_static_triton_launcher.py,TestStaticTritonLauncher,test_constexpr,test/inductor/test_static_triton_launcher.py::TestStaticTritonLauncher::test_constexpr,失败,测试 launcher 构造（Triton 首次调用之后）,测试待适配及 NPU static launcher 接口缺口,write_cubin_to_tmp 读取 kernel.asm[cubin] 报 KeyError；Ascend 输出 npubin。,NPU 与 CUDA 的二进制格式及加载接口不同；static 分派函数仅支持 cuda/hip/xpu。不能只改文件扩展名。,可开发 NPU 等价覆盖；当前接口不能原样通过,接入 NPU 二进制加载/卸载、参数 ABI 与 stream，然后按设备选择 launcher；fast 类还需 NPU fast 实现。,直接换成 npubin 后仍会遇到 NPU static 分派缺失；需后端实现和测试适配，不是已证明硬件不可实现。,未执行待测 static/fast launcher.run；不能判定参数、空 tensor 或零 grid 语义失败。,batch-01-results.json#test/inductor/test_static_triton_launcher.py::TestStaticTritonLauncher::test_constexpr,batch-01-source-evidence.json#TestStaticTritonLauncher.test_constexpr,2026-10-08,host_or_explicit_device,"{""failed"": 1}",完成
6,01,test_static_triton_launcher.py,TestStaticTritonLauncher,test_implied_constant,test/inductor/test_static_triton_launcher.py::TestStaticTritonLauncher::test_implied_constant,失败,Triton frontend 编译,待修复 bug：通用 libdevice 未映射,triton_helpers.libdevice.isinf 实际来自 triton.language.extra.libdevice，函数体为 ...，返回 None 后 .to 报错；Ascend get_module_map 返回空字典。,CANN libdevice 已有 float32 isinf；这是模块映射/测试集成问题，不是 NPU isinf 功能缺失。,可修首错；完整用例仍有后续阻塞,给 Ascend backend 补通用 libdevice 到 CANN 的映射并验证；还需修测试输入长度 4 与 r0_numel=128 的越界风险，并接入 NPU static launcher。,尚未验证映射修复；原 kernel mask 只限制索引 <128，而输入只有4项，修复编译后直接运行存在越界风险。,尚未测试 implied constant 的 launcher 参数消除；输入越界风险是源码分析，并非本次发生的运行时错误。,batch-01-results.json#test/inductor/test_static_triton_launcher.py::TestStaticTritonLauncher::test_implied_constant; batch-01-capability-probe.json,batch-01-source-evidence.json#TestStaticTritonLauncher.test_implied_constant,2026-10-08,host_or_explicit_device,"{""failed"": 1}",完成
7,01,test_static_triton_launcher.py,TestStaticTritonLauncher,test_kernel_no_args,test/inductor/test_static_triton_launcher.py::TestStaticTritonLauncher::test_kernel_no_args,失败,测试 launcher 构造（Triton 首次调用之后）,测试待适配及 NPU static launcher 接口缺口,write_cubin_to_tmp 读取 kernel.asm[cubin] 报 KeyError；Ascend 输出 npubin。,NPU 与 CUDA 的二进制格式及加载接口不同；static 分派函数仅支持 cuda/hip/xpu。不能只改文件扩展名。,可开发 NPU 等价覆盖；当前接口不能原样通过,接入 NPU 二进制加载/卸载、参数 ABI 与 stream，然后按设备选择 launcher；fast 类还需 NPU fast 实现。,直接换成 npubin 后仍会遇到 NPU static 分派缺失；需后端实现和测试适配，不是已证明硬件不可实现。,未执行待测 static/fast launcher.run；不能判定参数、空 tensor 或零 grid 语义失败。,batch-01-results.json#test/inductor/test_static_triton_launcher.py::TestStaticTritonLauncher::test_kernel_no_args,batch-01-source-evidence.json#TestStaticTritonLauncher.test_kernel_no_args,2026-10-08,host_or_explicit_device,"{""failed"": 1}",完成
8,01,test_static_triton_launcher.py,TestStaticTritonLauncher,test_high_shared_mem,test/inductor/test_static_triton_launcher.py::TestStaticTritonLauncher::test_high_shared_mem,失败,测试 launcher 构造（Triton 首次调用之后）,测试待适配及 NPU static launcher 接口缺口,write_cubin_to_tmp 读取 kernel.asm[cubin] 报 KeyError；Ascend 输出 npubin。,NPU 与 CUDA 的二进制格式及加载接口不同；static 分派函数仅支持 cuda/hip/xpu。不能只改文件扩展名。 测试的 shared=50000/99999999 是 CUDA shared-memory 参数，不能等同 NPU UB 资源约束。,可开发 NPU 等价覆盖；当前接口不能原样通过,接入 NPU 二进制加载/卸载、参数 ABI 与 stream，然后按设备选择 launcher；fast 类还需 NPU fast 实现。 按 NPU kernel 元数据和资源上限设计等价资源测试，保留失败预期。,直接换成 npubin 后仍会遇到 NPU static 分派缺失；需后端实现和测试适配，不是已证明硬件不可实现。,当前首错是 cubin 缺失，尚未验证资源不足异常；不能写为 NPU shared memory OOM。,batch-01-results.json#test/inductor/test_static_triton_launcher.py::TestStaticTritonLauncher::test_high_shared_mem,batch-01-source-evidence.json#TestStaticTritonLauncher.test_high_shared_mem,2026-10-08,host_or_explicit_device,"{""failed"": 1}",完成
9,01,test_static_triton_launcher.py,TestStaticTritonLauncher,test_too_high_shared_mem,test/inductor/test_static_triton_launcher.py::TestStaticTritonLauncher::test_too_high_shared_mem,失败,测试 launcher 构造（Triton 首次调用之后）,测试待适配及 NPU static launcher 接口缺口,write_cubin_to_tmp 读取 kernel.asm[cubin] 报 KeyError；Ascend 输出 npubin。,NPU 与 CUDA 的二进制格式及加载接口不同；static 分派函数仅支持 cuda/hip/xpu。不能只改文件扩展名。 测试的 shared=50000/99999999 是 CUDA shared-memory 参数，不能等同 NPU UB 资源约束。,可开发 NPU 等价覆盖；当前接口不能原样通过,接入 NPU 二进制加载/卸载、参数 ABI 与 stream，然后按设备选择 launcher；fast 类还需 NPU fast 实现。 按 NPU kernel 元数据和资源上限设计等价资源测试，保留失败预期。,直接换成 npubin 后仍会遇到 NPU static 分派缺失；需后端实现和测试适配，不是已证明硬件不可实现。,当前首错是 cubin 缺失，尚未验证资源不足异常；不能写为 NPU shared memory OOM。,batch-01-results.json#test/inductor/test_static_triton_launcher.py::TestStaticTritonLauncher::test_too_high_shared_mem,batch-01-source-evidence.json#TestStaticTritonLauncher.test_too_high_shared_mem,2026-10-08,host_or_explicit_device,"{""failed"": 1}",完成
10,01,test_static_triton_launcher.py,TestStaticTritonLauncher,test_kernel_empty_tensor,test/inductor/test_static_triton_launcher.py::TestStaticTritonLauncher::test_kernel_empty_tensor,失败,测试 launcher 构造（Triton 首次调用之后）,测试待适配及 NPU static launcher 接口缺口,write_cubin_to_tmp 读取 kernel.asm[cubin] 报 KeyError；Ascend 输出 npubin。,NPU 与 CUDA 的二进制格式及加载接口不同；static 分派函数仅支持 cuda/hip/xpu。不能只改文件扩展名。,可开发 NPU 等价覆盖；当前接口不能原样通过,接入 NPU 二进制加载/卸载、参数 ABI 与 stream，然后按设备选择 launcher；fast 类还需 NPU fast 实现。,直接换成 npubin 后仍会遇到 NPU static 分派缺失；需后端实现和测试适配，不是已证明硬件不可实现。,未执行待测 static/fast launcher.run；不能判定参数、空 tensor 或零 grid 语义失败。,batch-01-results.json#test/inductor/test_static_triton_launcher.py::TestStaticTritonLauncher::test_kernel_empty_tensor,batch-01-source-evidence.json#TestStaticTritonLauncher.test_kernel_empty_tensor,2026-10-08,host_or_explicit_device,"{""failed"": 1}",完成
11,01,test_static_triton_launcher.py,TestStaticTritonLauncher,test_kernel_many_args,test/inductor/test_static_triton_launcher.py::TestStaticTritonLauncher::test_kernel_many_args,失败,测试 launcher 构造（Triton 首次调用之后）,测试待适配及 NPU static launcher 接口缺口,write_cubin_to_tmp 读取 kernel.asm[cubin] 报 KeyError；Ascend 输出 npubin。,NPU 与 CUDA 的二进制格式及加载接口不同；static 分派函数仅支持 cuda/hip/xpu。不能只改文件扩展名。,可开发 NPU 等价覆盖；当前接口不能原样通过,接入 NPU 二进制加载/卸载、参数 ABI 与 stream，然后按设备选择 launcher；fast 类还需 NPU fast 实现。,直接换成 npubin 后仍会遇到 NPU static 分派缺失；需后端实现和测试适配，不是已证明硬件不可实现。,未执行待测 static/fast launcher.run；不能判定参数、空 tensor 或零 grid 语义失败。 本项是 static 的 200 scalar 参数覆盖，不可套用 fast 的 MAX_ARGS=121 限制。,batch-01-results.json#test/inductor/test_static_triton_launcher.py::TestStaticTritonLauncher::test_kernel_many_args,batch-01-source-evidence.json#TestStaticTritonLauncher.test_kernel_many_args,2026-10-08,host_or_explicit_device,"{""failed"": 1}",完成
12,01,test_static_triton_launcher.py,TestStaticTritonLauncher,test_launcher_keeps_module_owner_alive_until_release,test/inductor/test_static_triton_launcher.py::TestStaticTritonLauncher::test_launcher_keeps_module_owner_alive_until_release,通过,无,原用例通过；覆盖范围需单独解读,无,见覆盖边界,不适用（原断言通过）,若用于 NPU launcher 验收，补对应路径的正向构造/调用断言。,不适用,仅 FakeKernelOwner/FakeImpl 的 Python 引用生命周期通过；未加载或卸载真实 NPU module。,batch-01-results.json#test/inductor/test_static_triton_launcher.py::TestStaticTritonLauncher::test_launcher_keeps_module_owner_alive_until_release,batch-01-source-evidence.json#TestStaticTritonLauncher.test_launcher_keeps_module_owner_alive_until_release,2026-10-08,host_or_explicit_device,"{""passed"": 1}",完成
13,01,test_static_triton_launcher.py,TestStaticTritonCompileResult,test_basic_compile,test/inductor/test_static_triton_launcher.py::TestStaticTritonCompileResult::test_basic_compile,通过,无,原用例通过；覆盖范围需单独解读,无,见覆盖边界,不适用（原断言通过）,若用于 NPU launcher 验收，补对应路径的正向构造/调用断言。,不适用,NPU eager/compiled 数值断言通过；原测试未断言 static launcher 被构造，不能计作 static 功能覆盖。 补充跟踪只记录到 TritonCompileResultNpu.make_launcher，未进入社区 static/fast 构造。,batch-01-results.json#test/inductor/test_static_triton_launcher.py::TestStaticTritonCompileResult::test_basic_compile; batch-01-launcher-trace.json#test/inductor/test_static_triton_launcher.py::TestStaticTritonCompileResult::test_basic_compile,batch-01-source-evidence.json#TestStaticTritonCompileResult.test_basic_compile,2026-10-08,host_or_explicit_device,"{""passed"": 1}",完成
14,01,test_static_triton_launcher.py,TestStaticTritonCompileResult,test_incompatible_code,test/inductor/test_static_triton_launcher.py::TestStaticTritonCompileResult::test_incompatible_code,失败,测试异常断言,NPU static 配置未接入/功能缺口,原测试要求 strict static 模式拒绝自定义 Triton kernel；实际编译执行未抛 InductorError。,默认 NPU _precompile_config 返回 TritonCompileResultNpu，不经过社区 StaticTritonCompileResult 的限制检查。,可修配置契约；需要 NPU static 实现或明确拒绝策略,接入 NPU static 编译分支及 strict 模式和 user-defined 开关；保留应抛异常的负向检查。,不能删除 assertRaises 或把普通执行成功记作修复；当前配置契约尚未接入。,是预期异常未发生，非自定义 Triton kernel 不能执行。,batch-01-results.json#test/inductor/test_static_triton_launcher.py::TestStaticTritonCompileResult::test_incompatible_code,batch-01-source-evidence.json#TestStaticTritonCompileResult.test_incompatible_code,2026-10-08,host_or_explicit_device,"{""failed"": 1}",完成
15,01,test_static_triton_launcher.py,TestStaticTritonCompileResult,test_static_launch_user_defined_triton_kernels,test/inductor/test_static_triton_launcher.py::TestStaticTritonCompileResult::test_static_launch_user_defined_triton_kernels,通过,无,原用例通过；覆盖范围需单独解读,无,见覆盖边界,不适用（原断言通过）,若用于 NPU launcher 验收，补对应路径的正向构造/调用断言。,不适用,NPU eager/compiled 数值断言通过；原测试未断言 static launcher 被构造，不能计作 static 功能覆盖。 补充跟踪只记录到 TritonCompileResultNpu.make_launcher，未进入社区 static/fast 构造。,batch-01-results.json#test/inductor/test_static_triton_launcher.py::TestStaticTritonCompileResult::test_static_launch_user_defined_triton_kernels; batch-01-launcher-trace.json#test/inductor/test_static_triton_launcher.py::TestStaticTritonCompileResult::test_static_launch_user_defined_triton_kernels,batch-01-source-evidence.json#TestStaticTritonCompileResult.test_static_launch_user_defined_triton_kernels,2026-10-08,host_or_explicit_device,"{""passed"": 1}",完成
16,01,test_static_triton_launcher.py,TestStaticTritonCompileResult,test_empty_tensor,test/inductor/test_static_triton_launcher.py::TestStaticTritonCompileResult::test_empty_tensor,通过,无,原用例通过；覆盖范围需单独解读,无,见覆盖边界,不适用（原断言通过）,若用于 NPU launcher 验收，补对应路径的正向构造/调用断言。,不适用,NPU eager/compiled 数值断言通过；原测试未断言 static launcher 被构造，不能计作 static 功能覆盖。,batch-01-results.json#test/inductor/test_static_triton_launcher.py::TestStaticTritonCompileResult::test_empty_tensor,batch-01-source-evidence.json#TestStaticTritonCompileResult.test_empty_tensor,2026-10-08,host_or_explicit_device,"{""passed"": 1}",完成
17,01,test_static_triton_launcher.py,TestStaticTritonCompileResult,test_any,test/inductor/test_static_triton_launcher.py::TestStaticTritonCompileResult::test_any,失败,Triton frontend 编译,当前 libdevice dtype 支持缺口,float64 输入在 CANN libdevice.isinf 的 extern_elementwise 类型映射查找失败：KeyError (triton.language.float64)。,当前 CANN isinf 映射没有 fp64 条目；与 generic libdevice 占位函数故障不同，不据此推断全部 NPU fp64 能力。,可研究保留 fp64 语义的实现；尚未验证,补 fp64 isinf lowering/实现或等价位模式判断，并复测 any/all 与 Inf；不能用强转 fp32 改变有限大数的 isinf 语义。,当前映射缺少 fp64，未补实现；改测试 dtype 为 float32 不满足原 float64 覆盖。,eager 已完成，compiled kernel 编译失败；尚未比较 compiled 结果，也未验证 static launcher。,batch-01-results.json#test/inductor/test_static_triton_launcher.py::TestStaticTritonCompileResult::test_any,batch-01-source-evidence.json#TestStaticTritonCompileResult.test_any,2026-10-08,host_or_explicit_device,"{""failed"": 1}",完成
18,01,test_static_triton_launcher.py,TestStaticTritonCompileResult,test_disable_static_triton_launcher,test/inductor/test_static_triton_launcher.py::TestStaticTritonCompileResult::test_disable_static_triton_launcher,通过,无,原用例通过；覆盖范围需单独解读,无,见覆盖边界,不适用（原断言通过）,若用于 NPU launcher 验收，补对应路径的正向构造/调用断言。,不适用,输出正确且社区 launcher 未被构造；NPU 本就不走该分支，不能证明开关可在 NPU 上启用/禁用对应功能。,batch-01-results.json#test/inductor/test_static_triton_launcher.py::TestStaticTritonCompileResult::test_disable_static_triton_launcher,batch-01-source-evidence.json#TestStaticTritonCompileResult.test_disable_static_triton_launcher,2026-10-08,host_or_explicit_device,"{""passed"": 1}",完成
19,01,test_static_triton_launcher.py,TestFastCudaLauncher,test_basic,test/inductor/test_static_triton_launcher.py::TestFastCudaLauncher::test_basic,失败,测试 launcher 构造（Triton 首次调用之后）,测试待适配及 NPU static launcher 接口缺口,write_cubin_to_tmp 读取 kernel.asm[cubin] 报 KeyError；Ascend 输出 npubin。,NPU 与 CUDA 的二进制格式及加载接口不同；static 分派函数仅支持 cuda/hip/xpu。不能只改文件扩展名。,可开发 NPU 等价覆盖；当前接口不能原样通过,接入 NPU 二进制加载/卸载、参数 ABI 与 stream，然后按设备选择 launcher；fast 类还需 NPU fast 实现。,直接换成 npubin 后仍会遇到 NPU static 分派缺失；需后端实现和测试适配，不是已证明硬件不可实现。,未执行待测 static/fast launcher.run；不能判定参数、空 tensor 或零 grid 语义失败。,batch-01-results.json#test/inductor/test_static_triton_launcher.py::TestFastCudaLauncher::test_basic,batch-01-source-evidence.json#TestFastCudaLauncher.test_basic,2026-10-08,host_or_explicit_device,"{""failed"": 1}",完成
20,01,test_static_triton_launcher.py,TestFastCudaLauncher,test_multiple_tensor_args,test/inductor/test_static_triton_launcher.py::TestFastCudaLauncher::test_multiple_tensor_args,失败,测试 launcher 构造（Triton 首次调用之后）,测试待适配及 NPU static launcher 接口缺口,write_cubin_to_tmp 读取 kernel.asm[cubin] 报 KeyError；Ascend 输出 npubin。,NPU 与 CUDA 的二进制格式及加载接口不同；static 分派函数仅支持 cuda/hip/xpu。不能只改文件扩展名。,可开发 NPU 等价覆盖；当前接口不能原样通过,接入 NPU 二进制加载/卸载、参数 ABI 与 stream，然后按设备选择 launcher；fast 类还需 NPU fast 实现。,直接换成 npubin 后仍会遇到 NPU static 分派缺失；需后端实现和测试适配，不是已证明硬件不可实现。,未执行待测 static/fast launcher.run；不能判定参数、空 tensor 或零 grid 语义失败。,batch-01-results.json#test/inductor/test_static_triton_launcher.py::TestFastCudaLauncher::test_multiple_tensor_args,batch-01-source-evidence.json#TestFastCudaLauncher.test_multiple_tensor_args,2026-10-08,host_or_explicit_device,"{""failed"": 1}",完成
21,01,test_static_triton_launcher.py,TestFastCudaLauncher,test_zero_grid,test/inductor/test_static_triton_launcher.py::TestFastCudaLauncher::test_zero_grid,失败,测试 launcher 构造（Triton 首次调用之后）,测试待适配及 NPU static launcher 接口缺口,write_cubin_to_tmp 读取 kernel.asm[cubin] 报 KeyError；Ascend 输出 npubin。,NPU 与 CUDA 的二进制格式及加载接口不同；static 分派函数仅支持 cuda/hip/xpu。不能只改文件扩展名。,可开发 NPU 等价覆盖；当前接口不能原样通过,接入 NPU 二进制加载/卸载、参数 ABI 与 stream，然后按设备选择 launcher；fast 类还需 NPU fast 实现。,直接换成 npubin 后仍会遇到 NPU static 分派缺失；需后端实现和测试适配，不是已证明硬件不可实现。,未执行待测 static/fast launcher.run；不能判定参数、空 tensor 或零 grid 语义失败。,batch-01-results.json#test/inductor/test_static_triton_launcher.py::TestFastCudaLauncher::test_zero_grid,batch-01-source-evidence.json#TestFastCudaLauncher.test_zero_grid,2026-10-08,host_or_explicit_device,"{""failed"": 1}",完成
22,01,test_static_triton_launcher.py,TestFastCudaLauncher,test_wrong_arg_count,test/inductor/test_static_triton_launcher.py::TestFastCudaLauncher::test_wrong_arg_count,失败,测试 launcher 构造（Triton 首次调用之后）,测试待适配及 NPU static launcher 接口缺口,write_cubin_to_tmp 读取 kernel.asm[cubin] 报 KeyError；Ascend 输出 npubin。,NPU 与 CUDA 的二进制格式及加载接口不同；static 分派函数仅支持 cuda/hip/xpu。不能只改文件扩展名。,可开发 NPU 等价覆盖；当前接口不能原样通过,接入 NPU 二进制加载/卸载、参数 ABI 与 stream，然后按设备选择 launcher；fast 类还需 NPU fast 实现。,直接换成 npubin 后仍会遇到 NPU static 分派缺失；需后端实现和测试适配，不是已证明硬件不可实现。,未执行待测 static/fast launcher.run；不能判定参数、空 tensor 或零 grid 语义失败。,batch-01-results.json#test/inductor/test_static_triton_launcher.py::TestFastCudaLauncher::test_wrong_arg_count,batch-01-source-evidence.json#TestFastCudaLauncher.test_wrong_arg_count,2026-10-08,host_or_explicit_device,"{""failed"": 1}",完成
23,01,test_static_triton_launcher.py,TestFastCudaLauncher,test_too_many_args_raises_value_error,test/inductor/test_static_triton_launcher.py::TestFastCudaLauncher::test_too_many_args_raises_value_error,失败,CUDA C 扩展导入,CUDA 专用接口不适用/当前构建缺失,from torch._C import _FastCudaLauncher 报 ImportError；当前 torch 为 2.13.0+cpu。,_FastCudaLauncher 接收 CUDA 函数句柄；该 CPU torch+torch_npu 构建不导出它。仅安装 CUDA 扩展不能用于 NPU 句柄。,原 CUDA 接口不可直接移植；可新增 NPU 等价测试,为 NPU fast launcher 实现和验证参数上限及 ValueError；上限需来自 NPU 实现，不能照搬 CUDA 的121。,缺少被测 C 扩展及 NPU 等价接口，尚未进入参数个数检查。,没有验证 130 参数时的 ValueError。,batch-01-results.json#test/inductor/test_static_triton_launcher.py::TestFastCudaLauncher::test_too_many_args_raises_value_error; batch-01-capability-probe.json,batch-01-source-evidence.json#TestFastCudaLauncher.test_too_many_args_raises_value_error,2026-10-08,host_or_explicit_device,"{""failed"": 1}",完成
24,01,test_static_triton_launcher.py,TestFastCudaLauncherCompileResult,test_basic_compile,test/inductor/test_static_triton_launcher.py::TestFastCudaLauncherCompileResult::test_basic_compile,失败,fast launcher 构造覆盖断言,NPU fast launcher 接入缺口,数值比较已通过，但 any(results) 为 False：没有构造 _FastCudaLauncher。,默认 NPU 编译路径采用自己的 launcher；当前构建无 CUDA _FastCudaLauncher。,可开发 NPU fast 路径并适配断言,实现并显式跟踪 NPU fast launcher 的构造和调用，同时保留 eager/compiled 数值检查。,改变 any(results) 期望或删断言会移除被测目标；本批未开发 NPU fast 接入。,x+y 数值正确不代表 fast launcher 已使用。 补充跟踪只记录到 TritonCompileResultNpu.make_launcher，未进入社区 static/fast 构造。,batch-01-results.json#test/inductor/test_static_triton_launcher.py::TestFastCudaLauncherCompileResult::test_basic_compile; batch-01-launcher-trace.json#test/inductor/test_static_triton_launcher.py::TestFastCudaLauncherCompileResult::test_basic_compile,batch-01-source-evidence.json#TestFastCudaLauncherCompileResult.test_basic_compile,2026-10-08,host_or_explicit_device,"{""failed"": 1}",完成
25,01,test_static_triton_launcher.py,TestFastCudaLauncherCompileResult,test_disable_fast_launcher,test/inductor/test_static_triton_launcher.py::TestFastCudaLauncherCompileResult::test_disable_fast_launcher,通过,无,原用例通过；覆盖范围需单独解读,无,见覆盖边界,不适用（原断言通过）,若用于 NPU launcher 验收，补对应路径的正向构造/调用断言。,不适用,输出正确且社区 launcher 未被构造；NPU 本就不走该分支，不能证明开关可在 NPU 上启用/禁用对应功能。 补充跟踪只记录到 TritonCompileResultNpu.make_launcher，未进入社区 static/fast 构造。,batch-01-results.json#test/inductor/test_static_triton_launcher.py::TestFastCudaLauncherCompileResult::test_disable_fast_launcher; batch-01-launcher-trace.json#test/inductor/test_static_triton_launcher.py::TestFastCudaLauncherCompileResult::test_disable_fast_launcher,batch-01-source-evidence.json#TestFastCudaLauncherCompileResult.test_disable_fast_launcher,2026-10-08,host_or_explicit_device,"{""passed"": 1}",完成
26,02,test_lookup_table.py,TestLookupTable,test_lookup_mismatch,test/inductor/test_lookup_table.py::TestLookupTable::test_lookup_mismatch,通过,无,原用例通过,无,当前 _get_device_key 只支持 cuda；需增加正向命中证据才能用于 NPU 查表功能验收。,不适用,保留当前断言，并增加 NPU key 非空、命中及模板选择的正向检查。,不适用,原断言通过；NPU lookup key 为 None，空表/无匹配或模型可运行不能证明实际命中并筛选 NPU 表项。,batch-02-results.json#test_lookup_table.py::test_lookup_mismatch,batch-02-source-evidence.json#test_lookup_table.py::test_lookup_mismatch; runtime-source-evidence.json#torch/_inductor/lookup_table/choices.py::_get_device_key,2026-10-08,host_or_explicit_device,"{""passed"": 1}",完成
27,02,test_lookup_table.py,TestLookupTable,test_successful_lookup_with_template_filtering,test/inductor/test_lookup_table.py::TestLookupTable::test_successful_lookup_with_template_filtering,失败,lookup key 生成/查表后的测试断言,NPU lookup table 功能接入缺口,_get_device_key 对非 cuda 返回 None；NPU 的 make_lookup_key/variants 为 None，查表返回 {}，触发键缺失、数量或应抛 ValueError 的断言。,当前社区 lookup table 用 CUDA/ROCm 设备标识，未接入 NPU；不是 NPU 硬件不能查表或过滤 hash。,可修复：实现 NPU 设备 key 和模板注册/查找契约,生成稳定 NPU 架构标识，接入 NPU 模板 UID/config，并保留设备优先级、hash 和非法配置验证。,只替换设备字符串不能补齐 key/模板契约；本批未开发并复测 NPU lookup 接入。,同一参数化组可能有返回空结果的负向实例通过，但正向查表失败，不能当作 hash 算法错误。,batch-02-results.json#test_lookup_table.py::test_successful_lookup_with_template_filtering,batch-02-source-evidence.json#test_lookup_table.py::test_successful_lookup_with_template_filtering; runtime-source-evidence.json#torch/_inductor/lookup_table/choices.py::_get_device_key,2026-10-08,host_or_explicit_device,"{""failed"": 1}",完成
28,02,test_lookup_table.py,TestLookupTable,test_empty_table,test/inductor/test_lookup_table.py::TestLookupTable::test_empty_table,通过,无,原用例通过,无,当前 _get_device_key 只支持 cuda；需增加正向命中证据才能用于 NPU 查表功能验收。,不适用,保留当前断言，并增加 NPU key 非空、命中及模板选择的正向检查。,不适用,原断言通过；NPU lookup key 为 None，空表/无匹配或模型可运行不能证明实际命中并筛选 NPU 表项。,batch-02-results.json#test_lookup_table.py::test_empty_table,batch-02-source-evidence.json#test_lookup_table.py::test_empty_table; runtime-source-evidence.json#torch/_inductor/lookup_table/choices.py::_get_device_key,2026-10-08,host_or_explicit_device,"{""passed"": 1}",完成
29,02,test_lookup_table.py,TestLookupTable,test_validation_error,test/inductor/test_lookup_table.py::TestLookupTable::test_validation_error,失败,lookup key 生成/查表后的测试断言,NPU lookup table 功能接入缺口,_get_device_key 对非 cuda 返回 None；NPU 的 make_lookup_key/variants 为 None，查表返回 {}，触发键缺失、数量或应抛 ValueError 的断言。,当前社区 lookup table 用 CUDA/ROCm 设备标识，未接入 NPU；不是 NPU 硬件不能查表或过滤 hash。,可修复：实现 NPU 设备 key 和模板注册/查找契约,生成稳定 NPU 架构标识，接入 NPU 模板 UID/config，并保留设备优先级、hash 和非法配置验证。,只替换设备字符串不能补齐 key/模板契约；本批未开发并复测 NPU lookup 接入。,同一参数化组可能有返回空结果的负向实例通过，但正向查表失败，不能当作 hash 算法错误。,batch-02-results.json#test_lookup_table.py::test_validation_error,batch-02-source-evidence.json#test_lookup_table.py::test_validation_error; runtime-source-evidence.json#torch/_inductor/lookup_table/choices.py::_get_device_key,2026-10-08,host_or_explicit_device,"{""failed"": 1}",完成
30,02,test_lookup_table.py,TestLookupTable,test_cpu_input_returns_empty,test/inductor/test_lookup_table.py::TestLookupTable::test_cpu_input_returns_empty,通过,无,原用例通过,无,当前 _get_device_key 只支持 cuda；需增加正向命中证据才能用于 NPU 查表功能验收。,不适用,保留当前断言，并增加 NPU key 非空、命中及模板选择的正向检查。,不适用,显式 CPU 输入返回空字典的负向契约通过，不是 NPU 查表正向覆盖。,batch-02-results.json#test_lookup_table.py::test_cpu_input_returns_empty,batch-02-source-evidence.json#test_lookup_table.py::test_cpu_input_returns_empty; runtime-source-evidence.json#torch/_inductor/lookup_table/choices.py::_get_device_key,2026-10-08,host_or_explicit_device,"{""passed"": 1}",完成
31,02,test_lookup_table.py,TestLookupTable,test_multiple_calls_work,test/inductor/test_lookup_table.py::TestLookupTable::test_multiple_calls_work,失败,lookup key 生成/查表后的测试断言,NPU lookup table 功能接入缺口,_get_device_key 对非 cuda 返回 None；NPU 的 make_lookup_key/variants 为 None，查表返回 {}，触发键缺失、数量或应抛 ValueError 的断言。,当前社区 lookup table 用 CUDA/ROCm 设备标识，未接入 NPU；不是 NPU 硬件不能查表或过滤 hash。,可修复：实现 NPU 设备 key 和模板注册/查找契约,生成稳定 NPU 架构标识，接入 NPU 模板 UID/config，并保留设备优先级、hash 和非法配置验证。,只替换设备字符串不能补齐 key/模板契约；本批未开发并复测 NPU lookup 接入。,同一参数化组可能有返回空结果的负向实例通过，但正向查表失败，不能当作 hash 算法错误。,batch-02-results.json#test_lookup_table.py::test_multiple_calls_work,batch-02-source-evidence.json#test_lookup_table.py::test_multiple_calls_work; runtime-source-evidence.json#torch/_inductor/lookup_table/choices.py::_get_device_key,2026-10-08,host_or_explicit_device,"{""failed"": 1}",完成
32,02,test_lookup_table.py,TestLookupTable,test_batch_lookup_mixed_entries,test/inductor/test_lookup_table.py::TestLookupTable::test_batch_lookup_mixed_entries,失败,lookup key 生成/查表后的测试断言,NPU lookup table 功能接入缺口,_get_device_key 对非 cuda 返回 None；NPU 的 make_lookup_key/variants 为 None，查表返回 {}，触发键缺失、数量或应抛 ValueError 的断言。,当前社区 lookup table 用 CUDA/ROCm 设备标识，未接入 NPU；不是 NPU 硬件不能查表或过滤 hash。,可修复：实现 NPU 设备 key 和模板注册/查找契约,生成稳定 NPU 架构标识，接入 NPU 模板 UID/config，并保留设备优先级、hash 和非法配置验证。,只替换设备字符串不能补齐 key/模板契约；本批未开发并复测 NPU lookup 接入。,同一参数化组可能有返回空结果的负向实例通过，但正向查表失败，不能当作 hash 算法错误。,batch-02-results.json#test_lookup_table.py::test_batch_lookup_mixed_entries,batch-02-source-evidence.json#test_lookup_table.py::test_batch_lookup_mixed_entries; runtime-source-evidence.json#torch/_inductor/lookup_table/choices.py::_get_device_key,2026-10-08,host_or_explicit_device,"{""failed"": 1}",完成
33,02,test_lookup_table.py,TestLookupTable,test_template_hash_checking,test/inductor/test_lookup_table.py::TestLookupTable::test_template_hash_checking_config_hash2_template_hash_hash123_expected_kept_True; test/inductor/test_lookup_table.py::TestLookupTable::test_template_hash_checking_config_hash4_template_hash4_expected_kept_True; test/inductor/test_lookup_table.py::TestLookupTable::test_template_hash_checking_config_hash_hash123_template_hash3_expected_kept_True; test/inductor/test_lookup_table.py::TestLookupTable::test_template_hash_checking_config_hash_hash123_template_hash_hash123_expected_kept_True; test/inductor/test_lookup_table.py::TestLookupTable::test_template_hash_checking_config_hash_hash123_template_hash_hash456_expected_kept_False,失败,lookup key 生成/查表后的测试断言,NPU lookup table 功能接入缺口,_get_device_key 对非 cuda 返回 None；NPU 的 make_lookup_key/variants 为 None，查表返回 {}，触发键缺失、数量或应抛 ValueError 的断言。,当前社区 lookup table 用 CUDA/ROCm 设备标识，未接入 NPU；不是 NPU 硬件不能查表或过滤 hash。,可修复：实现 NPU 设备 key 和模板注册/查找契约,生成稳定 NPU 架构标识，接入 NPU 模板 UID/config，并保留设备优先级、hash 和非法配置验证。,只替换设备字符串不能补齐 key/模板契约；本批未开发并复测 NPU lookup 接入。,同一参数化组可能有返回空结果的负向实例通过，但正向查表失败，不能当作 hash 算法错误。,batch-02-results.json#test_lookup_table.py::test_template_hash_checking,batch-02-source-evidence.json#test_lookup_table.py::test_template_hash_checking; runtime-source-evidence.json#torch/_inductor/lookup_table/choices.py::_get_device_key,2026-10-08,host_or_explicit_device,"{""failed"": 4, ""passed"": 1}",完成
34,02,test_lookup_table.py,TestLookupTable,test_template_hash_checking_disabled,test/inductor/test_lookup_table.py::TestLookupTable::test_template_hash_checking_disabled,失败,lookup key 生成/查表后的测试断言,NPU lookup table 功能接入缺口,_get_device_key 对非 cuda 返回 None；NPU 的 make_lookup_key/variants 为 None，查表返回 {}，触发键缺失、数量或应抛 ValueError 的断言。,当前社区 lookup table 用 CUDA/ROCm 设备标识，未接入 NPU；不是 NPU 硬件不能查表或过滤 hash。,可修复：实现 NPU 设备 key 和模板注册/查找契约,生成稳定 NPU 架构标识，接入 NPU 模板 UID/config，并保留设备优先级、hash 和非法配置验证。,只替换设备字符串不能补齐 key/模板契约；本批未开发并复测 NPU lookup 接入。,同一参数化组可能有返回空结果的负向实例通过，但正向查表失败，不能当作 hash 算法错误。,batch-02-results.json#test_lookup_table.py::test_template_hash_checking_disabled,batch-02-source-evidence.json#test_lookup_table.py::test_template_hash_checking_disabled; runtime-source-evidence.json#torch/_inductor/lookup_table/choices.py::_get_device_key,2026-10-08,host_or_explicit_device,"{""failed"": 1}",完成
35,02,test_lookup_table.py,TestLookupTable,test_template_hash_mixed_scenarios,test/inductor/test_lookup_table.py::TestLookupTable::test_template_hash_mixed_scenarios,失败,lookup key 生成/查表后的测试断言,NPU lookup table 功能接入缺口,_get_device_key 对非 cuda 返回 None；NPU 的 make_lookup_key/variants 为 None，查表返回 {}，触发键缺失、数量或应抛 ValueError 的断言。,当前社区 lookup table 用 CUDA/ROCm 设备标识，未接入 NPU；不是 NPU 硬件不能查表或过滤 hash。,可修复：实现 NPU 设备 key 和模板注册/查找契约,生成稳定 NPU 架构标识，接入 NPU 模板 UID/config，并保留设备优先级、hash 和非法配置验证。,只替换设备字符串不能补齐 key/模板契约；本批未开发并复测 NPU lookup 接入。,同一参数化组可能有返回空结果的负向实例通过，但正向查表失败，不能当作 hash 算法错误。,batch-02-results.json#test_lookup_table.py::test_template_hash_mixed_scenarios,batch-02-source-evidence.json#test_lookup_table.py::test_template_hash_mixed_scenarios; runtime-source-evidence.json#torch/_inductor/lookup_table/choices.py::_get_device_key,2026-10-08,host_or_explicit_device,"{""failed"": 1}",完成
36,02,test_lookup_table.py,TestLookupTable,test_hash_checking_disabled_edge_cases,test/inductor/test_lookup_table.py::TestLookupTable::test_hash_checking_disabled_edge_cases_config_hash3_description_missing hash field; test/inductor/test_lookup_table.py::TestLookupTable::test_hash_checking_disabled_edge_cases_config_hash_12345_description_non-string hash; test/inductor/test_lookup_table.py::TestLookupTable::test_hash_checking_disabled_edge_cases_config_hash__description_empty string hash; test/inductor/test_lookup_table.py::TestLookupTable::test_hash_checking_disabled_edge_cases_config_hash_definitely_malformed_hash_!@#$%_description_malformed hash,失败,lookup key 生成/查表后的测试断言,NPU lookup table 功能接入缺口,_get_device_key 对非 cuda 返回 None；NPU 的 make_lookup_key/variants 为 None，查表返回 {}，触发键缺失、数量或应抛 ValueError 的断言。,当前社区 lookup table 用 CUDA/ROCm 设备标识，未接入 NPU；不是 NPU 硬件不能查表或过滤 hash。,可修复：实现 NPU 设备 key 和模板注册/查找契约,生成稳定 NPU 架构标识，接入 NPU 模板 UID/config，并保留设备优先级、hash 和非法配置验证。,只替换设备字符串不能补齐 key/模板契约；本批未开发并复测 NPU lookup 接入。,同一参数化组可能有返回空结果的负向实例通过，但正向查表失败，不能当作 hash 算法错误。,batch-02-results.json#test_lookup_table.py::test_hash_checking_disabled_edge_cases,batch-02-source-evidence.json#test_lookup_table.py::test_hash_checking_disabled_edge_cases; runtime-source-evidence.json#torch/_inductor/lookup_table/choices.py::_get_device_key,2026-10-08,host_or_explicit_device,"{""failed"": 4}",完成
37,02,test_lookup_table.py,TestLookupTable,test_device_key_lookup_scenarios,test/inductor/test_lookup_table.py::TestLookupTable::test_device_key_lookup_scenarios_table_has_device_key_False_lookup_device_matches_False_expected_found_True; test/inductor/test_lookup_table.py::TestLookupTable::test_device_key_lookup_scenarios_table_has_device_key_False_lookup_device_matches_True_expected_found_True; test/inductor/test_lookup_table.py::TestLookupTable::test_device_key_lookup_scenarios_table_has_device_key_True_lookup_device_matches_False_expected_found_False; test/inductor/test_lookup_table.py::TestLookupTable::test_device_key_lookup_scenarios_table_has_device_key_True_lookup_device_matches_True_expected_found_True,失败,lookup key 生成/查表后的测试断言,NPU lookup table 功能接入缺口,_get_device_key 对非 cuda 返回 None；NPU 的 make_lookup_key/variants 为 None，查表返回 {}，触发键缺失、数量或应抛 ValueError 的断言。,当前社区 lookup table 用 CUDA/ROCm 设备标识，未接入 NPU；不是 NPU 硬件不能查表或过滤 hash。,可修复：实现 NPU 设备 key 和模板注册/查找契约,生成稳定 NPU 架构标识，接入 NPU 模板 UID/config，并保留设备优先级、hash 和非法配置验证。,只替换设备字符串不能补齐 key/模板契约；本批未开发并复测 NPU lookup 接入。,同一参数化组可能有返回空结果的负向实例通过，但正向查表失败，不能当作 hash 算法错误。,batch-02-results.json#test_lookup_table.py::test_device_key_lookup_scenarios,batch-02-source-evidence.json#test_lookup_table.py::test_device_key_lookup_scenarios; runtime-source-evidence.json#torch/_inductor/lookup_table/choices.py::_get_device_key,2026-10-08,host_or_explicit_device,"{""failed"": 3, ""passed"": 1}",完成
38,02,test_lookup_table.py,TestLookupTable,test_device_key_priority,test/inductor/test_lookup_table.py::TestLookupTable::test_device_key_priority,失败,lookup key 生成/查表后的测试断言,NPU lookup table 功能接入缺口,_get_device_key 对非 cuda 返回 None；NPU 的 make_lookup_key/variants 为 None，查表返回 {}，触发键缺失、数量或应抛 ValueError 的断言。,当前社区 lookup table 用 CUDA/ROCm 设备标识，未接入 NPU；不是 NPU 硬件不能查表或过滤 hash。,可修复：实现 NPU 设备 key 和模板注册/查找契约,生成稳定 NPU 架构标识，接入 NPU 模板 UID/config，并保留设备优先级、hash 和非法配置验证。,只替换设备字符串不能补齐 key/模板契约；本批未开发并复测 NPU lookup 接入。,同一参数化组可能有返回空结果的负向实例通过，但正向查表失败，不能当作 hash 算法错误。,batch-02-results.json#test_lookup_table.py::test_device_key_priority,batch-02-source-evidence.json#test_lookup_table.py::test_device_key_priority; runtime-source-evidence.json#torch/_inductor/lookup_table/choices.py::_get_device_key,2026-10-08,host_or_explicit_device,"{""failed"": 1}",完成
39,02,test_lookup_table.py,TestLookupTable,test_make_lookup_key_variants,test/inductor/test_lookup_table.py::TestLookupTable::test_make_lookup_key_variants,失败,lookup key 生成/查表后的测试断言,NPU lookup table 功能接入缺口,_get_device_key 对非 cuda 返回 None；NPU 的 make_lookup_key/variants 为 None，查表返回 {}，触发键缺失、数量或应抛 ValueError 的断言。,当前社区 lookup table 用 CUDA/ROCm 设备标识，未接入 NPU；不是 NPU 硬件不能查表或过滤 hash。,可修复：实现 NPU 设备 key 和模板注册/查找契约,生成稳定 NPU 架构标识，接入 NPU 模板 UID/config，并保留设备优先级、hash 和非法配置验证。,只替换设备字符串不能补齐 key/模板契约；本批未开发并复测 NPU lookup 接入。,同一参数化组可能有返回空结果的负向实例通过，但正向查表失败，不能当作 hash 算法错误。,batch-02-results.json#test_lookup_table.py::test_make_lookup_key_variants,batch-02-source-evidence.json#test_lookup_table.py::test_make_lookup_key_variants; runtime-source-evidence.json#torch/_inductor/lookup_table/choices.py::_get_device_key,2026-10-08,host_or_explicit_device,"{""failed"": 1}",完成
40,02,test_lookup_table.py,TestLookupTableE2E,test_no_lookup_table_entry_autotune_modes,test/inductor/test_lookup_table.py::TestLookupTableE2E::test_no_lookup_table_entry_autotune_modes_max_autotune_False; test/inductor/test_lookup_table.py::TestLookupTableE2E::test_no_lookup_table_entry_autotune_modes_max_autotune_True,通过,无,原用例通过,无,当前 _get_device_key 只支持 cuda；需增加正向命中证据才能用于 NPU 查表功能验收。,不适用,保留当前断言，并增加 NPU key 非空、命中及模板选择的正向检查。,不适用,原断言通过；NPU lookup key 为 None，空表/无匹配或模型可运行不能证明实际命中并筛选 NPU 表项。,batch-02-results.json#test_lookup_table.py::test_no_lookup_table_entry_autotune_modes,batch-02-source-evidence.json#test_lookup_table.py::test_no_lookup_table_entry_autotune_modes; runtime-source-evidence.json#torch/_inductor/lookup_table/choices.py::_get_device_key,2026-10-08,host_or_explicit_device,"{""passed"": 2}",完成
41,02,test_lookup_table.py,TestLookupTableE2E,test_valid_lookup_table_entry,test/inductor/test_lookup_table.py::TestLookupTableE2E::test_valid_lookup_table_entry_operation_addmm; test/inductor/test_lookup_table.py::TestLookupTableE2E::test_valid_lookup_table_entry_operation_bmm; test/inductor/test_lookup_table.py::TestLookupTableE2E::test_valid_lookup_table_entry_operation_mm; test/inductor/test_lookup_table.py::TestLookupTableE2E::test_valid_lookup_table_entry_operation_mm_plus_mm,通过,无,原用例通过,无,当前 _get_device_key 只支持 cuda；需增加正向命中证据才能用于 NPU 查表功能验收。,不适用,保留当前断言，并增加 NPU key 非空、命中及模板选择的正向检查。,不适用,原断言通过；NPU lookup key 为 None，空表/无匹配或模型可运行不能证明实际命中并筛选 NPU 表项。,batch-02-results.json#test_lookup_table.py::test_valid_lookup_table_entry,batch-02-source-evidence.json#test_lookup_table.py::test_valid_lookup_table_entry; runtime-source-evidence.json#torch/_inductor/lookup_table/choices.py::_get_device_key,2026-10-08,host_or_explicit_device,"{""passed"": 4}",完成
42,02,test_lookup_table.py,TestLookupTableE2E,test_tma_lookup_table_entry,test/inductor/test_lookup_table.py::TestLookupTableE2E::test_tma_lookup_table_entry_operation_addmm; test/inductor/test_lookup_table.py::TestLookupTableE2E::test_tma_lookup_table_entry_operation_mm,跳过,pytest setup skip,原测试 TMA 条件不满足,"@skipIf(not has_triton_tma_device(), ""Need TMA support"") 跳过。",测试针对社区 TMA 矩阵乘模板及 descriptor；现有能力检测未将目标 NPU 判为支持。,需 NPU 等价模板/能力接入；不能直接取消 skip,先定义 NPU 对应的数据搬运和模板契约，再适配多配置/混合模板验证。,未执行测试体；没有证据证明照搬 CUDA TMA 模板可行。,skip 不是通过，也不是 NPU 硬件永久无法实现等价功能的证据。,batch-02-results.json#test_lookup_table.py::test_tma_lookup_table_entry,batch-02-source-evidence.json#test_lookup_table.py::test_tma_lookup_table_entry; runtime-source-evidence.json#torch/_inductor/lookup_table/choices.py::_get_device_key,2026-10-08,host_or_explicit_device,"{""skipped"": 2}",完成
43,02,test_lookup_table.py,TestLookupTableE2E,test_decompose_k_lookup_table_entry,test/inductor/test_lookup_table.py::TestLookupTableE2E::test_decompose_k_lookup_table_entry,通过,无,原用例通过,无,当前 _get_device_key 只支持 cuda；需增加正向命中证据才能用于 NPU 查表功能验收。,不适用,保留当前断言，并增加 NPU key 非空、命中及模板选择的正向检查。,不适用,原断言通过；NPU lookup key 为 None，空表/无匹配或模型可运行不能证明实际命中并筛选 NPU 表项。,batch-02-results.json#test_lookup_table.py::test_decompose_k_lookup_table_entry,batch-02-source-evidence.json#test_lookup_table.py::test_decompose_k_lookup_table_entry; runtime-source-evidence.json#torch/_inductor/lookup_table/choices.py::_get_device_key,2026-10-08,host_or_explicit_device,"{""passed"": 1}",完成
44,02,test_lookup_table.py,TestLookupTableE2E,test_bias_addmm_lookup_table_entry,test/inductor/test_lookup_table.py::TestLookupTableE2E::test_bias_addmm_lookup_table_entry,失败,Inductor cudagraph allocator 能力检查,待修复 bug：transfer CUDA allocator 接口未适配,mode=max-autotune 开启图捕获路径；check_caching_allocator_for_cudagraphs 调用 torch._C._cuda_cudaCachingAllocator_is_enabled，CPU torch 构建无该符号。,transfer 后 torch.cuda.is_available 为 NPU 可用，但 torch._C 的 CUDA 扩展不会随之变成 NPU 接口。,可修复适配；后续 lookup 契约仍需验证,将 allocator/capture 能力检查接入 NPU 对应实现；保留图捕获测试目标并验证缓存分配器语义。,本批未修改图捕获适配；关闭 cudagraphs 可绕过入口但不等于原 max-autotune 路径修复。,尚未验证 bias_addmm 表项选择与 compiled 输出。,batch-02-results.json#test_lookup_table.py::test_bias_addmm_lookup_table_entry,batch-02-source-evidence.json#test_lookup_table.py::test_bias_addmm_lookup_table_entry; runtime-source-evidence.json#torch/_inductor/lookup_table/choices.py::_get_device_key; runtime-source-evidence.json#torch/_inductor/cudagraph_utils.py::check_caching_allocator_for_cudagraphs,2026-10-08,host_or_explicit_device,"{""failed"": 1}",完成
45,02,test_lookup_table.py,TestLookupTableE2E,test_multiple_configs_same_template,test/inductor/test_lookup_table.py::TestLookupTableE2E::test_multiple_configs_same_template,跳过,pytest setup skip,原测试 TMA 条件不满足,"@skipIf(not has_triton_tma_device(), ""Need TMA support"") 跳过。",测试针对社区 TMA 矩阵乘模板及 descriptor；现有能力检测未将目标 NPU 判为支持。,需 NPU 等价模板/能力接入；不能直接取消 skip,先定义 NPU 对应的数据搬运和模板契约，再适配多配置/混合模板验证。,未执行测试体；没有证据证明照搬 CUDA TMA 模板可行。,skip 不是通过，也不是 NPU 硬件永久无法实现等价功能的证据。,batch-02-results.json#test_lookup_table.py::test_multiple_configs_same_template,batch-02-source-evidence.json#test_lookup_table.py::test_multiple_configs_same_template; runtime-source-evidence.json#torch/_inductor/lookup_table/choices.py::_get_device_key,2026-10-08,host_or_explicit_device,"{""skipped"": 1}",完成
46,02,test_lookup_table.py,TestLookupTableE2E,test_mixed_template_configs,test/inductor/test_lookup_table.py::TestLookupTableE2E::test_mixed_template_configs,跳过,pytest setup skip,原测试 TMA 条件不满足,"@skipIf(not has_triton_tma_device(), ""Need TMA support"") 跳过。",测试针对社区 TMA 矩阵乘模板及 descriptor；现有能力检测未将目标 NPU 判为支持。,需 NPU 等价模板/能力接入；不能直接取消 skip,先定义 NPU 对应的数据搬运和模板契约，再适配多配置/混合模板验证。,未执行测试体；没有证据证明照搬 CUDA TMA 模板可行。,skip 不是通过，也不是 NPU 硬件永久无法实现等价功能的证据。,batch-02-results.json#test_lookup_table.py::test_mixed_template_configs,batch-02-source-evidence.json#test_lookup_table.py::test_mixed_template_configs; runtime-source-evidence.json#torch/_inductor/lookup_table/choices.py::_get_device_key,2026-10-08,host_or_explicit_device,"{""skipped"": 1}",完成
47,02,test_lookup_table.py,TestLookupTableE2E,test_template_hash_filtering_e2e,test/inductor/test_lookup_table.py::TestLookupTableE2E::test_template_hash_filtering_e2e,通过,无,原用例通过,无,当前 _get_device_key 只支持 cuda；需增加正向命中证据才能用于 NPU 查表功能验收。,不适用,保留当前断言，并增加 NPU key 非空、命中及模板选择的正向检查。,不适用,原断言通过；NPU lookup key 为 None，空表/无匹配或模型可运行不能证明实际命中并筛选 NPU 表项。,batch-02-results.json#test_lookup_table.py::test_template_hash_filtering_e2e,batch-02-source-evidence.json#test_lookup_table.py::test_template_hash_filtering_e2e; runtime-source-evidence.json#torch/_inductor/lookup_table/choices.py::_get_device_key,2026-10-08,host_or_explicit_device,"{""passed"": 1}",完成
48,03,test_utils.py,TestUtilsCUDA,test_flops_fx,test/inductor/test_utils.py::TestUtilsCUDA::test_flops_fx_cuda,失败,测试体外 CUDA non-default-stream policy,待修复 bug：测试基础设施 transfer 适配,TestUtilsCUDA 包装器进入 CudaNonDefaultStream.__enter__，直接调用缺失的 torch._C._cuda_setStream。,torch.cuda 被映射为 NPU，但测试公共模块中的 CUDA C 接口仍未替换；不是 FLOPs 估计函数本身已失败。,可适配 NPU 测试基类/stream policy；函数结果待验证,为此文件生成原生 NPU 测试类，或把 stream 设置/恢复对接 NPU 公共接口并保留非默认流检查。,本轮原文件仅生成 CUDA/CPU 测试类，CUDA包装器在测试体之前失败；尚未补基础设施再测。,call 报错来自装饰器；尚未执行 FLOPs/TFLOPs 断言。,batch-03-results.json#test_utils.py::test_flops_fx,batch-03-source-evidence.json#test_utils.py::test_flops_fx; runtime-source-evidence.json#torch/testing/_internal/common_utils.py::CudaNonDefaultStream,2026-10-08,npu,"{""failed"": 1}",完成
49,03,test_utils.py,TestUtilsCUDA,test_get_device_tflops,test/inductor/test_utils.py::TestUtilsCUDA::test_get_device_tflops_cuda_bfloat16; test/inductor/test_utils.py::TestUtilsCUDA::test_get_device_tflops_cuda_float16; test/inductor/test_utils.py::TestUtilsCUDA::test_get_device_tflops_cuda_float32,失败,测试体外 CUDA non-default-stream policy,待修复 bug：测试基础设施 transfer 适配,TestUtilsCUDA 包装器进入 CudaNonDefaultStream.__enter__，直接调用缺失的 torch._C._cuda_setStream。,torch.cuda 被映射为 NPU，但测试公共模块中的 CUDA C 接口仍未替换；不是 FLOPs 估计函数本身已失败。,可适配 NPU 测试基类/stream policy；函数结果待验证,为此文件生成原生 NPU 测试类，或把 stream 设置/恢复对接 NPU 公共接口并保留非默认流检查。,本轮原文件仅生成 CUDA/CPU 测试类，CUDA包装器在测试体之前失败；尚未补基础设施再测。,call 报错来自装饰器；尚未执行 FLOPs/TFLOPs 断言。,batch-03-results.json#test_utils.py::test_get_device_tflops,batch-03-source-evidence.json#test_utils.py::test_get_device_tflops; runtime-source-evidence.json#torch/testing/_internal/common_utils.py::CudaNonDefaultStream,2026-10-08,npu,"{""failed"": 3}",完成
50,03,test_utils.py,TestFP4Support,test_ensure_fp4_dtype_registered,test/inductor/test_utils.py::TestFP4Support::test_ensure_fp4_dtype_registered,跳过,pytest setup skip,CUTLASS 测试依赖不满足,原 skip 条件要求 CUDA 可用且安装 cutlass_api；当前缺少 cutlass_api，测试体跳过。,该用例测试 torch dtype 到 NVIDIA CUTLASS 类型的映射，不等价于 NPU FP4 算子支持。,可在具备 CUTLASS 依赖的环境验证原目标；NPU FP4 需另测,保留依赖条件；若看护 NPU FP4，应验证 NPU 的类型映射、算子和生成代码。,未安装额外 CUDA 专用依赖，也未强行取消 skip。,未执行 _ensure_fp4_dtype_registered 或 cutlass Float4E2M1FN 断言。,batch-03-results.json#test_utils.py::test_ensure_fp4_dtype_registered,batch-03-source-evidence.json#test_utils.py::test_ensure_fp4_dtype_registered,2026-10-08,host_or_explicit_device,"{""skipped"": 1}",完成
51,03,test_inplacing_pass.py,TestReinplacingPassCorrectness,test_dont_modify_live,test/inductor/test_inplacing_pass.py::TestReinplacingPassCorrectness::test_dont_modify_live,失败,eager 参考执行/index_put 输入检查,测试输入设备契约待适配,全局 const=torch.tensor(0.0) 位于 CPU；_test 创建 NPU x/y，f(*inp) 中 index_put/index_put_ 拒绝跨设备 value。编译函数尚未执行。,该 NPU index_put 路径要求 value 为 NPU tensor，原测试使用 CPU 标量 tensor 的 CUDA 行为不能直接套用。,可做测试设备适配；完整修复待复测,将同值标量 fixture 放在被测设备，保留输入突变、alias 和输出比较；若要求 CPU 标量兼容则修算子包装层。,本批只运行原 fixture；尚无设备适配后的复测，不能据 eager 输入失败断言 reinplace pass 有 bug。,未进入 nf(*inp2)，未检验编译后的 reinplace 决策。,batch-03-results.json#test_inplacing_pass.py::test_dont_modify_live,batch-03-source-evidence.json#test_inplacing_pass.py::test_dont_modify_live; batch-03-source-evidence.json#test_inplacing_pass.py::_test; batch-03-source-evidence.json#test_inplacing_pass.py::const,2026-10-08,host_or_explicit_device,"{""failed"": 1}",完成
52,03,test_inplacing_pass.py,TestReinplacingPassCorrectness,test_dont_modify_view_of_live,test/inductor/test_inplacing_pass.py::TestReinplacingPassCorrectness::test_dont_modify_view_of_live,失败,eager 参考执行/index_put 输入检查,测试输入设备契约待适配,全局 const=torch.tensor(0.0) 位于 CPU；_test 创建 NPU x/y，f(*inp) 中 index_put/index_put_ 拒绝跨设备 value。编译函数尚未执行。,该 NPU index_put 路径要求 value 为 NPU tensor，原测试使用 CPU 标量 tensor 的 CUDA 行为不能直接套用。,可做测试设备适配；完整修复待复测,将同值标量 fixture 放在被测设备，保留输入突变、alias 和输出比较；若要求 CPU 标量兼容则修算子包装层。,本批只运行原 fixture；尚无设备适配后的复测，不能据 eager 输入失败断言 reinplace pass 有 bug。,未进入 nf(*inp2)，未检验编译后的 reinplace 决策。,batch-03-results.json#test_inplacing_pass.py::test_dont_modify_view_of_live,batch-03-source-evidence.json#test_inplacing_pass.py::test_dont_modify_view_of_live; batch-03-source-evidence.json#test_inplacing_pass.py::_test; batch-03-source-evidence.json#test_inplacing_pass.py::const,2026-10-08,host_or_explicit_device,"{""failed"": 1}",完成
53,03,test_inplacing_pass.py,TestReinplacingPassCorrectness,test_dont_modify_input,test/inductor/test_inplacing_pass.py::TestReinplacingPassCorrectness::test_dont_modify_input,失败,eager 参考执行/index_put 输入检查,测试输入设备契约待适配,全局 const=torch.tensor(0.0) 位于 CPU；_test 创建 NPU x/y，f(*inp) 中 index_put/index_put_ 拒绝跨设备 value。编译函数尚未执行。,该 NPU index_put 路径要求 value 为 NPU tensor，原测试使用 CPU 标量 tensor 的 CUDA 行为不能直接套用。,可做测试设备适配；完整修复待复测,将同值标量 fixture 放在被测设备，保留输入突变、alias 和输出比较；若要求 CPU 标量兼容则修算子包装层。,本批只运行原 fixture；尚无设备适配后的复测，不能据 eager 输入失败断言 reinplace pass 有 bug。,未进入 nf(*inp2)，未检验编译后的 reinplace 决策。,batch-03-results.json#test_inplacing_pass.py::test_dont_modify_input,batch-03-source-evidence.json#test_inplacing_pass.py::test_dont_modify_input; batch-03-source-evidence.json#test_inplacing_pass.py::_test; batch-03-source-evidence.json#test_inplacing_pass.py::const,2026-10-08,host_or_explicit_device,"{""failed"": 1}",完成
54,03,test_inplacing_pass.py,TestReinplacingPassCorrectness,test_should_modify_inner,test/inductor/test_inplacing_pass.py::TestReinplacingPassCorrectness::test_should_modify_inner,失败,eager 参考执行/index_put 输入检查,测试输入设备契约待适配,全局 const=torch.tensor(0.0) 位于 CPU；_test 创建 NPU x/y，f(*inp) 中 index_put/index_put_ 拒绝跨设备 value。编译函数尚未执行。,该 NPU index_put 路径要求 value 为 NPU tensor，原测试使用 CPU 标量 tensor 的 CUDA 行为不能直接套用。,可做测试设备适配；完整修复待复测,将同值标量 fixture 放在被测设备，保留输入突变、alias 和输出比较；若要求 CPU 标量兼容则修算子包装层。,本批只运行原 fixture；尚无设备适配后的复测，不能据 eager 输入失败断言 reinplace pass 有 bug。,未进入 nf(*inp2)，未检验编译后的 reinplace 决策。,batch-03-results.json#test_inplacing_pass.py::test_should_modify_inner,batch-03-source-evidence.json#test_inplacing_pass.py::test_should_modify_inner; batch-03-source-evidence.json#test_inplacing_pass.py::_test; batch-03-source-evidence.json#test_inplacing_pass.py::const,2026-10-08,host_or_explicit_device,"{""failed"": 1}",完成
55,03,test_inplacing_pass.py,TestReinplacingPassCorrectness,test_should_modify_input,test/inductor/test_inplacing_pass.py::TestReinplacingPassCorrectness::test_should_modify_input,失败,eager 参考执行/index_put 输入检查,测试输入设备契约待适配,全局 const=torch.tensor(0.0) 位于 CPU；_test 创建 NPU x/y，f(*inp) 中 index_put/index_put_ 拒绝跨设备 value。编译函数尚未执行。,该 NPU index_put 路径要求 value 为 NPU tensor，原测试使用 CPU 标量 tensor 的 CUDA 行为不能直接套用。,可做测试设备适配；完整修复待复测,将同值标量 fixture 放在被测设备，保留输入突变、alias 和输出比较；若要求 CPU 标量兼容则修算子包装层。,本批只运行原 fixture；尚无设备适配后的复测，不能据 eager 输入失败断言 reinplace pass 有 bug。,未进入 nf(*inp2)，未检验编译后的 reinplace 决策。,batch-03-results.json#test_inplacing_pass.py::test_should_modify_input,batch-03-source-evidence.json#test_inplacing_pass.py::test_should_modify_input; batch-03-source-evidence.json#test_inplacing_pass.py::_test; batch-03-source-evidence.json#test_inplacing_pass.py::const,2026-10-08,host_or_explicit_device,"{""failed"": 1}",完成
56,03,test_inplacing_pass.py,TestReinplacingPassCorrectness,test_multi_output_intermediate,test/inductor/test_inplacing_pass.py::TestReinplacingPassCorrectness::test_multi_output_intermediate,通过,无,原用例通过,无,未观察到失败,不适用,无,不适用,选中实例全部执行原测试断言；输入、dtype 和分支范围见对应测试源码。,batch-03-results.json#test_inplacing_pass.py::test_multi_output_intermediate,batch-03-source-evidence.json#test_inplacing_pass.py::test_multi_output_intermediate,2026-10-08,host_or_explicit_device,"{""passed"": 1}",完成
57,03,test_inplacing_pass.py,TestReinplacingPassCorrectness,test_multiple_mutations,test/inductor/test_inplacing_pass.py::TestReinplacingPassCorrectness::test_multiple_mutations,通过,无,原用例通过,无,未观察到失败,不适用,无,不适用,选中实例全部执行原测试断言；输入、dtype 和分支范围见对应测试源码。,batch-03-results.json#test_inplacing_pass.py::test_multiple_mutations,batch-03-source-evidence.json#test_inplacing_pass.py::test_multiple_mutations,2026-10-08,host_or_explicit_device,"{""passed"": 1}",完成
58,03,test_inplacing_pass.py,TestReinplacingPassCorrectness,test_multiple_intermediate,test/inductor/test_inplacing_pass.py::TestReinplacingPassCorrectness::test_multiple_intermediate,通过,无,原用例通过,无,未观察到失败,不适用,无,不适用,选中实例全部执行原测试断言；输入、dtype 和分支范围见对应测试源码。,batch-03-results.json#test_inplacing_pass.py::test_multiple_intermediate,batch-03-source-evidence.json#test_inplacing_pass.py::test_multiple_intermediate,2026-10-08,host_or_explicit_device,"{""passed"": 1}",完成
59,03,test_inplacing_pass.py,TestReinplacingPassCorrectness,test_lists_functionalize_v2,test/inductor/test_inplacing_pass.py::TestReinplacingPassCorrectness::test_lists_functionalize_v2,通过,无,原用例通过,无,未观察到失败,不适用,无,不适用,选中实例全部执行原测试断言；输入、dtype 和分支范围见对应测试源码。,batch-03-results.json#test_inplacing_pass.py::test_lists_functionalize_v2,batch-03-source-evidence.json#test_inplacing_pass.py::test_lists_functionalize_v2,2026-10-08,host_or_explicit_device,"{""passed"": 1}",完成
60,03,test_inplacing_pass.py,TestReinplacingPassCorrectness,test_lists_old_functionalize,test/inductor/test_inplacing_pass.py::TestReinplacingPassCorrectness::test_lists_old_functionalize,通过,无,原用例通过,无,未观察到失败,不适用,无,不适用,选中实例全部执行原测试断言；输入、dtype 和分支范围见对应测试源码。,batch-03-results.json#test_inplacing_pass.py::test_lists_old_functionalize,batch-03-source-evidence.json#test_inplacing_pass.py::test_lists_old_functionalize,2026-10-08,host_or_explicit_device,"{""passed"": 1}",完成
61,03,test_inplacing_pass.py,TestReinplacingPassCorrectness,test_partitioner_recomputes_factory,test/inductor/test_inplacing_pass.py::TestReinplacingPassCorrectness::test_partitioner_recomputes_factory_empty_like_sin_op; test/inductor/test_inplacing_pass.py::TestReinplacingPassCorrectness::test_partitioner_recomputes_factory_empty_like_sin_triton,通过,无,原用例通过,无,未观察到失败,不适用,无,不适用,选中实例全部执行原测试断言；输入、dtype 和分支范围见对应测试源码。,batch-03-results.json#test_inplacing_pass.py::test_partitioner_recomputes_factory,batch-03-source-evidence.json#test_inplacing_pass.py::test_partitioner_recomputes_factory,2026-10-08,host_or_explicit_device,"{""passed"": 2}",完成
62,03,test_inductor_annotations.py,InductorAnnotationTestCase,test_no_annotations,test/inductor/test_inductor_annotations.py::InductorAnnotationTestCase::test_no_annotations,通过,无,原用例通过,无,未观察到失败,不适用,无,不适用,选中实例全部执行原测试断言；输入、dtype 和分支范围见对应测试源码。,batch-03-results.json#test_inductor_annotations.py::test_no_annotations,batch-03-source-evidence.json#test_inductor_annotations.py::test_no_annotations,2026-10-08,host_or_explicit_device,"{""passed"": 1}",完成
63,03,test_inductor_annotations.py,InductorAnnotationTestCase,test_training_annotation,test/inductor/test_inductor_annotations.py::InductorAnnotationTestCase::test_training_annotation,失败,生成 wrapper 运行/NVTX annotation,CUDA NVTX 专用接口未适配,annotate_training=True 生成 NVTX device range 调用，当前 torch.cuda.nvtx._NVTXStub 无 deviceRangeStart。,当前 CPU torch 构建无 CUDA NVTX device API；NPU profiling 接口需要单独接入。,可接入 NPU annotation 并适配测试,为 NPU 生成对应 profiling range begin/end，测试对应后端文本及成对调用；保留 annotation=True 的目标。,关闭 annotate_training 或仅删文本断言会取消测试目标；本批未实现 NPU 注解路径。,不是 a+b/a*b 数值误差；失败发生于 NVTX runtime 调用。,batch-03-results.json#test_inductor_annotations.py::test_training_annotation,batch-03-source-evidence.json#test_inductor_annotations.py::test_training_annotation; runtime-source-evidence.json#torch/cuda/nvtx.py::_device_range_start,2026-10-08,host_or_explicit_device,"{""failed"": 1}",完成
64,04,test_alignment.py,GPUTests,test_unaligned_input,test/inductor/test_alignment.py::GPUTests::test_unaligned_input_npu,通过,无,原用例通过,无,未观察到失败,不适用,无,不适用,选中实例全部执行原测试断言；输入、dtype 和分支范围见对应测试源码。,batch-04-results.json#test_alignment.py::test_unaligned_input,batch-04-source-evidence.json#test_alignment.py::test_unaligned_input,2026-10-08,npu,"{""passed"": 1}",完成
65,04,test_alignment.py,GPUTests,test_unaligned_input_2d,test/inductor/test_alignment.py::GPUTests::test_unaligned_input_2d_npu,通过,无,原用例通过,无,未观察到失败,不适用,无,不适用,选中实例全部执行原测试断言；输入、dtype 和分支范围见对应测试源码。,batch-04-results.json#test_alignment.py::test_unaligned_input_2d,batch-04-source-evidence.json#test_alignment.py::test_unaligned_input_2d,2026-10-08,npu,"{""passed"": 1}",完成
66,04,test_alignment.py,GPUTests,test_alignment_without_custom_op,test/inductor/test_alignment.py::GPUTests::test_alignment_without_custom_op_npu,通过,无,原用例通过,无,未观察到失败,不适用,无,不适用,选中实例全部执行原测试断言；输入、dtype 和分支范围见对应测试源码。,batch-04-results.json#test_alignment.py::test_alignment_without_custom_op,batch-04-source-evidence.json#test_alignment.py::test_alignment_without_custom_op,2026-10-08,npu,"{""passed"": 1}",完成
67,04,test_alignment.py,GPUTests,test_no_align_for_custom_op,test/inductor/test_alignment.py::GPUTests::test_no_align_for_custom_op_npu,通过,无,原用例通过,无,未观察到失败,不适用,无,不适用,选中实例全部执行原测试断言；输入、dtype 和分支范围见对应测试源码。,batch-04-results.json#test_alignment.py::test_no_align_for_custom_op,batch-04-source-evidence.json#test_alignment.py::test_no_align_for_custom_op,2026-10-08,npu,"{""passed"": 1}",完成
68,04,test_alignment.py,GPUTests,test_no_align_for_custom_op_2d,test/inductor/test_alignment.py::GPUTests::test_no_align_for_custom_op_2d_npu,失败,compiled custom-op 输出 stride 断言,测试自定义算子未注册 NPU/布局契约不匹配,define_custom_op_for_test 仅注册 CPU/CUDA/XPU/MPS/Meta，没有 PrivateUse1；CPU fallback 回 NPU 后实际 stride[0]=1024，meta 预期1040。,跨 CPU fallback 复制可改变非连续输出布局；该测试需要保留 slice view 的 stride/offset 语义。,可做测试设备注册适配；仍需复测布局,将相同测试算子函数注册到 NPU dispatch key，使切片在 NPU 上执行；保留真实布局检查。,本批没有改变注册；直接把 expected stride 改为连续值会取消原 slice/alignment 覆盖。,1D 同类用例通过可能是单维 stride 未暴露复制变化；不能推广到2D布局。,batch-04-results.json#test_alignment.py::test_no_align_for_custom_op_2d,batch-04-source-evidence.json#test_alignment.py::test_no_align_for_custom_op_2d; runtime-source-evidence.json#test_torchinductor.py::define_custom_op_for_test,2026-10-08,npu,"{""failed"": 1}",完成
69,04,test_alignment.py,GPUTests,test_incorrect_meta_for_custom_op_2d,test/inductor/test_alignment.py::GPUTests::test_incorrect_meta_for_custom_op_2d_npu,失败,compiled custom-op 输出 stride 断言,测试自定义算子未注册 NPU/布局契约不匹配,define_custom_op_for_test 仅注册 CPU/CUDA/XPU/MPS/Meta，没有 PrivateUse1；CPU fallback 回 NPU 后实际 stride[0]=1024，meta 预期1040。 原测试预期 storage_offset 引起的16字节对齐错误，却先得到 stride 错误，正则不匹配。,跨 CPU fallback 复制可改变非连续输出布局；该测试需要保留 slice view 的 stride/offset 语义。,可做测试设备注册适配；仍需复测布局,将相同测试算子函数注册到 NPU dispatch key，使切片在 NPU 上执行；保留真实布局检查。,本批没有改变注册；直接把 expected stride 改为连续值会取消原 slice/alignment 覆盖。,尚未验证预期的 alignment assertion；不能只放宽异常正则吞掉提前出现的 stride 错误。,batch-04-results.json#test_alignment.py::test_incorrect_meta_for_custom_op_2d,batch-04-source-evidence.json#test_alignment.py::test_incorrect_meta_for_custom_op_2d; runtime-source-evidence.json#test_torchinductor.py::define_custom_op_for_test,2026-10-08,npu,"{""failed"": 1}",完成
70,04,test_alignment.py,GPUTests,test_slice,test/inductor/test_alignment.py::GPUTests::test_slice_npu,通过,无,原用例通过,无,未观察到失败,不适用,无,不适用,选中实例全部执行原测试断言；输入、dtype 和分支范围见对应测试源码。,batch-04-results.json#test_alignment.py::test_slice,batch-04-source-evidence.json#test_alignment.py::test_slice,2026-10-08,npu,"{""passed"": 1}",完成
71,04,test_alignment.py,GPUTests,test_view_dtype_slice,test/inductor/test_alignment.py::GPUTests::test_view_dtype_slice_npu,通过,无,原用例通过,无,未观察到失败,不适用,无,不适用,选中实例全部执行原测试断言；输入、dtype 和分支范围见对应测试源码。,batch-04-results.json#test_alignment.py::test_view_dtype_slice,batch-04-source-evidence.json#test_alignment.py::test_view_dtype_slice,2026-10-08,npu,"{""passed"": 1}",完成
72,04,test_alignment.py,GPUTests,test_slice_view_dtype,test/inductor/test_alignment.py::GPUTests::test_slice_view_dtype_size_1024_npu; test/inductor/test_alignment.py::GPUTests::test_slice_view_dtype_size_1048576_npu; test/inductor/test_alignment.py::GPUTests::test_slice_view_dtype_size_128_npu,通过,无,原用例通过,无,未观察到失败,不适用,无,不适用,选中实例全部执行原测试断言；输入、dtype 和分支范围见对应测试源码。,batch-04-results.json#test_alignment.py::test_slice_view_dtype,batch-04-source-evidence.json#test_alignment.py::test_slice_view_dtype,2026-10-08,npu,"{""passed"": 3}",完成
73,04,test_alignment.py,GPUTests,test_Q4_K_dequantization,test/inductor/test_alignment.py::GPUTests::test_Q4_K_dequantization_npu,失败,eager 参考执行/右移广播输出分配,待修复 bug：NPU Tensor 右移广播 shape,"aclnnRightShift 要求输出 [221184,4,2,32]，实际预分配 [221184,4,1,32]；尚未进入 torch.compile。","本地 __rshift__(Tensor,Tensor) 按 self shape 调用 apply_tensor，未用两输入的广播 shape；日志与此缺陷一致。",可修复算子输出形状；后续编译待验证,按 self/other 的广播结果分配 Tensor-Tensor 右移输出，并保留 dtype、非连续输入与标量重载覆盖。,需修 op-plugin C++ 并重新构建或验证对应新包；本地源码仅用于机制对照，不能假定与远端二进制完全一致。,不是 Q4_K 对齐 lowering 失败；编译函数未执行。,batch-04-results.json#test_alignment.py::test_Q4_K_dequantization,batch-04-source-evidence.json#test_alignment.py::test_Q4_K_dequantization; runtime-source-evidence.json#op_plugin/ops/opapi/__Rshift__KernelNpuOpApi.cpp::__rshift__,2026-10-08,npu,"{""failed"": 1}",完成
74,04,test_smoke.py,SmokeTest,test_mlp,test/inductor/test_smoke.py::SmokeTest::test_mlp,失败,benchmark 默认设备选择,待修复 bug：transfer 设备别名重复枚举,_get_default_gpu_device_type 同时将 cuda 别名与 npu 判为可用，触发 len(avail_gpus)<=1 断言。,torch_npu 将 npu 加入 benchmark 设备表，transfer 又将 torch.cuda 指向 NPU；两个名字代表同一设备。,可修复适配 bug,对可用后端去除别名，或从调用上下文明确传入 device_type=npu；保持默认 CUDA/NPU 模式分别可用。,当前失败发生于 benchmark 入口，尚未修改并复测；不能通过关闭 pad_mm 或 profiler 测试目标来当作修复。,未进入目标 benchmark，不能归为 MLP 运算不支持或 profiler 缓冲区容量错误。,batch-04-results.json#test_smoke.py::test_mlp,batch-04-source-evidence.json#test_smoke.py::test_mlp; runtime-source-evidence.json#torch/_inductor/runtime/benchmarking.py::_get_default_gpu_device_type,2026-10-08,host_or_explicit_device,"{""failed"": 1}",完成
75,04,test_smoke.py,SmokeTest,test_compile_decorator,test/inductor/test_smoke.py::SmokeTest::test_compile_decorator,失败,Inductor cudagraph allocator 能力检查,待修复 bug：transfer CUDA allocator 接口未适配,mode=max-autotune 开启图捕获路径；check_caching_allocator_for_cudagraphs 调用 torch._C._cuda_cudaCachingAllocator_is_enabled，CPU torch 构建无该符号。,transfer 后 torch.cuda.is_available 为 NPU 可用，但 torch._C 的 CUDA 扩展不会随之变成 NPU 接口。,可修复适配；后续 lookup 契约仍需验证,将 allocator/capture 能力检查接入 NPU 对应实现；保留图捕获测试目标并验证缓存分配器语义。,本批未修改图捕获适配；关闭 cudagraphs 可绕过入口但不等于原 max-autotune 路径修复。,装饰器编译在 cudagraph allocator 检查失败，尚未比较结果。,batch-04-results.json#test_smoke.py::test_compile_decorator,batch-04-source-evidence.json#test_smoke.py::test_compile_decorator; runtime-source-evidence.json#torch/_inductor/cudagraph_utils.py::check_caching_allocator_for_cudagraphs,2026-10-08,host_or_explicit_device,"{""failed"": 1}",完成
76,04,test_benchmarking.py,TestBenchmarker,test_benchmark_smoke,test/inductor/test_benchmarking.py::TestBenchmarker::test_benchmark_smoke_benchmarker_cls0_device_cpu; test/inductor/test_benchmarking.py::TestBenchmarker::test_benchmark_smoke_benchmarker_cls0_device_npu; test/inductor/test_benchmarking.py::TestBenchmarker::test_benchmark_smoke_benchmarker_cls1_device_cpu; test/inductor/test_benchmarking.py::TestBenchmarker::test_benchmark_smoke_benchmarker_cls1_device_npu,部分通过/含预期失败,原测试 expectedFailure,原测试标记预期失败,Benchmarker 基类的 NPU benchmark_gpu 抛 NotImplementedError，原 decorateIf 标记为 expectedFailure；TritonBenchmarker 对应实例通过。,详见实际异常，不将 xfail 计为通过,不需要为满足预期失败而改变后端,保留负向测试，并用明确异常断言防止掩盖无关失败,此处记录原测试预期及实际失败类型；未删 expectedFailure。,参数化统计分别保留通过与 xfail 实例。,batch-04-results.json#test_benchmarking.py::test_benchmark_smoke,batch-04-source-evidence.json#test_benchmarking.py::test_benchmark_smoke; runtime-source-evidence.json#torch/_inductor/runtime/benchmarking.py::Benchmarker,2026-10-08,host_or_explicit_device,"{""passed"": 3, ""xfail"": 1}",完成
77,04,test_benchmarking.py,TestBenchmarker,test_benchmark_gpu_smoke,test/inductor/test_benchmarking.py::TestBenchmarker::test_benchmark_gpu_smoke_benchmarker_cls0; test/inductor/test_benchmarking.py::TestBenchmarker::test_benchmark_gpu_smoke_benchmarker_cls1,部分通过/含预期失败,原测试 expectedFailure,原测试标记预期失败,Benchmarker 基类的 NPU benchmark_gpu 抛 NotImplementedError，原 decorateIf 标记为 expectedFailure；TritonBenchmarker 对应实例通过。,详见实际异常，不将 xfail 计为通过,不需要为满足预期失败而改变后端,保留负向测试，并用明确异常断言防止掩盖无关失败,此处记录原测试预期及实际失败类型；未删 expectedFailure。,参数化统计分别保留通过与 xfail 实例。,batch-04-results.json#test_benchmarking.py::test_benchmark_gpu_smoke,batch-04-source-evidence.json#test_benchmarking.py::test_benchmark_gpu_smoke; runtime-source-evidence.json#torch/_inductor/runtime/benchmarking.py::Benchmarker,2026-10-08,host_or_explicit_device,"{""xfail"": 1, ""passed"": 1}",完成
78,04,test_benchmarking.py,TestBenchmarker,test_benchmark_safely_infers_device_no_devices,test/inductor/test_benchmarking.py::TestBenchmarker::test_benchmark_safely_infers_device_no_devices_benchmarker_cls0; test/inductor/test_benchmarking.py::TestBenchmarker::test_benchmark_safely_infers_device_no_devices_benchmarker_cls1,预期失败,原测试 expectedFailure,原测试标记预期失败,实际 rawexcinfo 为 ValueError：fn_args/fn_kwargs 没有可用于推断设备的 tensor；与负向目标一致。,详见实际异常，不将 xfail 计为通过,不需要为满足预期失败而改变后端,保留负向测试，并用明确异常断言防止掩盖无关失败,此处记录原测试预期及实际失败类型；未删 expectedFailure。,参数化统计分别保留通过与 xfail 实例。,batch-04-results.json#test_benchmarking.py::test_benchmark_safely_infers_device_no_devices,batch-04-source-evidence.json#test_benchmarking.py::test_benchmark_safely_infers_device_no_devices; runtime-source-evidence.json#torch/_inductor/runtime/benchmarking.py::Benchmarker,2026-10-08,host_or_explicit_device,"{""xfail"": 2}",完成
79,04,test_benchmarking.py,TestBenchmarker,test_benchmark_safely_infers_device_many_devices,test/inductor/test_benchmarking.py::TestBenchmarker::test_benchmark_safely_infers_device_many_devices_benchmarker_cls0; test/inductor/test_benchmarking.py::TestBenchmarker::test_benchmark_safely_infers_device_many_devices_benchmarker_cls1,预期失败,原测试 expectedFailure,预期失败掩盖了测试代码 bug,实际 rawexcinfo 为 AttributeError: TestBenchmarker 没有 make_sum；测试在创建输入时失败。,详见实际异常，不将 xfail 计为通过,可修测试调用名；多设备推断仍待验证,把 make_sum 调用修为已定义的 make_params，随后明确断言混合设备输入的预期异常。,本批保留原测试，尚未修正 helper 名称并复测。,没有测到混合 CPU/NPU 输入的设备推断。,batch-04-results.json#test_benchmarking.py::test_benchmark_safely_infers_device_many_devices,batch-04-source-evidence.json#test_benchmarking.py::test_benchmark_safely_infers_device_many_devices; runtime-source-evidence.json#torch/_inductor/runtime/benchmarking.py::Benchmarker,2026-10-08,host_or_explicit_device,"{""xfail"": 2}",完成
80,04,test_benchmarking.py,TestBenchmarker,test_benchmark_warmup_and_rep_defaults,test/inductor/test_benchmarking.py::TestBenchmarker::test_benchmark_warmup_and_rep_defaults,通过,无,原用例通过,无,未观察到失败,不适用,无,不适用,选中实例全部执行原测试断言；输入、dtype 和分支范围见对应测试源码。,batch-04-results.json#test_benchmarking.py::test_benchmark_warmup_and_rep_defaults,batch-04-source-evidence.json#test_benchmarking.py::test_benchmark_warmup_and_rep_defaults,2026-10-08,host_or_explicit_device,"{""passed"": 1}",完成
81,04,test_benchmarking.py,TestBenchmarker,test_benchmark_warmup_and_rep_custom_values,test/inductor/test_benchmarking.py::TestBenchmarker::test_benchmark_warmup_and_rep_custom_values,通过,无,原用例通过,无,未观察到失败,不适用,无,不适用,选中实例全部执行原测试断言；输入、dtype 和分支范围见对应测试源码。,batch-04-results.json#test_benchmarking.py::test_benchmark_warmup_and_rep_custom_values,batch-04-source-evidence.json#test_benchmarking.py::test_benchmark_warmup_and_rep_custom_values,2026-10-08,host_or_explicit_device,"{""passed"": 1}",完成
82,04,test_benchmarking.py,TestBenchmarker,test_torch_profiler_benchmarker_reuses_inductor_helpers,test/inductor/test_benchmarking.py::TestBenchmarker::test_torch_profiler_benchmarker_reuses_inductor_helpers_hip_value0_expected_buffer_size_bytes_1024; test/inductor/test_benchmarking.py::TestBenchmarker::test_torch_profiler_benchmarker_reuses_inductor_helpers_hip_value_mock-hip_expected_buffer_size_bytes_268435456,失败,benchmark 默认设备选择,待修复 bug：transfer 设备别名重复枚举,_get_default_gpu_device_type 同时将 cuda 别名与 npu 判为可用，触发 len(avail_gpus)<=1 断言。,torch_npu 将 npu 加入 benchmark 设备表，transfer 又将 torch.cuda 指向 NPU；两个名字代表同一设备。,可修复适配 bug,对可用后端去除别名，或从调用上下文明确传入 device_type=npu；保持默认 CUDA/NPU 模式分别可用。,当前失败发生于 benchmark 入口，尚未修改并复测；不能通过关闭 pad_mm 或 profiler 测试目标来当作修复。,未进入目标 benchmark，不能归为 MLP 运算不支持或 profiler 缓冲区容量错误。,batch-04-results.json#test_benchmarking.py::test_torch_profiler_benchmarker_reuses_inductor_helpers,batch-04-source-evidence.json#test_benchmarking.py::test_torch_profiler_benchmarker_reuses_inductor_helpers; runtime-source-evidence.json#torch/_inductor/runtime/benchmarking.py::_get_default_gpu_device_type,2026-10-08,host_or_explicit_device,"{""failed"": 2}",完成
83,04,test_efficient_conv_bn_eval.py,EfficientConvBNEvalGpuTests,test_conv_bn_eval,test/inductor/test_efficient_conv_bn_eval.py::EfficientConvBNEvalGpuTests::test_basic_npu,失败,benchmark 默认设备选择,待修复 bug：transfer 设备别名重复枚举,清单名称为 test_basic 的内部 helper；补跑 EfficientConvBNEvalGpuTests::test_basic_npu，首个 Linear/BN 组合在 pad_mm benchmark 的重复设备枚举断言失败。,torch_npu 将 npu 加入 benchmark 设备表，transfer 又将 torch.cuda 指向 NPU；两个名字代表同一设备。,可修复适配 bug,对可用后端去除别名，或从调用上下文明确传入 device_type=npu；保持默认 CUDA/NPU 模式分别可用。,当前失败发生于 benchmark 入口，尚未修改并复测；不能通过关闭 pad_mm 或 profiler 测试目标来当作修复。,外层 itertools.product 共112种组合（2×2×7×2×2）；首个组合失败后后续组合未执行，不能宣称已逐组合验证 Conv/BN 融合。,batch-04-results.json#test_efficient_conv_bn_eval.py::test_conv_bn_eval,batch-04-source-evidence.json#test_efficient_conv_bn_eval.py::test_conv_bn_eval; runtime-source-evidence.json#torch/_inductor/runtime/benchmarking.py::_get_default_gpu_device_type; batch-04-source-evidence.json#test_efficient_conv_bn_eval.py::test_basic,2026-10-08,npu,"{""failed"": 1}",完成
84,05,test_inplace_padding.py,InplacePaddingTest,test_skip_pad_due_to_fusion,test/inductor/test_inplace_padding.py::InplacePaddingTest::test_skip_pad_due_to_fusion,通过,无,原用例通过,无,未观察到失败,不适用,无,不适用,选中实例全部执行原测试断言；输入、dtype 和分支范围见对应测试源码。,batch-05-results.json#test_inplace_padding.py::test_skip_pad_due_to_fusion,batch-05-source-evidence.json#test_inplace_padding.py::test_skip_pad_due_to_fusion,2026-10-08,host_or_explicit_device,"{""passed"": 1}",完成
85,05,test_inplace_padding.py,InplacePaddingTest,test_skip_pad_input,test/inductor/test_inplace_padding.py::InplacePaddingTest::test_skip_pad_input,通过,无,原用例通过,无,未观察到失败,不适用,无,不适用,选中实例全部执行原测试断言；输入、dtype 和分支范围见对应测试源码。,batch-05-results.json#test_inplace_padding.py::test_skip_pad_input,batch-05-source-evidence.json#test_inplace_padding.py::test_skip_pad_input,2026-10-08,host_or_explicit_device,"{""passed"": 1}",完成
86,05,test_inplace_padding.py,InplacePaddingTest,test_pad_non_zero,test/inductor/test_inplace_padding.py::InplacePaddingTest::test_pad_non_zero,失败,NPU autotune benchmark（CPP wrapper 为编译时 autotune）,待修复 bug：autotune 确定性模式契约未适配,测试类启用 config.deterministic；NPUCachingAutotuner._bench_with_launch_args 调 benchmark_gpu 未提供 vetted 标记，may_ban_benchmarking 抛 RuntimeError。,社区 benchmark API 新增确定性约束，当前 NPU 调用方未对接；不是 padding 数值错误或 NPU 运算天生不确定。,可修复后端调用契约,区分经确认不改变结果的 pointwise tuning 与会改变确定性的选择；仅对满足契约的调用标记 vetted，其余采用确定性选择逻辑。,尚未完成确定性语义验证；不能全局设 is_vetted_benchmarking=True 或关闭 deterministic 掩盖风险。,未完成输出/突变检查；该首错不能说明 inplace padding 算法本身错误。,batch-05-results.json#test_inplace_padding.py::test_pad_non_zero,batch-05-source-evidence.json#test_inplace_padding.py::test_pad_non_zero; runtime-source-evidence.json#torch_npu/_inductor/runtime/triton_heuristics.py::_bench_with_launch_args; runtime-source-evidence.json#torch/_inductor/runtime/benchmarking.py::may_ban_benchmarking,2026-10-08,host_or_explicit_device,"{""failed"": 1}",完成
87,05,test_inplace_padding.py,InplacePaddingTest,test_pad_non_zero_cpp_wrapper,test/inductor/test_inplace_padding.py::InplacePaddingTest::test_pad_non_zero_cpp_wrapper,失败,NPU autotune benchmark（CPP wrapper 为编译时 autotune）,待修复 bug：autotune 确定性模式契约未适配,测试类启用 config.deterministic；NPUCachingAutotuner._bench_with_launch_args 调 benchmark_gpu 未提供 vetted 标记，may_ban_benchmarking 抛 RuntimeError。,社区 benchmark API 新增确定性约束，当前 NPU 调用方未对接；不是 padding 数值错误或 NPU 运算天生不确定。,可修复后端调用契约,区分经确认不改变结果的 pointwise tuning 与会改变确定性的选择；仅对满足契约的调用标记 vetted，其余采用确定性选择逻辑。,尚未完成确定性语义验证；不能全局设 is_vetted_benchmarking=True 或关闭 deterministic 掩盖风险。,未完成输出/突变检查；该首错不能说明 inplace padding 算法本身错误。,batch-05-results.json#test_inplace_padding.py::test_pad_non_zero_cpp_wrapper,batch-05-source-evidence.json#test_inplace_padding.py::test_pad_non_zero_cpp_wrapper; runtime-source-evidence.json#torch_npu/_inductor/runtime/triton_heuristics.py::_bench_with_launch_args; runtime-source-evidence.json#torch/_inductor/runtime/benchmarking.py::may_ban_benchmarking,2026-10-08,host_or_explicit_device,"{""failed"": 1}",完成
88,05,test_inplace_padding.py,InplacePaddingTest,test_pad_too_large,test/inductor/test_inplace_padding.py::InplacePaddingTest::test_pad_too_large,通过,无,原用例通过,无,未观察到失败,不适用,无,不适用,选中实例全部执行原测试断言；输入、dtype 和分支范围见对应测试源码。,batch-05-results.json#test_inplace_padding.py::test_pad_too_large,batch-05-source-evidence.json#test_inplace_padding.py::test_pad_too_large,2026-10-08,host_or_explicit_device,"{""passed"": 1}",完成
89,05,test_inplace_padding.py,InplacePaddingTest,test_mutating_padding_input,test/inductor/test_inplace_padding.py::InplacePaddingTest::test_mutating_padding_input,失败,NPU autotune benchmark（CPP wrapper 为编译时 autotune）,待修复 bug：autotune 确定性模式契约未适配,测试类启用 config.deterministic；NPUCachingAutotuner._bench_with_launch_args 调 benchmark_gpu 未提供 vetted 标记，may_ban_benchmarking 抛 RuntimeError。,社区 benchmark API 新增确定性约束，当前 NPU 调用方未对接；不是 padding 数值错误或 NPU 运算天生不确定。,可修复后端调用契约,区分经确认不改变结果的 pointwise tuning 与会改变确定性的选择；仅对满足契约的调用标记 vetted，其余采用确定性选择逻辑。,尚未完成确定性语义验证；不能全局设 is_vetted_benchmarking=True 或关闭 deterministic 掩盖风险。,未完成输出/突变检查；该首错不能说明 inplace padding 算法本身错误。,batch-05-results.json#test_inplace_padding.py::test_mutating_padding_input,batch-05-source-evidence.json#test_inplace_padding.py::test_mutating_padding_input; runtime-source-evidence.json#torch_npu/_inductor/runtime/triton_heuristics.py::_bench_with_launch_args; runtime-source-evidence.json#torch/_inductor/runtime/benchmarking.py::may_ban_benchmarking,2026-10-08,host_or_explicit_device,"{""failed"": 1}",完成
90,05,test_inplace_padding.py,InplacePaddingTest,test_mutating_padding_output,test/inductor/test_inplace_padding.py::InplacePaddingTest::test_mutating_padding_output,失败,NPU autotune benchmark（CPP wrapper 为编译时 autotune）,待修复 bug：autotune 确定性模式契约未适配,测试类启用 config.deterministic；NPUCachingAutotuner._bench_with_launch_args 调 benchmark_gpu 未提供 vetted 标记，may_ban_benchmarking 抛 RuntimeError。,社区 benchmark API 新增确定性约束，当前 NPU 调用方未对接；不是 padding 数值错误或 NPU 运算天生不确定。,可修复后端调用契约,区分经确认不改变结果的 pointwise tuning 与会改变确定性的选择；仅对满足契约的调用标记 vetted，其余采用确定性选择逻辑。,尚未完成确定性语义验证；不能全局设 is_vetted_benchmarking=True 或关闭 deterministic 掩盖风险。,未完成输出/突变检查；该首错不能说明 inplace padding 算法本身错误。,batch-05-results.json#test_inplace_padding.py::test_mutating_padding_output,batch-05-source-evidence.json#test_inplace_padding.py::test_mutating_padding_output; runtime-source-evidence.json#torch_npu/_inductor/runtime/triton_heuristics.py::_bench_with_launch_args; runtime-source-evidence.json#torch/_inductor/runtime/benchmarking.py::may_ban_benchmarking,2026-10-08,host_or_explicit_device,"{""failed"": 1}",完成
91,05,test_inplace_padding.py,InplacePaddingTest,test_linear_and_cel,test/inductor/test_inplace_padding.py::InplacePaddingTest::test_linear_and_cel,失败,NPU autotune benchmark（CPP wrapper 为编译时 autotune）,待修复 bug：autotune 确定性模式契约未适配,测试类启用 config.deterministic；NPUCachingAutotuner._bench_with_launch_args 调 benchmark_gpu 未提供 vetted 标记，may_ban_benchmarking 抛 RuntimeError。,社区 benchmark API 新增确定性约束，当前 NPU 调用方未对接；不是 padding 数值错误或 NPU 运算天生不确定。,可修复后端调用契约,区分经确认不改变结果的 pointwise tuning 与会改变确定性的选择；仅对满足契约的调用标记 vetted，其余采用确定性选择逻辑。,尚未完成确定性语义验证；不能全局设 is_vetted_benchmarking=True 或关闭 deterministic 掩盖风险。,未完成输出/突变检查；该首错不能说明 inplace padding 算法本身错误。,batch-05-results.json#test_inplace_padding.py::test_linear_and_cel,batch-05-source-evidence.json#test_inplace_padding.py::test_linear_and_cel; runtime-source-evidence.json#torch_npu/_inductor/runtime/triton_heuristics.py::_bench_with_launch_args; runtime-source-evidence.json#torch/_inductor/runtime/benchmarking.py::may_ban_benchmarking,2026-10-08,host_or_explicit_device,"{""failed"": 1}",完成
92,05,test_inplace_padding.py,InplacePaddingTest,test_linear_and_cel_max_autotune,test/inductor/test_inplace_padding.py::InplacePaddingTest::test_linear_and_cel_max_autotune,失败,NPU autotune benchmark（CPP wrapper 为编译时 autotune）,待修复 bug：autotune 确定性模式契约未适配,测试类启用 config.deterministic；NPUCachingAutotuner._bench_with_launch_args 调 benchmark_gpu 未提供 vetted 标记，may_ban_benchmarking 抛 RuntimeError。,社区 benchmark API 新增确定性约束，当前 NPU 调用方未对接；不是 padding 数值错误或 NPU 运算天生不确定。,可修复后端调用契约,区分经确认不改变结果的 pointwise tuning 与会改变确定性的选择；仅对满足契约的调用标记 vetted，其余采用确定性选择逻辑。,尚未完成确定性语义验证；不能全局设 is_vetted_benchmarking=True 或关闭 deterministic 掩盖风险。,未完成输出/突变检查；该首错不能说明 inplace padding 算法本身错误。,batch-05-results.json#test_inplace_padding.py::test_linear_and_cel_max_autotune,batch-05-source-evidence.json#test_inplace_padding.py::test_linear_and_cel_max_autotune; runtime-source-evidence.json#torch_npu/_inductor/runtime/triton_heuristics.py::_bench_with_launch_args; runtime-source-evidence.json#torch/_inductor/runtime/benchmarking.py::may_ban_benchmarking,2026-10-08,host_or_explicit_device,"{""failed"": 1}",完成
93,05,test_triton_extension_backend.py,TritonExtensionBackendTests,test_open_device_registration,test/inductor/test_triton_extension_backend.py::TritonExtensionBackendTests::test_open_device_registration,失败,独立进程复测：PrivateUse1 runtime 注册,NPU 已占用 PrivateUse1 的测试前提冲突,"独立进程中 torch._register_device_module(privateuseone, dummy_module) 报 npu runtime 已注册；批量时另有 teardown 删除 torch.npu 的连带错误。",PrivateUse1 是进程内单一后端插槽，当前已由 torch_npu 占用，不能再注册 dummy extension runtime。,可隔离验证原扩展测试；不能同时占用同一后端槽,在不加载 torch_npu 的独立进程验证 dummy 后端注册；另建复用现有 NPU runtime 的 codegen 扩展测试。,卸载正在使用的 torch.npu 来注册 dummy 会改变本轮 NPU 测试环境，不能算 NPU 同时支持两个 PrivateUse1 后端。,这里是测试环境前提冲突，不是待补的第二个 PrivateUse1 硬件后端；已用独立进程排除顺序污染。,batch-05-registration-isolated.json#test_triton_extension_backend.py::test_open_device_registration; batch-05-initial-results.json,batch-05-source-evidence.json#test_triton_extension_backend.py::test_open_device_registration,2026-10-08,host_or_explicit_device,"{""failed"": 1}",完成
94,05,test_triton_extension_backend.py,TritonExtensionBackendTests,test_codegen_with_custom_heuristics_module,test/inductor/test_triton_extension_backend.py::TritonExtensionBackendTests::test_codegen_with_custom_heuristics_module,失败,Triton 编译 worker 导入自定义 heuristics,测试/子进程模块搜索路径适配 bug,生成源码 import extension_triton_heuristics，worker 抛 ModuleNotFoundError；测试只给父进程追加 sys.path。,是编译子进程无法解析测试扩展模块，不是 NPU 不支持自定义 heuristics。,可修模块打包或 worker 搜索路径,将测试 heuristics 安装为可导入模块或向 worker 显式传递搜索路径，并验证 pickle/unpickle 两端一致。,本批未修改模块路径；compile_threads=1 可能绕过，但不证明子进程路径已修复。,未验证生成文本与自定义 metadata 字段。,batch-05-results.json#test_triton_extension_backend.py::test_codegen_with_custom_heuristics_module,batch-05-source-evidence.json#test_triton_extension_backend.py::test_codegen_with_custom_heuristics_module,2026-10-08,host_or_explicit_device,"{""failed"": 1}",完成
95,05,test_triton_extension_backend.py,TritonExtensionBackendTests,test_codegen_with_custom_heuristics_module_udtk,test/inductor/test_triton_extension_backend.py::TritonExtensionBackendTests::test_codegen_with_custom_heuristics_module_udtk,失败,独立进程复测：custom Triton kernel runtime launch,待定位 bug：扩展后端 NPU launch 正确性,批量时受前项 teardown 删除 torch.npu 连带影响；独立进程重跑后实际触发 AIVEC error 334：SIMT invalid GM address/cross-device access timeout。,测试用社区 Triton scheduling/heuristics 替换 NPU 后端，需核对生成代码、实参 ABI 和 driver；日志不足以证明 NPU 硬件不支持该加法。,需定位具体错误实参或生成代码后判断方案,在隔离进程保存 kernel 与 launcher 实参，对照 NPU 原生后端，核对 grid、n_elements、指针与 runtime metadata。,目前只有首个设备异常证据，尚无能够消除错误的代码级根因或验证方案。,独立进程结果取代连带的 torch.npu 缺失错误；不能按普通加法不支持归因，也未放宽断言。,batch-05-udtk-isolated.json#test_triton_extension_backend.py::test_codegen_with_custom_heuristics_module_udtk; batch-05-initial-results.json,batch-05-source-evidence.json#test_triton_extension_backend.py::test_codegen_with_custom_heuristics_module_udtk,2026-10-08,host_or_explicit_device,"{""failed"": 1}",完成
96,05,test_compile_subprocess.py,GPUTests; TestSubprocess,test_progressive,test/inductor/test_compile_subprocess.py::GPUTests::test_progressive; test/inductor/test_compile_subprocess.py::TestSubprocess::test_progressive,跳过,pytest setup skip,原测试 GPU SM 门槛不满足,"@skipIf(not IS_BIG_GPU, ""Skipping triton backend only since not big GPU (not enough SM)"") 跳过。",社区按 GPU SM 数判断 big GPU；不能把这一 CUDA 风格阈值解释为 NPU 计算能力不足。,可适配 NPU 测试能力门槛；功能本身待验证,制定 NPU 上合理的资源与性能条件，再保留 progressive 编译和加速断言运行。,未强行绕过性能门槛；未执行 progressive 循环，不能认定支持或不支持。,两个收集实例均 skip；不是超时或编译失败。,batch-05-results.json#test_compile_subprocess.py::test_progressive,batch-05-source-evidence.json#test_compile_subprocess.py::test_progressive,2026-10-08,npu,"{""skipped"": 2}",完成
97,05,test_compile_subprocess.py,GPUTests; TestSubprocess,test_async,test/inductor/test_compile_subprocess.py::GPUTests::test_async; test/inductor/test_compile_subprocess.py::TestSubprocess::test_async,失败,FX 编译子进程恢复 lowering registry,待修复 bug：fallback 序列化类型契约,_LoweringSerializerContextManager 恢复父进程 fallback 时把非 OpOverload 的 key 传给 force_fallback，触发 Only OpOverload 断言。,NPU 扩展了 fallback 注册集合，而社区子进程恢复函数仅支持 OpOverload；当前日志未打印具体违规 key。,可修复序列化/注册兼容；具体 key 待补定位,记录违规 key 类型；区分 OpOverloadPacket/HigherOrderOperator 等条目，统一父子 registry 或支持对应序列化恢复协议。,尚无违规 key 与修复后的子进程复测；切回进程内编译会取消被测功能。,TestSubprocess 与 GPUTests 独立实例均在子进程恢复失败，尚未验证异步执行完成。,batch-05-results.json#test_compile_subprocess.py::test_async,batch-05-source-evidence.json#test_compile_subprocess.py::test_async; runtime-source-evidence.json#torch/_inductor/compile_fx_ext.py::_LoweringSerializerContextManager; runtime-source-evidence.json#torch/_inductor/lowering.py::force_fallback,2026-10-08,npu,"{""failed"": 2}",完成
98,06,test_torchinductor.py,GPUTests,test_comparison_scalar_type_promotion_bf16,test/inductor/test_torchinductor.py::GPUTests::test_comparison_scalar_type_promotion_bf16_npu,通过,无,原用例通过,无,未观察到失败,不适用,无,不适用,BF16 输入与 Python 常数 3.14 比较的类型提升，含 3.140625 边界值。,batch-06-results.json#test_torchinductor.py::test_comparison_scalar_type_promotion_bf16,batch-06-source-evidence.json#test_torchinductor.py::test_comparison_scalar_type_promotion_bf16,2026-10-08,npu,"{""passed"": 1}",完成
99,06,test_torchinductor.py,GPUTests,test_dist,test/inductor/test_torchinductor.py::GPUTests::test_dist_npu,通过,无,原用例通过,无,未观察到失败,不适用,无,不适用,4×4 输入的默认 p 与 p=1.2 距离计算。,batch-06-results.json#test_torchinductor.py::test_dist,batch-06-source-evidence.json#test_torchinductor.py::test_dist,2026-10-08,npu,"{""passed"": 1}",完成
100,06,test_torchinductor.py,GPUTests,test_norm_constant_overflow,test/inductor/test_torchinductor.py::GPUTests::test_norm_constant_overflow_npu,通过,无,原用例通过,无,未观察到失败,不适用,无,不适用,p=-41、dim=0/1 的范数及常数溢出回归。,batch-06-results.json#test_torchinductor.py::test_norm_constant_overflow,batch-06-source-evidence.json#test_torchinductor.py::test_norm_constant_overflow,2026-10-08,npu,"{""passed"": 1}",完成
101,06,test_torchinductor.py,GPUTests,test_dist_bf16,test/inductor/test_torchinductor.py::GPUTests::test_dist_bf16_npu,通过,无,原用例通过,无,未观察到失败,不适用,无,不适用,函数内将输入转换为 BF16 后计算距离。,batch-06-results.json#test_torchinductor.py::test_dist_bf16,batch-06-source-evidence.json#test_torchinductor.py::test_dist_bf16,2026-10-08,npu,"{""passed"": 1}",完成
102,06,test_torchinductor.py,GPUTests,test_arange1,test/inductor/test_torchinductor.py::GPUTests::test_arange1_npu,通过,无,原用例通过,无,未观察到失败,不适用,无,不适用,float32 arange reshape、不同起点整数 arange 与广播计算。,batch-06-results.json#test_torchinductor.py::test_arange1,batch-06-source-evidence.json#test_torchinductor.py::test_arange1,2026-10-08,npu,"{""passed"": 1}",完成
103,06,test_torchinductor.py,GPUTests,test_arange2,test/inductor/test_torchinductor.py::GPUTests::test_arange2_npu,通过,无,原用例通过,无,未观察到失败,不适用,无,不适用,整数输入与默认整数 arange 广播相加。,batch-06-results.json#test_torchinductor.py::test_arange2,batch-06-source-evidence.json#test_torchinductor.py::test_arange2,2026-10-08,npu,"{""passed"": 1}",完成
104,06,test_torchinductor.py,GPUTests,test_arange3,test/inductor/test_torchinductor.py::GPUTests::test_arange3_npu,通过,无,原用例通过,无,未观察到失败,不适用,无,不适用,显式 int64 arange.start_step，非整除终点 53、步长 4。,batch-06-results.json#test_torchinductor.py::test_arange3,batch-06-source-evidence.json#test_torchinductor.py::test_arange3,2026-10-08,npu,"{""passed"": 1}",完成
105,06,test_torchinductor.py,GPUTests,test_arange4,test/inductor/test_torchinductor.py::GPUTests::test_arange4_npu,通过,无,原用例通过,无,未观察到失败,不适用,无,不适用,512 到 -512 的负浮点步长。,batch-06-results.json#test_torchinductor.py::test_arange4,batch-06-source-evidence.json#test_torchinductor.py::test_arange4,2026-10-08,npu,"{""passed"": 1}",完成
106,06,test_torchinductor.py,GPUTests,test_arange5,test/inductor/test_torchinductor.py::GPUTests::test_arange5_npu,通过,无,原用例通过,无,未观察到失败,不适用,无,不适用,step=-1 与 -1.0 两种输入，显式比较结果及 dtype。,batch-06-results.json#test_torchinductor.py::test_arange5,batch-06-source-evidence.json#test_torchinductor.py::test_arange5,2026-10-08,npu,"{""passed"": 1}",完成
107,06,test_torchinductor.py,GPUTests,test_arange6,test/inductor/test_torchinductor.py::GPUTests::test_arange6_npu,通过,无,原用例通过,无,未观察到失败,不适用,无,不适用,浮点起止值在 float32/int64 显式 dtype 下的截断与生成。,batch-06-results.json#test_torchinductor.py::test_arange6,batch-06-source-evidence.json#test_torchinductor.py::test_arange6,2026-10-08,npu,"{""passed"": 1}",完成
108,06,test_torchinductor.py,GPUTests,test_arange7,test/inductor/test_torchinductor.py::GPUTests::test_arange7_npu,通过,无,原用例通过,无,未观察到失败,不适用,无,不适用,显式 int64 start_step lowering 与整数输入。,batch-06-results.json#test_torchinductor.py::test_arange7,batch-06-source-evidence.json#test_torchinductor.py::test_arange7,2026-10-08,npu,"{""passed"": 1}",完成
109,06,test_torchinductor.py,GPUTests,test_arange9,test/inductor/test_torchinductor.py::GPUTests::test_arange9_npu,通过,无,原用例通过,无,未观察到失败,不适用,无,不适用,int64 arange 每元素乘 10^7 再求和，检查累加超 int32 的结果。,batch-06-results.json#test_torchinductor.py::test_arange9,batch-06-source-evidence.json#test_torchinductor.py::test_arange9,2026-10-08,npu,"{""passed"": 1}",完成
110,06,test_torchinductor.py,GPUTests,test_linspace1,test/inductor/test_torchinductor.py::GPUTests::test_linspace1_npu,通过,无,原用例通过,无,未观察到失败,不适用,无,不适用,7 个等间距浮点值与广播相加。,batch-06-results.json#test_torchinductor.py::test_linspace1,batch-06-source-evidence.json#test_torchinductor.py::test_linspace1,2026-10-08,npu,"{""passed"": 1}",完成
111,06,test_torchinductor.py,GPUTests,test_linspace2,test/inductor/test_torchinductor.py::GPUTests::test_linspace2_npu,通过,无,原用例通过,无,未观察到失败,不适用,无,不适用,steps=1 的起点退化情形。,batch-06-results.json#test_torchinductor.py::test_linspace2,batch-06-source-evidence.json#test_torchinductor.py::test_linspace2,2026-10-08,npu,"{""passed"": 1}",完成
112,06,test_torchinductor.py,GPUTests,test_linspace3,test/inductor/test_torchinductor.py::GPUTests::test_linspace3_npu,通过,无,原用例通过,无,未观察到失败,不适用,无,不适用,steps=0 的空输出；不证明非空 linspace kernel 执行。,batch-06-results.json#test_torchinductor.py::test_linspace3,batch-06-source-evidence.json#test_torchinductor.py::test_linspace3,2026-10-08,npu,"{""passed"": 1}",完成
113,06,test_torchinductor.py,GPUTests,test_linspace4,test/inductor/test_torchinductor.py::GPUTests::test_linspace4_npu,通过,无,原用例通过,无,未观察到失败,不适用,无,不适用,在第 2 张 NPU 上创建 steps=0 空输出；此批保留全部设备可见，不是多卡计算正确性测试。,batch-06-results.json#test_torchinductor.py::test_linspace4,batch-06-source-evidence.json#test_torchinductor.py::test_linspace4,2026-10-08,npu,"{""passed"": 1}",完成
114,06,test_torchinductor.py,GPUTests,test_tensor1,test/inductor/test_torchinductor.py::GPUTests::test_tensor1_npu,通过,无,原用例通过,无,未观察到失败,不适用,无,不适用,单元素与零维 Tensor 常量生成。,batch-06-results.json#test_torchinductor.py::test_tensor1,batch-06-source-evidence.json#test_torchinductor.py::test_tensor1,2026-10-08,npu,"{""passed"": 1}",完成
115,06,test_torchinductor.py,GPUTests,test_tensor2,test/inductor/test_torchinductor.py::GPUTests::test_tensor2_npu,通过,无,原用例通过,无,未观察到失败,不适用,无,不适用,Python range 列表常量与输入相加。,batch-06-results.json#test_torchinductor.py::test_tensor2,batch-06-source-evidence.json#test_torchinductor.py::test_tensor2,2026-10-08,npu,"{""passed"": 1}",完成
116,06,test_torchinductor.py,GPUTests,test_tensor3,test/inductor/test_torchinductor.py::GPUTests::test_tensor3_npu,通过,无,原用例通过,无,未观察到失败,不适用,无,不适用,空列表及长度 2/3/4 的 Tensor 常量。,batch-06-results.json#test_torchinductor.py::test_tensor3,batch-06-source-evidence.json#test_torchinductor.py::test_tensor3,2026-10-08,npu,"{""passed"": 1}",完成
117,06,test_torchinductor.py,GPUTests,test_views1,test/inductor/test_torchinductor.py::GPUTests::test_views1_npu,通过,无,原用例通过,无,未观察到失败,不适用,无,不适用,7 组形状的正反方向 view，包含算术前后各路径。,batch-06-results.json#test_torchinductor.py::test_views1,batch-06-source-evidence.json#test_torchinductor.py::test_views1,2026-10-08,npu,"{""passed"": 1}",完成
118,07,test_torchinductor.py,GPUTests,test_views2,test/inductor/test_torchinductor.py::GPUTests::test_views2_npu,通过,无,原用例通过,无,未观察到失败,不适用,无,不适用,3 组带 -1 的 reshape，含 view 前的算术计算。,batch-07-results.json#test_torchinductor.py::test_views2,batch-07-source-evidence.json#test_torchinductor.py::test_views2,2026-10-08,npu,"{""passed"": 1}",完成
119,07,test_torchinductor.py,GPUTests,test_views3,test/inductor/test_torchinductor.py::GPUTests::test_views3_npu,通过,无,原用例通过,无,未观察到失败,不适用,无,不适用,BigBird 风格高级索引后连续两次 view。,batch-07-results.json#test_torchinductor.py::test_views3,batch-07-source-evidence.json#test_torchinductor.py::test_views3,2026-10-08,npu,"{""passed"": 1}",完成
120,07,test_torchinductor.py,GPUTests,test_views4,test/inductor/test_torchinductor.py::GPUTests::test_views4_npu,通过,无,原用例通过,无,未观察到失败,不适用,无,不适用,index_select 后含 -1 的连续 reshape。,batch-07-results.json#test_torchinductor.py::test_views4,batch-07-source-evidence.json#test_torchinductor.py::test_views4,2026-10-08,npu,"{""passed"": 1}",完成
121,07,test_torchinductor.py,GPUTests,test_views5,test/inductor/test_torchinductor.py::GPUTests::test_views5_npu,通过,无,原用例通过,无,未观察到失败,不适用,无,不适用,空切片的 view；空输出不证明非空计算。,batch-07-results.json#test_torchinductor.py::test_views5,batch-07-source-evidence.json#test_torchinductor.py::test_views5,2026-10-08,npu,"{""passed"": 1}",完成
122,07,test_torchinductor.py,GPUTests,test_views6,test/inductor/test_torchinductor.py::GPUTests::test_views6_npu,通过,无,原用例通过,无,未观察到失败,不适用,无,不适用,ReLU 后空切片及形状推导。,batch-07-results.json#test_torchinductor.py::test_views6,batch-07-source-evidence.json#test_torchinductor.py::test_views6,2026-10-08,npu,"{""passed"": 1}",完成
123,07,test_torchinductor.py,GPUTests,test_views7,test/inductor/test_torchinductor.py::GPUTests::test_views7_npu,通过,无,原用例通过,无,未观察到失败,不适用,无,不适用,float32/int32 的位重解释 view(dtype)，区别于数值 cast。,batch-07-results.json#test_torchinductor.py::test_views7,batch-07-source-evidence.json#test_torchinductor.py::test_views7,2026-10-08,npu,"{""passed"": 1}",完成
124,07,test_torchinductor.py,GPUTests,test_view_copy_dtype_change,test/inductor/test_torchinductor.py::GPUTests::test_view_copy_dtype_change_npu,通过,无,原用例通过,无,未观察到失败,不适用,无,不适用,int32 view_copy 到 int64 的形状及数据位重解释。,batch-07-results.json#test_torchinductor.py::test_view_copy_dtype_change,batch-07-source-evidence.json#test_torchinductor.py::test_view_copy_dtype_change,2026-10-08,npu,"{""passed"": 1}",完成
125,07,test_torchinductor.py,GPUTests,test_relu,test/inductor/test_torchinductor.py::GPUTests::test_relu_npu,通过,无,原用例通过,无,未观察到失败,不适用,无,不适用,原始及相加后 ReLU 计算。,batch-07-results.json#test_torchinductor.py::test_relu,batch-07-source-evidence.json#test_torchinductor.py::test_relu,2026-10-08,npu,"{""passed"": 1}",完成
126,07,test_torchinductor.py,GPUTests,test_exp,test/inductor/test_torchinductor.py::GPUTests::test_exp_npu,通过,无,原用例通过,无,未观察到失败,不适用,无,不适用,原始及相加后 exp 计算。,batch-07-results.json#test_torchinductor.py::test_exp,batch-07-source-evidence.json#test_torchinductor.py::test_exp,2026-10-08,npu,"{""passed"": 1}",完成
127,07,test_torchinductor.py,GPUTests,test_exp2,test/inductor/test_torchinductor.py::GPUTests::test_exp2_npu,通过,无,原用例通过,无,未观察到失败,不适用,无,不适用,exp2 与 2 的负绝对差幂。,batch-07-results.json#test_torchinductor.py::test_exp2,batch-07-source-evidence.json#test_torchinductor.py::test_exp2,2026-10-08,npu,"{""passed"": 1}",完成
128,07,test_torchinductor.py,GPUTests,test_logaddexp,test/inductor/test_torchinductor.py::GPUTests::test_logaddexp_npu,失败,eager CANN 参数检查,支持缺口：complex64 logaddexp,aclnnLogAddExp 明确拒绝 DT_COMPLEX64；未进入 compiled/eager 对比。,原测试是 complex64，CUDA 本身由 skipCUDAIf 跳过；该 CUDA 装饰器未对 NPU 生效。,需 complex logaddexp 实现或保持语义的分解,增加 complex64 算子/分解并处理复数对数分支；设备专用 skip 仅能标记能力缺口。,没有 complex 实现及数值/分支回归；转 float 会改变测试语义。,仅证实此 CANN 接口不接收 complex64，不代表实数 logaddexp 不支持。,batch-07-results.json#test_torchinductor.py::test_logaddexp,batch-07-source-evidence.json#test_torchinductor.py::test_logaddexp,2026-10-08,npu,"{""failed"": 1}",完成
129,07,test_torchinductor.py,GPUTests,test_sigmoid,test/inductor/test_torchinductor.py::GPUTests::test_sigmoid_npu,通过,无,原用例通过,无,未观察到失败,不适用,无,不适用,原始及相加后 sigmoid。,batch-07-results.json#test_torchinductor.py::test_sigmoid,batch-07-source-evidence.json#test_torchinductor.py::test_sigmoid,2026-10-08,npu,"{""passed"": 1}",完成
130,07,test_torchinductor.py,GPUTests,test_round,test/inductor/test_torchinductor.py::GPUTests::test_round_npu,通过,无,独立复测通过（初轮编译 worker 退出）,有效补测无失败；初轮出现编译 worker 意外退出，补测限制 NPU 预编译并发为 4 后完成全部原断言。,初轮同时发生容器内存压力和进程退出 137，OOM 计数为 3；缺少对应 worker 的内核终止记录，不能唯一认定该 worker 被 OOM killer 终止。此结果不表明 round 算子存在稳定失败。,不适用,无,不适用,"独立补测完成原方法：8×8 float32 输入及 common 默认的 float16 检查，包含 round(a)、round(b+1)、round(a, decimals=2)。固定原随机种子与精度断言，未验证 backward。初轮编译 worker 退出的完整失败报告单独保留。",batch-07-round-isolated.json#test_torchinductor.py::test_round; batch-07-initial-results.json#test_torchinductor.py::test_round; interruption-resource-evidence.json,batch-07-source-evidence.json#test_torchinductor.py::test_round,2026-10-08,npu,"{""passed"": 1}",完成
131,07,test_torchinductor.py,GPUTests,test_round_correctness,test/inductor/test_torchinductor.py::GPUTests::test_round_correctness_npu,失败,Triton 编译 nearbyint,支持缺口：fp64 libdevice,生成代码 tl.static_assert(tmp0.dtype == tl.float64) 后调用 libdevice.nearbyint；实际实现只接受 fp32，所有配置编译失败。,highest_precision_float 为该设备选择 float64，但 NPU 的 nearbyint 类型契约未覆盖 fp64。,需保留 fp64 语义的 lowering/实现,补充 fp64 nearbyint 支持，或明确设备精度能力并分别建立原语义测试和能力测试。,尚无 fp64 实现；直接转 fp32 无法证明原浮点精度用例通过。,未发生结果精度断言；首错是编译期 dtype 不匹配。,batch-07-results.json#test_torchinductor.py::test_round_correctness,batch-07-source-evidence.json#test_torchinductor.py::test_round_correctness; runtime-source-evidence.json#triton/language/extra/cann/libdevice.py::nearbyint; runtime-source-evidence.json#torch/testing/_internal/common_dtype.py::highest_precision_float,2026-10-08,npu,"{""failed"": 1}",完成
132,07,test_torchinductor.py,GPUTests,test_builtins_round,test/inductor/test_torchinductor.py::GPUTests::test_builtins_round_npu,失败,NPU pre-grad dtype_optimal_pass,待修复 bug：FX 标量类型判断,input_fake 是 SymFloat，优化 pass 在确认节点为 Tensor.to 前先读取 input_fake.dtype，抛出 AttributeError。,NPU 自定义 dtype 优化 pass 未区分符号标量与 Tensor；与硬件 round 指令能力无关。,可修复,先筛选 call_method 的 to 目标，再验证 example_value 为 Tensor；保留 SymFloat 的 round 语义和动态值。,本轮保留原环境失败；尚未提交 pass 修改及动态正负 ndigits 回归。,原 fullgraph/dynamic 测试在 pre-grad 阶段失败，未运行 NPU kernel。,batch-07-results.json#test_torchinductor.py::test_builtins_round,batch-07-source-evidence.json#test_torchinductor.py::test_builtins_round; runtime-source-evidence.json#torch_npu/_inductor/fx_passes/ascend_custom_passes/ascend_graph_pass.py::dtype_optimal_pass,2026-10-08,npu,"{""failed"": 1}",完成
133,07,test_torchinductor.py,GPUTests,test_builtins_round_float_ndigits_pos,test/inductor/test_torchinductor.py::GPUTests::test_builtins_round_float_ndigits_pos_npu,失败,NPU pre-grad dtype_optimal_pass,待修复 bug：FX 标量类型判断,input_fake 是 SymFloat，优化 pass 在确认节点为 Tensor.to 前先读取 input_fake.dtype，抛出 AttributeError。,NPU 自定义 dtype 优化 pass 未区分符号标量与 Tensor；与硬件 round 指令能力无关。,可修复,先筛选 call_method 的 to 目标，再验证 example_value 为 Tensor；保留 SymFloat 的 round 语义和动态值。,本轮保留原环境失败；尚未提交 pass 修改及动态正负 ndigits 回归。,原 fullgraph/dynamic 测试在 pre-grad 阶段失败，未运行 NPU kernel。,batch-07-results.json#test_torchinductor.py::test_builtins_round_float_ndigits_pos,batch-07-source-evidence.json#test_torchinductor.py::test_builtins_round_float_ndigits_pos; runtime-source-evidence.json#torch_npu/_inductor/fx_passes/ascend_custom_passes/ascend_graph_pass.py::dtype_optimal_pass,2026-10-08,npu,"{""failed"": 1}",完成
134,07,test_torchinductor.py,GPUTests,test_builtins_round_float_ndigits_zero,test/inductor/test_torchinductor.py::GPUTests::test_builtins_round_float_ndigits_zero_npu,失败,NPU pre-grad dtype_optimal_pass,待修复 bug：FX 标量类型判断,input_fake 是 SymFloat，优化 pass 在确认节点为 Tensor.to 前先读取 input_fake.dtype，抛出 AttributeError。,NPU 自定义 dtype 优化 pass 未区分符号标量与 Tensor；与硬件 round 指令能力无关。,可修复,先筛选 call_method 的 to 目标，再验证 example_value 为 Tensor；保留 SymFloat 的 round 语义和动态值。,本轮保留原环境失败；尚未提交 pass 修改及动态正负 ndigits 回归。,原 fullgraph/dynamic 测试在 pre-grad 阶段失败，未运行 NPU kernel。,batch-07-results.json#test_torchinductor.py::test_builtins_round_float_ndigits_zero,batch-07-source-evidence.json#test_torchinductor.py::test_builtins_round_float_ndigits_zero; runtime-source-evidence.json#torch_npu/_inductor/fx_passes/ascend_custom_passes/ascend_graph_pass.py::dtype_optimal_pass,2026-10-08,npu,"{""failed"": 1}",完成
135,07,test_torchinductor.py,GPUTests,test_builtins_round_float_ndigits_neg,test/inductor/test_torchinductor.py::GPUTests::test_builtins_round_float_ndigits_neg_npu,失败,NPU pre-grad dtype_optimal_pass,待修复 bug：FX 标量类型判断,input_fake 是 SymFloat，优化 pass 在确认节点为 Tensor.to 前先读取 input_fake.dtype，抛出 AttributeError。,NPU 自定义 dtype 优化 pass 未区分符号标量与 Tensor；与硬件 round 指令能力无关。,可修复,先筛选 call_method 的 to 目标，再验证 example_value 为 Tensor；保留 SymFloat 的 round 语义和动态值。,本轮保留原环境失败；尚未提交 pass 修改及动态正负 ndigits 回归。,原 fullgraph/dynamic 测试在 pre-grad 阶段失败，未运行 NPU kernel。,batch-07-results.json#test_torchinductor.py::test_builtins_round_float_ndigits_neg,batch-07-source-evidence.json#test_torchinductor.py::test_builtins_round_float_ndigits_neg; runtime-source-evidence.json#torch_npu/_inductor/fx_passes/ascend_custom_passes/ascend_graph_pass.py::dtype_optimal_pass,2026-10-08,npu,"{""failed"": 1}",完成
136,07,test_torchinductor.py,GPUTests,test_builtins_round_float_ndigits_neg_uses_value_expr,test/inductor/test_torchinductor.py::GPUTests::test_builtins_round_float_ndigits_neg_uses_value_expr_npu,失败,NPU pre-grad dtype_optimal_pass,待修复 bug：FX 标量类型判断,input_fake 是 SymFloat，优化 pass 在确认节点为 Tensor.to 前先读取 input_fake.dtype，抛出 AttributeError。,NPU 自定义 dtype 优化 pass 未区分符号标量与 Tensor；与硬件 round 指令能力无关。,可修复,先筛选 call_method 的 to 目标，再验证 example_value 为 Tensor；保留 SymFloat 的 round 语义和动态值。,本轮保留原环境失败；尚未提交 pass 修改及动态正负 ndigits 回归。,原 fullgraph/dynamic 测试在 pre-grad 阶段失败，未运行 NPU kernel。,batch-07-results.json#test_torchinductor.py::test_builtins_round_float_ndigits_neg_uses_value_expr,batch-07-source-evidence.json#test_torchinductor.py::test_builtins_round_float_ndigits_neg_uses_value_expr; runtime-source-evidence.json#torch_npu/_inductor/fx_passes/ascend_custom_passes/ascend_graph_pass.py::dtype_optimal_pass,2026-10-08,npu,"{""failed"": 1}",完成
137,07,test_torchinductor.py,GPUTests,test_builtins_round_int_ndigits_pos,test/inductor/test_torchinductor.py::GPUTests::test_builtins_round_int_ndigits_pos_npu,通过,无,原用例通过,无,未观察到失败,不适用,无,不适用,"Python 整数 round(i,1) 的动态 fullgraph 调用。",batch-07-results.json#test_torchinductor.py::test_builtins_round_int_ndigits_pos,batch-07-source-evidence.json#test_torchinductor.py::test_builtins_round_int_ndigits_pos,2026-10-08,npu,"{""passed"": 1}",完成
138,08,test_torchinductor.py,GPUTests,test_builtins_round_int_ndigits_zero,test/inductor/test_torchinductor.py::GPUTests::test_builtins_round_int_ndigits_zero_npu,通过,无,原用例通过,无,未观察到失败,不适用,无,不适用,"Python 整数 round(i,0) 的动态 fullgraph 调用。",batch-08-results.json#test_torchinductor.py::test_builtins_round_int_ndigits_zero,batch-08-source-evidence.json#test_torchinductor.py::test_builtins_round_int_ndigits_zero,2026-10-08,npu,"{""passed"": 1}",完成
139,08,test_torchinductor.py,GPUTests,test_silu,test/inductor/test_torchinductor.py::GPUTests::test_silu_npu,通过,无,原用例通过,无,未观察到失败,不适用,无,不适用,8×8 输入的 SiLU。,batch-08-results.json#test_torchinductor.py::test_silu,batch-08-source-evidence.json#test_torchinductor.py::test_silu,2026-10-08,npu,"{""passed"": 1}",完成
140,08,test_torchinductor.py,GPUTests,test_silu_exact_eager,test/inductor/test_torchinductor.py::GPUTests::test_silu_exact_eager_npu,通过,无,原用例通过,无,未观察到失败,不适用,无,不适用,常规随机输入和全部 65536 种 BF16 位模式；按原 assertEqual 容差并允许 NaN 相等，不另宣称逐比特相等。,batch-08-results.json#test_torchinductor.py::test_silu_exact_eager,batch-08-source-evidence.json#test_torchinductor.py::test_silu_exact_eager,2026-10-08,npu,"{""passed"": 1}",完成
141,08,test_torchinductor.py,GPUTests,test_nan_to_num,test/inductor/test_torchinductor.py::GPUTests::test_nan_to_num_npu,通过,无,原用例通过,无,未观察到失败,不适用,无,不适用,float32 的 NaN/正负 Inf 及显式替换参数；原用例关闭低精度复测。,batch-08-results.json#test_torchinductor.py::test_nan_to_num,batch-08-source-evidence.json#test_torchinductor.py::test_nan_to_num,2026-10-08,npu,"{""passed"": 1}",完成
142,08,test_torchinductor.py,GPUTests,test_one_hot,test/inductor/test_torchinductor.py::GPUTests::test_one_hot_npu,通过,无,原用例通过,无,未观察到失败,不适用,无,不适用,模 8 整数索引的 one_hot 加一；固定 8 类。,batch-08-results.json#test_torchinductor.py::test_one_hot,batch-08-source-evidence.json#test_torchinductor.py::test_one_hot,2026-10-08,npu,"{""passed"": 1}",完成
143,08,test_torchinductor.py,GPUTests,test_div1,test/inductor/test_torchinductor.py::GPUTests::test_div1_npu,通过,无,原用例通过,无,未观察到失败,不适用,无,不适用,随机浮点的 true/floor/trunc 除法及 /、//。,batch-08-results.json#test_torchinductor.py::test_div1,batch-08-source-evidence.json#test_torchinductor.py::test_div1,2026-10-08,npu,"{""passed"": 1}",完成
144,08,test_torchinductor.py,GPUTests,test_div2,test/inductor/test_torchinductor.py::GPUTests::test_div2_npu,通过,无,原用例通过,无,未观察到失败,不适用,无,不适用,整数被除数与浮点除数的类型提升。,batch-08-results.json#test_torchinductor.py::test_div2,batch-08-source-evidence.json#test_torchinductor.py::test_div2,2026-10-08,npu,"{""passed"": 1}",完成
145,08,test_torchinductor.py,GPUTests,test_div3,test/inductor/test_torchinductor.py::GPUTests::test_div3_npu,通过,无,原用例通过,无,未观察到失败,不适用,无,不适用,可整除的正整数输入及多种 rounding_mode。,batch-08-results.json#test_torchinductor.py::test_div3,batch-08-source-evidence.json#test_torchinductor.py::test_div3,2026-10-08,npu,"{""passed"": 1}",完成
146,08,test_torchinductor.py,GPUTests,test_div4,test/inductor/test_torchinductor.py::GPUTests::test_div4_npu,通过,无,原用例通过,无,未观察到失败,不适用,无,不适用,负整数除以正整数的 floor/trunc 差异。,batch-08-results.json#test_torchinductor.py::test_div4,batch-08-source-evidence.json#test_torchinductor.py::test_div4,2026-10-08,npu,"{""passed"": 1}",完成
147,08,test_torchinductor.py,GPUTests,test_div5,test/inductor/test_torchinductor.py::GPUTests::test_div5_npu,通过,无,原用例通过,无,未观察到失败,不适用,无,不适用,负整数张量除以 Python 标量 16。,batch-08-results.json#test_torchinductor.py::test_div5,batch-08-source-evidence.json#test_torchinductor.py::test_div5,2026-10-08,npu,"{""passed"": 1}",完成
148,08,test_torchinductor.py,GPUTests,test_div6,test/inductor/test_torchinductor.py::GPUTests::test_div6_npu,通过,无,原用例通过,无,未观察到失败,不适用,无,不适用,bool 被除数提升为整数并除以负整数。,batch-08-results.json#test_torchinductor.py::test_div6,batch-08-source-evidence.json#test_torchinductor.py::test_div6,2026-10-08,npu,"{""passed"": 1}",完成
149,08,test_torchinductor.py,GPUTests,test_div7,test/inductor/test_torchinductor.py::GPUTests::test_div7_npu,通过,无,原用例通过,无,未观察到失败,不适用,无,不适用,2^32 到 2^40 的 int64 被除数，覆盖超 int32 范围。,batch-08-results.json#test_torchinductor.py::test_div7,batch-08-source-evidence.json#test_torchinductor.py::test_div7,2026-10-08,npu,"{""passed"": 1}",完成
150,08,test_torchinductor.py,GPUTests,test_div9,test/inductor/test_torchinductor.py::GPUTests::test_div9_npu,通过,无,原用例通过,无,未观察到失败,不适用,无,不适用,Python 常量 42 作为被除数的 3 种调用接口。,batch-08-results.json#test_torchinductor.py::test_div9,batch-08-source-evidence.json#test_torchinductor.py::test_div9,2026-10-08,npu,"{""passed"": 1}",完成
151,08,test_torchinductor.py,GPUTests,test_div_zero_dim,test/inductor/test_torchinductor.py::GPUTests::test_div_zero_dim_npu,通过,无,原用例通过,无,未观察到失败,不适用,无,不适用,float32/int64 的零维与一维输入双向广播，排除零除数。,batch-08-results.json#test_torchinductor.py::test_div_zero_dim,batch-08-source-evidence.json#test_torchinductor.py::test_div_zero_dim,2026-10-08,npu,"{""passed"": 1}",完成
152,08,test_torchinductor.py,GPUTests,test_div_prim,test/inductor/test_torchinductor.py::GPUTests::test_div_prim_npu,通过,无,原用例通过,无,未观察到失败,不适用,无,不适用,prims.div 的 float32/int64 输入，排除零除数。,batch-08-results.json#test_torchinductor.py::test_div_prim,batch-08-source-evidence.json#test_torchinductor.py::test_div_prim,2026-10-08,npu,"{""passed"": 1}",完成
153,08,test_torchinductor.py,GPUTests,test_floordiv,test/inductor/test_torchinductor.py::GPUTests::test_floordiv_npu,通过,无,原用例通过,无,未观察到失败,不适用,无,不适用,Python 浮点/整数标量计算与 Tensor 相加。,batch-08-results.json#test_torchinductor.py::test_floordiv,batch-08-source-evidence.json#test_torchinductor.py::test_floordiv,2026-10-08,npu,"{""passed"": 1}",完成
154,08,test_torchinductor.py,GPUTests,test_floordiv_negative_int,test/inductor/test_torchinductor.py::GPUTests::test_floordiv_negative_int_npu,通过,无,原用例通过,无,未观察到失败,不适用,无,不适用,int32 被除数 -32..31，正负除数 2/3/7 的 floor 语义。,batch-08-results.json#test_torchinductor.py::test_floordiv_negative_int,batch-08-source-evidence.json#test_torchinductor.py::test_floordiv_negative_int,2026-10-08,npu,"{""passed"": 1}",完成
155,08,test_torchinductor.py,CpuTests,test_floordiv_int_min_neg_one_cpu,test/inductor/test_torchinductor.py::CpuTests::test_floordiv_int_min_neg_one_cpu_cpu,通过,无,原用例通过,无,未观察到失败,不适用,无,不适用,CPU 专用实例通过，不计为 NPU 功能通过。CPU int32/int64 最小值除以 -1，包含单元素及 128 元素；不计为 NPU 功能通过。,batch-08-results.json#test_torchinductor.py::test_floordiv_int_min_neg_one_cpu,batch-08-source-evidence.json#test_torchinductor.py::test_floordiv_int_min_neg_one_cpu,2026-10-08,explicit_cpu,"{""passed"": 1}",完成
156,08,test_torchinductor.py,CpuTests,test_floordiv_div_by_zero_int_cpu_inductor_raises_error,test/inductor/test_torchinductor.py::CpuTests::test_floordiv_div_by_zero_int_cpu_inductor_raises_error_cpu,通过,无,原用例通过,无,未观察到失败,不适用,无,不适用,CPU 专用实例通过，不计为 NPU 功能通过。CPU 子进程验证 int32/int64 除零抛出 ZeroDivisionError；不计为 NPU 功能通过。,batch-08-results.json#test_torchinductor.py::test_floordiv_div_by_zero_int_cpu_inductor_raises_error,batch-08-source-evidence.json#test_torchinductor.py::test_floordiv_div_by_zero_int_cpu_inductor_raises_error,2026-10-08,explicit_cpu,"{""passed"": 1}",完成
157,08,test_torchinductor.py,GPUTests,test_floordiv_div_by_zero_int,test/inductor/test_torchinductor.py::GPUTests::test_floordiv_div_by_zero_int_npu,失败,compiled 与 eager 结果断言,后端语义差异：整数除零,首个 int32 全零除数输入，compiled 返回 0，NPU eager 返回 2147450751，8/8 元素不一致。,源码注释明确采用 CUDA/Triton 的整数除零返回 0 行为；NPU eager 不遵循该约定。不是普通非零整数除法错误。,需先确定 NPU 整数除零契约,决定返回值或报错契约后统一 eager 与 lowering，独立覆盖 int32/int64 和各被除数。,整数除零在原测试说明中是未定义行为；不能仅按本次 eager 值硬编码修复，也不能改断言冒充兼容。,首个组合失败即结束；尚未跑到该方法后续被除数和 int64。,batch-08-results.json#test_torchinductor.py::test_floordiv_div_by_zero_int,batch-08-source-evidence.json#test_torchinductor.py::test_floordiv_div_by_zero_int,2026-10-08,npu,"{""failed"": 1}",完成
158,09,test_torchinductor.py,GPUTests,test_floordiv_float_accuracy,test/inductor/test_torchinductor.py::GPUTests::test_floordiv_float_accuracy_npu,通过,无,原用例通过,无,未观察到失败,不适用,无,不适用,原方法中针对浮点 floor division 的精度边界输入及断言。,batch-09-results.json#test_torchinductor.py::test_floordiv_float_accuracy,batch-09-source-evidence.json#test_torchinductor.py::test_floordiv_float_accuracy,2026-10-08,npu,"{""passed"": 1}",完成
159,09,test_torchinductor.py,GPUTests,test_div_precision,test/inductor/test_torchinductor.py::GPUTests::test_div_precision_npu,通过,无,原用例通过,无,未观察到失败,不适用,无,不适用,除法接 softmax 的精度回归，含极小标量除数及固定问题输入。,batch-09-results.json#test_torchinductor.py::test_div_precision,batch-09-source-evidence.json#test_torchinductor.py::test_div_precision,2026-10-08,npu,"{""passed"": 1}",完成
160,09,test_torchinductor.py,GPUTests,test_div_presicion_accuracy,test/inductor/test_torchinductor.py::GPUTests::test_div_presicion_accuracy_npu,通过,无,原用例通过,无,未观察到失败,不适用,无,不适用,5×5 浮点输入除以 101 后求和。,batch-09-results.json#test_torchinductor.py::test_div_presicion_accuracy,batch-09-source-evidence.json#test_torchinductor.py::test_div_presicion_accuracy,2026-10-08,npu,"{""passed"": 1}",完成
161,09,test_torchinductor.py,GPUTests,test_div_by_zero,test/inductor/test_torchinductor.py::GPUTests::test_div_by_zero_npu,通过,无,原用例通过,无,未观察到失败,不适用,无,不适用,Python/运行时正负零除数、零被除数及 Inf/NaN 结果。,batch-09-results.json#test_torchinductor.py::test_div_by_zero,batch-09-source-evidence.json#test_torchinductor.py::test_div_by_zero,2026-10-08,npu,"{""passed"": 1}",完成
162,09,test_torchinductor.py,GPUTests,test_sum_keepdims,test/inductor/test_torchinductor.py::GPUTests::test_sum_keepdims_npu,通过,无,原用例通过,无,未观察到失败,不适用,无,不适用,沿末维求和并保留维度。,batch-09-results.json#test_torchinductor.py::test_sum_keepdims,batch-09-source-evidence.json#test_torchinductor.py::test_sum_keepdims,2026-10-08,npu,"{""passed"": 1}",完成
163,09,test_torchinductor.py,GPUTests,test_large_tensor_reduction,test/inductor/test_torchinductor.py::GPUTests::test_large_tensor_reduction_npu,跳过,测试装饰器内主动跳过，未进入测试函数体,大张量测试的 NPU 设备适配缺口（skip）,"largeTensorTest 调用 _has_sufficient_memory；其仅识别 cuda/xpu/xla/cpu/mps，npu 落入 SkipTest(""Unknown device type"")。不是实际测得显存不足。",内存检查工具未接入 NPU，不能据此判定 NPU 不支持大张量或 64 位索引。,可修复：补齐测试工具的 NPU 可用内存检查,按实际 NPU 设备索引查询可用内存和进程配额，保留大张量内存门槛及 cpp_wrapper 额外分配估计；然后执行原断言。,本轮保留原测试门槛，没有绕过装饰器；内存检查适配和原大存储场景尚未复测。,原计划范围：2^32 个 int8 元素的 max，末元素为 2，验证 64 位索引。 实际仅执行到内存检查，未分配该大存储或验证计算结果。,batch-09-results.json#test_torchinductor.py::test_large_tensor_reduction,batch-09-source-evidence.json#test_torchinductor.py::test_large_tensor_reduction; runtime-source-evidence.json#torch/testing/_internal/common_device_type.py::_has_sufficient_memory; runtime-source-evidence.json#torch/testing/_internal/common_device_type.py::largeTensorTest,2026-10-08,npu,"{""skipped"": 1}",完成
164,09,test_torchinductor.py,GPUTests,test_large_broadcast_reduction,test/inductor/test_torchinductor.py::GPUTests::test_large_broadcast_reduction_npu,通过,无,原用例通过,无,未观察到失败,不适用,无,不适用,两个 2^16 长的 int8 输入广播成 2^32 元素后取 max，验证中间索引范围。,batch-09-results.json#test_torchinductor.py::test_large_broadcast_reduction,batch-09-source-evidence.json#test_torchinductor.py::test_large_broadcast_reduction,2026-10-08,npu,"{""passed"": 1}",完成
165,09,test_torchinductor.py,GPUTests,test_large_pointwise,test/inductor/test_torchinductor.py::GPUTests::test_large_pointwise_npu,跳过,测试装饰器内主动跳过，未进入测试函数体,大张量测试的 NPU 设备适配缺口（skip）,"largeTensorTest 调用 _has_sufficient_memory；其仅识别 cuda/xpu/xla/cpu/mps，npu 落入 SkipTest(""Unknown device type"")。不是实际测得显存不足。",内存检查工具未接入 NPU，不能据此判定 NPU 不支持大张量或 64 位索引。,可修复：补齐测试工具的 NPU 可用内存检查,按实际 NPU 设备索引查询可用内存和进程配额，保留大张量内存门槛及 cpp_wrapper 额外分配估计；然后执行原断言。,本轮保留原测试门槛，没有绕过装饰器；内存检查适配和原大存储场景尚未复测。,原计划范围：2^31+1 个 int8 元素加一并检查全部输出。 实际仅执行到内存检查，未分配该大存储或验证计算结果。,batch-09-results.json#test_torchinductor.py::test_large_pointwise,batch-09-source-evidence.json#test_torchinductor.py::test_large_pointwise; runtime-source-evidence.json#torch/testing/_internal/common_device_type.py::_has_sufficient_memory; runtime-source-evidence.json#torch/testing/_internal/common_device_type.py::largeTensorTest,2026-10-08,npu,"{""skipped"": 1}",完成
166,09,test_torchinductor.py,GPUTests,test_large_offset_pointwise,test/inductor/test_torchinductor.py::GPUTests::test_large_offset_pointwise_npu,跳过,测试装饰器内主动跳过，未进入测试函数体,大张量测试的 NPU 设备适配缺口（skip）,"largeTensorTest 调用 _has_sufficient_memory；其仅识别 cuda/xpu/xla/cpu/mps，npu 落入 SkipTest(""Unknown device type"")。不是实际测得显存不足。",内存检查工具未接入 NPU，不能据此判定 NPU 不支持大张量或 64 位索引。,可修复：补齐测试工具的 NPU 可用内存检查,按实际 NPU 设备索引查询可用内存和进程配额，保留大张量内存门槛及 cpp_wrapper 额外分配估计；然后执行原断言。,本轮保留原测试门槛，没有绕过装饰器；内存检查适配和原大存储场景尚未复测。,原计划范围：2^31+1 存储上的大 offset 视图逐元素加四。 实际仅执行到内存检查，未分配该大存储或验证计算结果。,batch-09-results.json#test_torchinductor.py::test_large_offset_pointwise,batch-09-source-evidence.json#test_torchinductor.py::test_large_offset_pointwise; runtime-source-evidence.json#torch/testing/_internal/common_device_type.py::_has_sufficient_memory; runtime-source-evidence.json#torch/testing/_internal/common_device_type.py::largeTensorTest,2026-10-08,npu,"{""skipped"": 1}",完成
167,09,test_torchinductor.py,GPUTests,test_large_strided_reduction,test/inductor/test_torchinductor.py::GPUTests::test_large_strided_reduction_npu,跳过,测试装饰器内主动跳过，未进入测试函数体,大张量测试的 NPU 设备适配缺口（skip）,"largeTensorTest 调用 _has_sufficient_memory；其仅识别 cuda/xpu/xla/cpu/mps，npu 落入 SkipTest(""Unknown device type"")。不是实际测得显存不足。",内存检查工具未接入 NPU，不能据此判定 NPU 不支持大张量或 64 位索引。,可修复：补齐测试工具的 NPU 可用内存检查,按实际 NPU 设备索引查询可用内存和进程配额，保留大张量内存门槛及 cpp_wrapper 额外分配估计；然后执行原断言。,本轮保留原测试门槛，没有绕过装饰器；内存检查适配和原大存储场景尚未复测。,原计划范围：大存储 stride=32 视图的 max，验证 stride 索引超 int32。 实际仅执行到内存检查，未分配该大存储或验证计算结果。,batch-09-results.json#test_torchinductor.py::test_large_strided_reduction,batch-09-source-evidence.json#test_torchinductor.py::test_large_strided_reduction; runtime-source-evidence.json#torch/testing/_internal/common_device_type.py::_has_sufficient_memory; runtime-source-evidence.json#torch/testing/_internal/common_device_type.py::largeTensorTest,2026-10-08,npu,"{""skipped"": 1}",完成
168,09,test_torchinductor.py,GPUTests,test_softmax,test/inductor/test_torchinductor.py::GPUTests::test_softmax_npu,通过,无,原用例通过,无,未观察到失败,不适用,无,不适用,不同维度及相加后 softmax。,batch-09-results.json#test_torchinductor.py::test_softmax,batch-09-source-evidence.json#test_torchinductor.py::test_softmax,2026-10-08,npu,"{""passed"": 1}",完成
169,09,test_torchinductor.py,CpuTests,test_softmax_reused_expensive_pointwise_cpu,test/inductor/test_torchinductor.py::CpuTests::test_softmax_reused_expensive_pointwise_cpu_cpu,通过,无,原用例通过,无,未观察到失败,不适用,无,不适用,CPU 专用实例通过，不计为 NPU 功能通过。CPU 相对位置桶、embedding 和 softmax 的复用及代码生成回归；不计为 NPU 功能通过。,batch-09-results.json#test_torchinductor.py::test_softmax_reused_expensive_pointwise_cpu,batch-09-source-evidence.json#test_torchinductor.py::test_softmax_reused_expensive_pointwise_cpu,2026-10-08,explicit_cpu,"{""passed"": 1}",完成
170,09,test_torchinductor.py,GPUTests,test_log_softmax,test/inductor/test_torchinductor.py::GPUTests::test_log_softmax_npu,通过,无,原用例通过,无,未观察到失败,不适用,无,不适用,不同维度及相加后 log_softmax。,batch-09-results.json#test_torchinductor.py::test_log_softmax,batch-09-source-evidence.json#test_torchinductor.py::test_log_softmax,2026-10-08,npu,"{""passed"": 1}",完成
171,09,test_torchinductor.py,GPUTests,test_transpose,test/inductor/test_torchinductor.py::GPUTests::test_transpose_npu,通过,无,原用例通过,无,未观察到失败,不适用,无,不适用,t/transpose 与逐元素计算组合。,batch-09-results.json#test_torchinductor.py::test_transpose,batch-09-source-evidence.json#test_torchinductor.py::test_transpose,2026-10-08,npu,"{""passed"": 1}",完成
172,09,test_torchinductor.py,GPUTests,test_permute1,test/inductor/test_torchinductor.py::GPUTests::test_permute1_npu,通过,无,原用例通过,无,未观察到失败,不适用,无,不适用,五维 permute 与逐元素计算组合。,batch-09-results.json#test_torchinductor.py::test_permute1,batch-09-source-evidence.json#test_torchinductor.py::test_permute1,2026-10-08,npu,"{""passed"": 1}",完成
173,09,test_torchinductor.py,GPUTests,test_permute_unbacked_slice,test/inductor/test_torchinductor.py::GPUTests::test_permute_unbacked_slice_npu,通过,无,原用例通过,无,未观察到失败,不适用,无,不适用,从 CPU Tensor.item 取得 unbacked slice 终点，验证 NPU permute 后切片。,batch-09-results.json#test_torchinductor.py::test_permute_unbacked_slice,batch-09-source-evidence.json#test_torchinductor.py::test_permute_unbacked_slice,2026-10-08,npu,"{""passed"": 1}",完成
174,09,test_torchinductor.py,GPUTests,test_expand,test/inductor/test_torchinductor.py::GPUTests::test_expand_npu,通过,无,原用例通过,无,未观察到失败,不适用,无,不适用,新增广播维度与 -1 保留维度。,batch-09-results.json#test_torchinductor.py::test_expand,batch-09-source-evidence.json#test_torchinductor.py::test_expand,2026-10-08,npu,"{""passed"": 1}",完成
175,09,test_torchinductor.py,GPUTests,test_squeeze1,test/inductor/test_torchinductor.py::GPUTests::test_squeeze1_npu,通过,无,原用例通过,无,未观察到失败,不适用,无,不适用,一次移除全部 size=1 维度。,batch-09-results.json#test_torchinductor.py::test_squeeze1,batch-09-source-evidence.json#test_torchinductor.py::test_squeeze1,2026-10-08,npu,"{""passed"": 1}",完成
176,09,test_torchinductor.py,GPUTests,test_squeeze2,test/inductor/test_torchinductor.py::GPUTests::test_squeeze2_npu,通过,无,原用例通过,无,未观察到失败,不适用,无,不适用,正负维度索引链式 squeeze。,batch-09-results.json#test_torchinductor.py::test_squeeze2,batch-09-source-evidence.json#test_torchinductor.py::test_squeeze2,2026-10-08,npu,"{""passed"": 1}",完成
177,09,test_torchinductor.py,GPUTests,test_squeeze_varargs,test/inductor/test_torchinductor.py::GPUTests::test_squeeze_varargs_npu,通过,无,原用例通过,无,未观察到失败,不适用,无,不适用,squeeze 同时指定多个维度后 clone。,batch-09-results.json#test_torchinductor.py::test_squeeze_varargs,batch-09-source-evidence.json#test_torchinductor.py::test_squeeze_varargs,2026-10-08,npu,"{""passed"": 1}",完成
178,10,test_torchinductor.py,GPUTests,test_simplify_loops,test/inductor/test_torchinductor.py::GPUTests::test_simplify_loops_npu,通过,无,原用例通过,无,未观察到失败,不适用,无,不适用,五维 Tensor 与 permute 输入相加，验证非平凡布局计算。,batch-10-results.json#test_torchinductor.py::test_simplify_loops,batch-10-source-evidence.json#test_torchinductor.py::test_simplify_loops,2026-10-08,npu,"{""passed"": 1}",完成
179,10,test_torchinductor.py,GPUTests,test_unsqueeze,test/inductor/test_torchinductor.py::GPUTests::test_unsqueeze_npu,通过,无,原用例通过,无,未观察到失败,不适用,无,不适用,正负维度插入轴并与逐元素计算组合。,batch-10-results.json#test_torchinductor.py::test_unsqueeze,batch-10-source-evidence.json#test_torchinductor.py::test_unsqueeze,2026-10-08,npu,"{""passed"": 1}",完成
180,10,test_torchinductor.py,GPUTests,test_unsqueeze_inplace,test/inductor/test_torchinductor.py::GPUTests::test_unsqueeze_inplace_npu,通过,无,原用例通过,无,未观察到失败,不适用,无,不适用,中间 Tensor 的原地 unsqueeze_。,batch-10-results.json#test_torchinductor.py::test_unsqueeze_inplace,batch-10-source-evidence.json#test_torchinductor.py::test_unsqueeze_inplace,2026-10-08,npu,"{""passed"": 1}",完成
181,10,test_torchinductor.py,GPUTests,test_addmm,test/inductor/test_torchinductor.py::GPUTests::test_addmm_npu,通过,无,原用例通过,无,未观察到失败,不适用,无,不适用,8×8 addmm 前后逐元素计算。,batch-10-results.json#test_torchinductor.py::test_addmm,batch-10-source-evidence.json#test_torchinductor.py::test_addmm,2026-10-08,npu,"{""passed"": 1}",完成
182,10,test_torchinductor.py,GPUTests,test_linear_float64,test/inductor/test_torchinductor.py::GPUTests::test_linear_float64_npu,失败,eager Linear/addmm,支持缺口：float64 addmm,aclnnAddmm 明确拒绝 DT_DOUBLE，支持 float/half/bfloat16；未进入编译结果验证。,CUDA/XPU 专用 skip 未排除 NPU；dtype helper 允许构造 double Tensor，并不保证 aclnnAddmm 支持该 dtype。,需 fp64 实现或保持精度的替代路径,补 fp64 addmm 能力或明确精度能力声明；不得将输入改为 float32 作为原用例修复。,没有保持 fp64 语义的实现及误差验证。,仅针对当前 Linear/addmm dtype 组合，不泛化为所有 float64 Tensor 操作失败。,batch-10-results.json#test_torchinductor.py::test_linear_float64,batch-10-source-evidence.json#test_torchinductor.py::test_linear_float64,2026-10-08,npu,"{""failed"": 1}",完成
183,10,test_torchinductor.py,GPUTests,test_linear1,test/inductor/test_torchinductor.py::GPUTests::test_linear1_npu,失败,pad_mm 性能基准设备选择,待修复 bug：设备别名重复计数,_get_default_gpu_device_type 同时把 cuda 与 npu 视作可用，len(avail_gpus)<=1 断言失败。,transfer_to_npu 将 CUDA 查询映射到 NPU，而社区 benchmark 枚举仍分别计算两个设备名。,可修复,按实际后端去重或使用当前输入设备选择 benchmark。,未修改安装源码；需基准选择及原模型回归，禁用 pad_mm 只能绕开失败。,编译优化阶段失败，不是 Linear 数值不一致。,batch-10-results.json#test_torchinductor.py::test_linear1,batch-10-source-evidence.json#test_torchinductor.py::test_linear1; runtime-source-evidence.json#torch/_inductor/runtime/benchmarking.py::_get_default_gpu_device_type,2026-10-08,npu,"{""failed"": 1}",完成
184,10,test_torchinductor.py,GPUTests,test_linear2,test/inductor/test_torchinductor.py::GPUTests::test_linear2_npu,失败,pad_mm 性能基准设备选择,待修复 bug：设备别名重复计数,_get_default_gpu_device_type 同时把 cuda 与 npu 视作可用，len(avail_gpus)<=1 断言失败。,transfer_to_npu 将 CUDA 查询映射到 NPU，而社区 benchmark 枚举仍分别计算两个设备名。,可修复,按实际后端去重或使用当前输入设备选择 benchmark。,未修改安装源码；需基准选择及原模型回归，禁用 pad_mm 只能绕开失败。,编译优化阶段失败，不是 Linear 数值不一致。,batch-10-results.json#test_torchinductor.py::test_linear2,batch-10-source-evidence.json#test_torchinductor.py::test_linear2; runtime-source-evidence.json#torch/_inductor/runtime/benchmarking.py::_get_default_gpu_device_type,2026-10-08,npu,"{""failed"": 1}",完成
185,10,test_torchinductor.py,GPUTests,test_bmm1,test/inductor/test_torchinductor.py::GPUTests::test_bmm1_npu,通过,无,原用例通过,无,未观察到失败,不适用,无,不适用,两组 batch/矩阵形状的 bmm 及前后计算；关闭低精度复测。,batch-10-results.json#test_torchinductor.py::test_bmm1,batch-10-source-evidence.json#test_torchinductor.py::test_bmm1,2026-10-08,npu,"{""passed"": 1}",完成
186,10,test_torchinductor.py,GPUTests,test_bmm2,test/inductor/test_torchinductor.py::GPUTests::test_bmm2_npu,通过,无,原用例通过,无,未观察到失败,不适用,无,不适用,输入 permute 后 bmm；关闭低精度复测。,batch-10-results.json#test_torchinductor.py::test_bmm2,batch-10-source-evidence.json#test_torchinductor.py::test_bmm2,2026-10-08,npu,"{""passed"": 1}",完成
187,10,test_torchinductor.py,GPUTests,test_vmap_dot_decomposes_bmm,test/inductor/test_torchinductor.py::GPUTests::test_vmap_dot_decomposes_bmm_npu,失败,pad_mm 性能基准设备选择,待修复 bug：设备别名重复计数,_get_default_gpu_device_type 同时把 cuda 与 npu 视作可用，len(avail_gpus)<=1 断言失败。,transfer_to_npu 将 CUDA 查询映射到 NPU，而社区 benchmark 枚举仍分别计算两个设备名。,可修复,按实际后端去重或使用当前输入设备选择 benchmark。,未修改安装源码；需基准选择及原模型回归，禁用 pad_mm 只能绕开失败。,vmap(dot) 进入 pad_bmm 基准时失败，首个编译数值对比及无 BMM 代码断言尚未完成；不能与另两个已执行数值对比的 BMM 策略失败合并。,batch-10-results.json#test_torchinductor.py::test_vmap_dot_decomposes_bmm,batch-10-source-evidence.json#test_torchinductor.py::test_vmap_dot_decomposes_bmm; runtime-source-evidence.json#torch/_inductor/runtime/benchmarking.py::_get_default_gpu_device_type,2026-10-08,npu,"{""failed"": 1}",完成
188,10,test_torchinductor.py,GPUTests,test_bmm_dot_shape_decompose_threshold,test/inductor/test_torchinductor.py::GPUTests::test_bmm_dot_shape_decompose_threshold_npu,失败,生成代码策略断言,支持缺口：BMM 点积分解策略,K=32 时生成 extern_kernels.bmm；原断言要求小 K 分解为点积归约。,NPU 保留 extern BMM 路径，原测试检查的是社区小矩阵分解策略；不构成 BMM 数值错误。,可集成分解；是否适用需性能验证,核对 NPU lowering/分解条件，接入动态范围证明和小 K 归约策略；补 NPU 专用代码断言。,尚未验证策略在 NPU 上的收益与精度；删除代码断言不能证明优化已实现。,K=32 数值断言已通过；代码断言失败后未继续 K=33。,batch-10-results.json#test_torchinductor.py::test_bmm_dot_shape_decompose_threshold,batch-10-source-evidence.json#test_torchinductor.py::test_bmm_dot_shape_decompose_threshold,2026-10-08,npu,"{""failed"": 1}",完成
189,10,test_torchinductor.py,GPUTests,test_bmm_dot_shape_dynamic_k_range_spans_decompose_threshold,test/inductor/test_torchinductor.py::GPUTests::test_bmm_dot_shape_dynamic_k_range_spans_decompose_threshold_npu,失败,生成代码策略断言,支持缺口：BMM 点积分解策略,K 标为动态且范围 1..64，实际 K=3 时仍生成 extern_kernels.bmm；原断言要求分解。,NPU 保留 extern BMM 路径，原测试检查的是社区小矩阵分解策略；不构成 BMM 数值错误。,可集成分解；是否适用需性能验证,核对 NPU lowering/分解条件，接入动态范围证明和小 K 归约策略；补 NPU 专用代码断言。,尚未验证策略在 NPU 上的收益与精度；删除代码断言不能证明优化已实现。,实际 K=3 数值断言通过；范围约束不等于已实测全部 K。,batch-10-results.json#test_torchinductor.py::test_bmm_dot_shape_dynamic_k_range_spans_decompose_threshold,batch-10-source-evidence.json#test_torchinductor.py::test_bmm_dot_shape_dynamic_k_range_spans_decompose_threshold,2026-10-08,npu,"{""failed"": 1}",完成
190,10,test_torchinductor.py,GPUTests,test_bmm_dot_shape_int_preserves_eager_error,test/inductor/test_torchinductor.py::GPUTests::test_bmm_dot_shape_int_preserves_eager_error_npu,失败,eager 预期异常检查,测试适配：后端异常类型/文本,NPU eager 拒绝 int64 BMM，返回 RuntimeError/aclnnBatchMatMul dtype 错误；测试要求 CUDA 的 NotImplementedError 及 baddbmm_cuda 文本。,CANN BMM 类型列表只有 float/half/bfloat16；原测试本就期望整数 BMM 不被支持。,可适配 NPU 异常契约,为 NPU 选择正确异常类型与 dtype 错误信息，再检查 compiled 是否保留同样拒绝语义。,本轮未改测试；compiled 检查尚未执行，不能只改 regex 后宣布整体通过。,在 eager 负向断言失败，不代表需要实现 int64 Cube BMM。,batch-10-results.json#test_torchinductor.py::test_bmm_dot_shape_int_preserves_eager_error,batch-10-source-evidence.json#test_torchinductor.py::test_bmm_dot_shape_int_preserves_eager_error,2026-10-08,npu,"{""failed"": 1}",完成
191,10,test_torchinductor.py,GPUTests,test_mixed_mm,test/inductor/test_torchinductor.py::GPUTests::test_mixed_mm_npu,通过,无,原用例通过,无,未观察到失败,不适用,无,不适用,int8 权重显式转换到激活 dtype 后 mm；不是两个原始不同 dtype 的直接 mm。,batch-10-results.json#test_torchinductor.py::test_mixed_mm,batch-10-source-evidence.json#test_torchinductor.py::test_mixed_mm,2026-10-08,npu,"{""passed"": 1}",完成
192,10,test_torchinductor.py,GPUTests,test_mixed_mm2,test/inductor/test_torchinductor.py::GPUTests::test_mixed_mm2_npu,通过,无,原用例通过,无,未观察到失败,不适用,无,不适用,int8 权重转换后 mm，再乘 scale 加 bias。,batch-10-results.json#test_torchinductor.py::test_mixed_mm2,batch-10-source-evidence.json#test_torchinductor.py::test_mixed_mm2,2026-10-08,npu,"{""passed"": 1}",完成
193,10,test_torchinductor.py,GPUTests,test_mixed_mm3,test/inductor/test_torchinductor.py::GPUTests::test_mixed_mm3_npu,通过,无,原用例通过,无,未观察到失败,不适用,无,不适用,256×256 的 int8 权重转换后 mm，采用原测试 atol=0.1、rtol=0.01。,batch-10-results.json#test_torchinductor.py::test_mixed_mm3,batch-10-source-evidence.json#test_torchinductor.py::test_mixed_mm3,2026-10-08,npu,"{""passed"": 1}",完成
194,10,test_torchinductor.py,GPUTests,test_uint4x2_mixed_mm,test/inductor/test_torchinductor.py::GPUTests::test_uint4x2_mixed_mm_npu,通过,无,原用例通过,无,未观察到失败,不适用,无,不适用,uint8 的高低 4 位拆包、reshape、转激活 dtype、减 8 后 mm。,batch-10-results.json#test_torchinductor.py::test_uint4x2_mixed_mm,batch-10-source-evidence.json#test_torchinductor.py::test_uint4x2_mixed_mm,2026-10-08,npu,"{""passed"": 1}",完成
195,10,test_torchinductor.py,GPUTests,test_mm_mixed_dtype,test/inductor/test_torchinductor.py::GPUTests::test_mm_mixed_dtype_npu,失败,eager 预期异常文本检查,测试适配：混合 dtype 错误契约,原测试要求 expected ... same dtype 文本；当前 CANN Mm 对 int64 参数报告 dtype 支持列表错误，原正则不匹配。,测试输入本来就应报错；NPU 检查顺序/错误信息与社区不同。,可适配或统一前置 dtype 校验,决定兼容的错误契约；在进入 CANN 前明确验证 dtype，或为 NPU 建立精确的负向断言并继续 compiled 检查。,未修改测试/错误检查；不能放宽成任意异常，否则会掩盖其它问题。,首个 eager 断言失败，compiled 和 Linear autograd 分支尚未执行。,batch-10-results.json#test_torchinductor.py::test_mm_mixed_dtype,batch-10-source-evidence.json#test_torchinductor.py::test_mm_mixed_dtype,2026-10-08,npu,"{""failed"": 1}",完成
196,10,test_torchinductor.py,GPUTests,test_linear_mixed_dtype,test/inductor/test_torchinductor.py::GPUTests::test_linear_mixed_dtype_npu,失败,eager 预期异常文本检查,测试适配：混合 dtype 错误契约,原测试要求 expected ... same dtype 文本；当前 CANN Matmul 对 int64 参数报告 dtype 支持列表错误，原正则不匹配。,测试输入本来就应报错；NPU 检查顺序/错误信息与社区不同。,可适配或统一前置 dtype 校验,决定兼容的错误契约；在进入 CANN 前明确验证 dtype，或为 NPU 建立精确的负向断言并继续 compiled 检查。,未修改测试/错误检查；不能放宽成任意异常，否则会掩盖其它问题。,首个 eager 断言失败，compiled 和 Linear autograd 分支尚未执行。,batch-10-results.json#test_torchinductor.py::test_linear_mixed_dtype,batch-10-source-evidence.json#test_torchinductor.py::test_linear_mixed_dtype,2026-10-08,npu,"{""failed"": 1}",完成
197,10,test_torchinductor.py,GPUTests,test_linear_dynamic_maxautotune,test/inductor/test_torchinductor.py::GPUTests::test_linear_dynamic_maxautotune_npu,跳过,setup 装饰器,跳过：社区大 GPU 阈值,IS_BIG_GPU=False，原装饰器因 not enough SM 跳过。,CUDA SM 数量门槛未描述 NPU Cube/Vector 资源，不是 linear_dynamic 算子实测失败。,需设备专用能力/资源判断,建立 NPU autotune 能力条件后执行原动态 shape 及 Triton-only 路径。,本轮保持装饰器；未把跳过当作通过。,没有进入函数体。,batch-10-results.json#test_torchinductor.py::test_linear_dynamic_maxautotune,batch-10-source-evidence.json#test_torchinductor.py::test_linear_dynamic_maxautotune,2026-10-08,npu,"{""skipped"": 1}",完成
198,11,test_torchinductor.py,GPUTests,test_scalar_input,test/inductor/test_torchinductor.py::GPUTests::test_scalar_input_npu,通过,无,原用例通过,无,未观察到失败,不适用,无,不适用,Python 标量 5400 作为整除除数。,batch-11-results.json#test_torchinductor.py::test_scalar_input,batch-11-source-evidence.json#test_torchinductor.py::test_scalar_input,2026-10-08,npu,"{""passed"": 1}",完成
199,11,test_torchinductor.py,GPUTests,test_scalar_output,test/inductor/test_torchinductor.py::GPUTests::test_scalar_output_npu,通过,无,原用例通过,无,未观察到失败,不适用,无,不适用,动态 shape 的 embedding，返回 Tensor 与符号维度值。,batch-11-results.json#test_torchinductor.py::test_scalar_output,batch-11-source-evidence.json#test_torchinductor.py::test_scalar_output,2026-10-08,npu,"{""passed"": 1}",完成
200,11,test_torchinductor.py,GPUTests,test_shape_prop_torch_ones,test/inductor/test_torchinductor.py::GPUTests::test_shape_prop_torch_ones_npu,通过,无,原用例通过,无,未观察到失败,不适用,无,不适用,attention_scores 与函数内创建的 ones 广播相加。,batch-11-results.json#test_torchinductor.py::test_shape_prop_torch_ones,batch-11-source-evidence.json#test_torchinductor.py::test_shape_prop_torch_ones,2026-10-08,npu,"{""passed"": 1}",完成
201,11,test_torchinductor.py,GPUTests,test_conv_bn_fuse,test/inductor/test_torchinductor.py::GPUTests::test_conv_bn_fuse_npu,跳过,setup slowTest 装饰器,跳过：slow 门槛及 CPU 专用测试,未启用 PYTORCH_TEST_WITH_SLOW；源码函数体还会在 self.device==GPU_TYPE 时跳过。,该原用例只支持 CPU conv-bn 融合测试，不足以判断 NPU 融合功能。,测试范围设计问题,为 NPU 建立融合正确性与是否融合的独立检查；仅启用 slow 标记仍会遇到 CPU-only 条件。,本轮验证 NPU 原实例，不改掉 CPU-only 设计。,无 NPU conv-bn 执行证据。,batch-11-results.json#test_torchinductor.py::test_conv_bn_fuse,batch-11-source-evidence.json#test_torchinductor.py::test_conv_bn_fuse,2026-10-08,npu,"{""skipped"": 1}",完成
202,11,test_torchinductor.py,GPUTests,test_conv_functional_bn_fuse,test/inductor/test_torchinductor.py::GPUTests::test_conv_functional_bn_fuse_npu,跳过,call 主动跳过,跳过：原测试限定 CPU,函数体检测 self.device==GPU_TYPE 后主动 SkipTest；functional BN 融合 组合没有执行。,原测试条件明确排除加速器，不是 NPU 算子报错。,需增加 NPU 测试覆盖,单独适配 NPU 融合/组合测试并保留数值与代码证据。,本轮保持原测试边界；未将 skip 作为通过。,仅确认装饰/函数条件，不判断 NPU 能力。,batch-11-results.json#test_torchinductor.py::test_conv_functional_bn_fuse,batch-11-source-evidence.json#test_torchinductor.py::test_conv_functional_bn_fuse,2026-10-08,npu,"{""skipped"": 1}",完成
203,11,test_torchinductor.py,GPUTests,test_conv_inference_heuristics,test/inductor/test_torchinductor.py::GPUTests::test_conv_inference_heuristics_npu,失败,生成代码 FileCheck,测试/策略适配：卷积代码生成检查,分组 Conv2d 编译执行后，代码文本找不到原测试要求的 .convolution(。,原方法要求社区卷积调用及 channels-last 变换模式；NPU 将 convolution 纳入 fallback 注册，不能直接套该文本。,可适配代码检查；优化策略需分别验证,采集 NPU wrapper 调用与布局转换，按真实算子/布局检查等价意图。,未修改 FileCheck；本次 traceback 只包含代码开头，未据此宣称具体 fallback 调用已执行。,第一段分组卷积代码检查失败；后续普通卷积及 channels-last 检查未运行。,batch-11-results.json#test_torchinductor.py::test_conv_inference_heuristics,batch-11-source-evidence.json#test_torchinductor.py::test_conv_inference_heuristics; runtime-source-evidence.json#torch_npu/_inductor/lowering_fallback_list.py::convolution_entries,2026-10-08,npu,"{""failed"": 1}",完成
204,11,test_torchinductor.py,GPUTests,test_upsample_cat_conv,test/inductor/test_torchinductor.py::GPUTests::test_upsample_cat_conv_npu,跳过,call 主动跳过,跳过：原测试限定 CPU,函数体检测 self.device==GPU_TYPE 后主动 SkipTest；upsample/cat/conv 组合没有执行。,原测试条件明确排除加速器，不是 NPU 算子报错。,需增加 NPU 测试覆盖,单独适配 NPU 融合/组合测试并保留数值与代码证据。,本轮保持原测试边界；未将 skip 作为通过。,仅确认装饰/函数条件，不判断 NPU 能力。,batch-11-results.json#test_torchinductor.py::test_upsample_cat_conv,batch-11-source-evidence.json#test_torchinductor.py::test_upsample_cat_conv,2026-10-08,npu,"{""skipped"": 1}",完成
205,11,test_torchinductor.py,GPUTests,test_aliased_buffer_reuse,test/inductor/test_torchinductor.py::GPUTests::test_aliased_buffer_reuse_npu,通过,无,原用例通过,无,未观察到失败,不适用,无,不适用,cat、加法、mm 与切片复用组合；前向结果断言本身不证明特定 buffer 复用策略被选择。,batch-11-results.json#test_torchinductor.py::test_aliased_buffer_reuse,batch-11-source-evidence.json#test_torchinductor.py::test_aliased_buffer_reuse,2026-10-08,npu,"{""passed"": 1}",完成
206,11,test_torchinductor.py,GPUTests,test_slice_view_with_graph_break,test/inductor/test_torchinductor.py::GPUTests::test_slice_view_with_graph_break_npu,通过,无,原用例通过,无,未观察到失败,不适用,无,不适用,数据依赖分支前后的原地修改及别名视图；允许 graph break。,batch-11-results.json#test_torchinductor.py::test_slice_view_with_graph_break,batch-11-source-evidence.json#test_torchinductor.py::test_slice_view_with_graph_break,2026-10-08,npu,"{""passed"": 1}",完成
207,11,test_torchinductor.py,GPUTests,test_view_detach,test/inductor/test_torchinductor.py::GPUTests::test_view_detach_npu,通过,无,原用例通过,无,未观察到失败,不适用,无,不适用,带 requires_grad 输入的 view.detach 前向输出，默认没有调用 backward 验证梯度。,batch-11-results.json#test_torchinductor.py::test_view_detach,batch-11-source-evidence.json#test_torchinductor.py::test_view_detach,2026-10-08,npu,"{""passed"": 1}",完成
208,11,test_torchinductor.py,GPUTests,test_gather1,test/inductor/test_torchinductor.py::GPUTests::test_gather1_npu,通过,无,原用例通过,无,未观察到失败,不适用,无,不适用,广播输入及正负 dim 的 gather。,batch-11-results.json#test_torchinductor.py::test_gather1,batch-11-source-evidence.json#test_torchinductor.py::test_gather1,2026-10-08,npu,"{""passed"": 1}",完成
209,11,test_torchinductor.py,GPUTests,test_gather3,test/inductor/test_torchinductor.py::GPUTests::test_gather3_npu,失败,AOTAutograd 联合图 Meta 推导,待修复 bug：稀疏梯度 Meta/分解递归,gather sparse_grad=True 触发 NPU npu_gather_backward__meta 的 Meta 函数，构造 sparse_coo_tensor 后在 _to_copy→prims.device_put→Tensor.to 间递归至 RecursionError。,故障发生在 Meta/FakeTensor 推导与稀疏梯度构造，不是 NPU gather 前向 kernel 数值失败；仅有 transfer wrapper 在栈中不足以认定它是根因。,可修复；需稀疏 Meta/分解协议定位,避免 Meta 构造触发真实 CPU 迁移；检查 sparse_coo Meta 注册及 device_put 的 decomposition 重入，补带 sparse_grad 的 AOT 回归。,未修改 Meta/分解；提高 recursionlimit 或关闭 sparse_grad 不能修复被测语义。,eager 前向通过，联合图构造失败；原 common 默认不显式执行 backward，但 AOT 仍会推导它。,batch-11-results.json#test_torchinductor.py::test_gather3,batch-11-source-evidence.json#test_torchinductor.py::test_gather3; runtime-source-evidence.json#torch_npu/op_plugin/meta/_meta_registrations.py::npu_gather_backward__meta; runtime-source-evidence.json#torch/_decomp/decompositions.py::_to_copy; runtime-source-evidence.json#torch/_prims/__init__.py::_device_put_aten,2026-10-08,npu,"{""failed"": 1}",完成
210,11,test_torchinductor.py,GPUTests,test_device_assert,test/inductor/test_torchinductor.py::GPUTests::test_device_assert_npu,失败,compiled wrapper 执行 CANN fallback,支持缺口：float64 trunc,compiled 函数在 aten.trunc.default 调用中进入 aclnnTrunc，拒绝 DT_DOUBLE。,测试 helper 选择 float64，NPU Trunc 支持列表无 double；不是 device assert 被触发。,需 fp64 trunc 实现或等价 lowering,补保留 fp64 行为的 trunc 或对应 lowering，并复测 x 长度 30/36。,改用 fp32 会改变原测试输入；尚无 fp64 修复。,Python 先求值 compiled 参数时失败，eager 参数与第二种 shape 尚未执行。,batch-11-results.json#test_torchinductor.py::test_device_assert,batch-11-source-evidence.json#test_torchinductor.py::test_device_assert; runtime-source-evidence.json#torch/testing/_internal/common_dtype.py::highest_precision_float,2026-10-08,npu,"{""failed"": 1}",完成
211,11,test_torchinductor.py,GPUTests,test_slice1,test/inductor/test_torchinductor.py::GPUTests::test_slice1_npu,通过,无,原用例通过,无,未观察到失败,不适用,无,不适用,正负切片索引、越界截断及相加。,batch-11-results.json#test_torchinductor.py::test_slice1,batch-11-source-evidence.json#test_torchinductor.py::test_slice1,2026-10-08,npu,"{""passed"": 1}",完成
212,11,test_torchinductor.py,GPUTests,test_slice2,test/inductor/test_torchinductor.py::GPUTests::test_slice2_npu,通过,无,原用例通过,无,未观察到失败,不适用,无,不适用,stride=2、负索引和不同切片相加。,batch-11-results.json#test_torchinductor.py::test_slice2,batch-11-source-evidence.json#test_torchinductor.py::test_slice2,2026-10-08,npu,"{""passed"": 1}",完成
213,11,test_torchinductor.py,GPUTests,test_slice3,test/inductor/test_torchinductor.py::GPUTests::test_slice3_npu,通过,无,原用例通过,无,未观察到失败,不适用,无,不适用,负终点的 aten.slice；大四维输入。,batch-11-results.json#test_torchinductor.py::test_slice3,batch-11-source-evidence.json#test_torchinductor.py::test_slice3,2026-10-08,npu,"{""passed"": 1}",完成
214,11,test_torchinductor.py,GPUTests,test_slice4,test/inductor/test_torchinductor.py::GPUTests::test_slice4_npu,通过,无,原用例通过,无,未观察到失败,不适用,无,不适用,start/end 越界和逆序边界导致的空切片。,batch-11-results.json#test_torchinductor.py::test_slice4,batch-11-source-evidence.json#test_torchinductor.py::test_slice4,2026-10-08,npu,"{""passed"": 1}",完成
215,11,test_torchinductor.py,GPUTests,test_split_with_list,test/inductor/test_torchinductor.py::GPUTests::test_split_with_list_npu,通过,无,原用例通过,无,未观察到失败,不适用,无,不适用,"[3,3,4]、[4,3,3]、[1,2,3,4] 三组分割长度及逐块计算。",batch-11-results.json#test_torchinductor.py::test_split_with_list,batch-11-source-evidence.json#test_torchinductor.py::test_split_with_list,2026-10-08,npu,"{""passed"": 1}",完成
216,11,test_torchinductor.py,GPUTests,test_split_overload_packet_lowering,test/inductor/test_torchinductor.py::GPUTests::test_split_overload_packet_lowering_npu,通过,无,原用例通过,无,未观察到失败,不适用,无,不适用,手工 FX 图调用 aten.split overload packet 的 lowering。,batch-11-results.json#test_torchinductor.py::test_split_overload_packet_lowering,batch-11-source-evidence.json#test_torchinductor.py::test_split_overload_packet_lowering,2026-10-08,npu,"{""passed"": 1}",完成
217,11,test_torchinductor.py,GPUTests,test_unsafe_split_empty_tensor_zero_size,test/inductor/test_torchinductor.py::GPUTests::test_unsafe_split_empty_tensor_zero_size_npu,通过,无,原用例通过,无,未观察到失败,不适用,无,不适用,空 Tensor，split_size=0/2，每次重置 Dynamo 后比较原语义。,batch-11-results.json#test_torchinductor.py::test_unsafe_split_empty_tensor_zero_size,batch-11-source-evidence.json#test_torchinductor.py::test_unsafe_split_empty_tensor_zero_size,2026-10-08,npu,"{""passed"": 1}",完成
218,12,test_torchinductor.py,GPUTests,test_split_empty_dim,test/inductor/test_torchinductor.py::GPUTests::test_split_empty_dim_npu,通过,无,原用例通过,无,未观察到失败,不适用,无,不适用,中间维度为空的 split/unsafe_split，split_size=0/2。,batch-12-results.json#test_torchinductor.py::test_split_empty_dim,batch-12-source-evidence.json#test_torchinductor.py::test_split_empty_dim,2026-10-08,npu,"{""passed"": 1}",完成
219,12,test_torchinductor.py,GPUTests,test_split_size_greater_than_dim,test/inductor/test_torchinductor.py::GPUTests::test_split_size_greater_than_dim_npu,通过,无,原用例通过,无,未观察到失败,不适用,无,不适用,split_size 大于维度长度的 split/unsafe_split。,batch-12-results.json#test_torchinductor.py::test_split_size_greater_than_dim,batch-12-source-evidence.json#test_torchinductor.py::test_split_size_greater_than_dim,2026-10-08,npu,"{""passed"": 1}",完成
220,12,test_torchinductor.py,GPUTests,test_split,test/inductor/test_torchinductor.py::GPUTests::test_split_npu,通过,无,原用例通过,无,未观察到失败,不适用,无,不适用,末维长度 10 按大小 3 分割，含分割前相加。,batch-12-results.json#test_torchinductor.py::test_split,batch-12-source-evidence.json#test_torchinductor.py::test_split,2026-10-08,npu,"{""passed"": 1}",完成
221,12,test_torchinductor.py,GPUTests,test_unsafe_chunk_empty_tensor,test/inductor/test_torchinductor.py::GPUTests::test_unsafe_chunk_empty_tensor_npu,通过,无,原用例通过,无,未观察到失败,不适用,无,不适用,空 Tensor 的 chunk 数和 shape，并经 NPU common 检查；最前部直接 torch.zeros(0) 还覆盖 CPU 路径。,batch-12-results.json#test_torchinductor.py::test_unsafe_chunk_empty_tensor,batch-12-source-evidence.json#test_torchinductor.py::test_unsafe_chunk_empty_tensor,2026-10-08,npu,"{""passed"": 1}",完成
222,12,test_torchinductor.py,GPUTests,test_low_memory_max_pool,test/inductor/test_torchinductor.py::GPUTests::test_low_memory_max_pool_dilation_1_dim_2_use_block_ptr_False_npu; test/inductor/test_torchinductor.py::GPUTests::test_low_memory_max_pool_dilation_1_dim_2_use_block_ptr_True_npu; test/inductor/test_torchinductor.py::GPUTests::test_low_memory_max_pool_dilation_1_dim_3_use_block_ptr_False_npu; test/inductor/test_torchinductor.py::GPUTests::test_low_memory_max_pool_dilation_1_dim_3_use_block_ptr_True_npu; test/inductor/test_torchinductor.py::GPUTests::test_low_memory_max_pool_dilation_2_dim_2_use_block_ptr_False_npu; test/inductor/test_torchinductor.py::GPUTests::test_low_memory_max_pool_dilation_2_dim_2_use_block_ptr_True_npu; test/inductor/test_torchinductor.py::GPUTests::test_low_memory_max_pool_dilation_2_dim_3_use_block_ptr_False_npu; test/inductor/test_torchinductor.py::GPUTests::test_low_memory_max_pool_dilation_2_dim_3_use_block_ptr_True_npu,通过,无,原用例通过,无,未观察到失败,不适用,无,不适用,2D/3D、dilation=1/2、use_block_ptr=False/True 共 8 个参数实例的值、索引和 offset。,batch-12-results.json#test_torchinductor.py::test_low_memory_max_pool,batch-12-source-evidence.json#test_torchinductor.py::test_low_memory_max_pool,2026-10-08,npu,"{""passed"": 8}",完成
223,12,test_torchinductor.py,GPUTests,test_max_unpool_empty_output,test/inductor/test_torchinductor.py::GPUTests::test_max_unpool_empty_output_npu,失败,eager MaxUnpool1d 参考结果,支持缺口：unpool 空输出边界,首个 1D 用例经 max_unpool2d 实现进入 aclnnMaxUnpool2d；outputSize 含 0 被参数校验拒绝。,CANN 接口要求输出维度大于 0，而原 PyTorch 测试要求允许空输出退化情形。,可补空输出处理,在 NPU 适配层遵循 PyTorch 形状/参数契约，为合法空输出创建正确 Tensor 并避免调用要求正维度的 CANN kernel；补齐 1D/2D/3D 边界。,未修改算子包装；尚未验证空输出时索引校验、dtype 和梯度等契约。,第一组 eager 参考结果失败，compiled 及后续 2D/3D 子用例未运行。,batch-12-results.json#test_torchinductor.py::test_max_unpool_empty_output,batch-12-source-evidence.json#test_torchinductor.py::test_max_unpool_empty_output,2026-10-08,npu,"{""failed"": 1}",完成
224,12,test_torchinductor.py,GPUTests,test_to_dtype,test/inductor/test_torchinductor.py::GPUTests::test_to_dtype_npu,失败,Triton/BiShengHIR 编译验证,支持缺口：float64 load/计算 lowering,包含 float64 输入 b+1 的生成 kernel 在 regbase pipeline 中使用 f64 memref；hivm.hir.load 的类型验证列表不含 f64，编译失败。,失败的是 double 输入分支的后端 IR 类型契约，不能据此认定所有 to(dtype) 失败；错误列表允许 int64/uint64，不能泛化为不支持 64 位加载。,需 fp64 lowering 或保留语义的替代实现,补齐 double load/计算/转换的支持或精度保持路径；验证输出 dtype、数值及设备位置。,仅把 b 改为 float32 会取消原用例覆盖；尚无 fp64 后端实现及回归。,编译期失败，未完成原方法所有输出的数值对比。,batch-12-results.json#test_torchinductor.py::test_to_dtype,batch-12-source-evidence.json#test_torchinductor.py::test_to_dtype,2026-10-08,npu,"{""failed"": 1}",完成
225,12,test_torchinductor.py,GPUTests,test_to_device,test/inductor/test_torchinductor.py::GPUTests::test_to_device_npu,通过,无,原用例通过,无,未观察到失败,不适用,无,不适用,NPU common 先将输入搬到 NPU，本实例主要检查 NPU→CPU 的 _to_copy。,batch-12-results.json#test_torchinductor.py::test_to_device,batch-12-source-evidence.json#test_torchinductor.py::test_to_device,2026-10-08,npu,"{""passed"": 1}",完成
226,12,test_torchinductor.py,GPUTests,test_to_memory_format,test/inductor/test_torchinductor.py::GPUTests::test_to_memory_format_npu,失败,eager Tensor.to(memory_format),支持缺口：channels_last 公共接口,首次转 torch.channels_last 时抛出 Only contiguous_format or preserve_format is supported，尚未进入 compiled 对比。,当前 NPU to(memory_format) 仅允许 contiguous/preserve；NPU 私有存储格式不等同于 PyTorch channels_last 的可见 stride 契约。,可研发公共内存布局支持,支持 channels_last 的分配/拷贝及 stride 语义，统一 eager/Meta/Inductor；同时检查与 NPU 私有格式转换的关系。,未修改接口实现；删除 memory_format 参数或仅使用 NPU format_cast 不能证明原语义通过。,第一次 contiguous→channels_last 失败；反向转换与编译路径未执行。,batch-12-results.json#test_torchinductor.py::test_to_memory_format,batch-12-source-evidence.json#test_torchinductor.py::test_to_memory_format,2026-10-08,npu,"{""failed"": 1}",完成
227,12,test_torchinductor.py,GPUTests,test_to_device_constant,test/inductor/test_torchinductor.py::GPUTests::test_to_device_constant_npu,通过,无,原用例通过,无,未观察到失败,不适用,无,不适用,CPU 创建常量后传入 NPU，含常量创建与相加路径。,batch-12-results.json#test_torchinductor.py::test_to_device_constant,batch-12-source-evidence.json#test_torchinductor.py::test_to_device_constant,2026-10-08,npu,"{""passed"": 1}",完成
228,12,test_torchinductor.py,GPUTests,test_to_copy_fp64_to_no_fp64_device,test/inductor/test_torchinductor.py::GPUTests::test_to_copy_fp64_to_no_fp64_device_npu,通过,无,原用例通过,无,未观察到失败,不适用,无,不适用,mock 目标不支持 fp64，检查生成代码无 *fp64 指针；原方法没有数值 assert_close。,batch-12-results.json#test_torchinductor.py::test_to_copy_fp64_to_no_fp64_device,batch-12-source-evidence.json#test_torchinductor.py::test_to_copy_fp64_to_no_fp64_device,2026-10-08,npu,"{""passed"": 1}",完成
229,12,test_torchinductor.py,GPUTests,test_multi_device,test/inductor/test_torchinductor.py::GPUTests::test_multi_device_npu,通过,无,原用例通过,无,未观察到失败,不适用,无,不适用,CPU/NPU 多次往返及逐步加法。,batch-12-results.json#test_torchinductor.py::test_multi_device,batch-12-source-evidence.json#test_torchinductor.py::test_multi_device,2026-10-08,npu,"{""passed"": 1}",完成
230,12,test_torchinductor.py,GPUTests,test_multi_gpu_device,test/inductor/test_torchinductor.py::GPUTests::test_multi_gpu_device_npu,失败,eager 参考结果的 NPU:0→NPU:1 复制，尚未进入编译,NPU P2P 运行时/驱动资源失败（根因范围已定位，具体资源待确认）,默认 NPU:0 的独立原用例在 Tensor.to(npu:1) 启用 peer access 时，aclrtDeviceEnablePeerAccess 返回 207001/OutOfMemoryError。初轮默认 NPU:1 的通过仅为同卡路径。关闭 transfer 包装且不使用 torch.compile 的 4 元素复制也复现同错。,NPU P2P 路径检查双向能力并启用两端 peer access；探针的 0→1 和 1→0 能力查询均为 True，但启用失败。两卡 mem_get_info 空闲分别约 122.48/121.96 GiB，不能据此声称 HBM 已满或 NPU 永久不支持跨卡；驱动内部映射/资源失败的确切对象未得到证据。,需先确认运行时/驱动具体资源原因，不能承诺仅修改 Inductor 可修复,检查此卡对的 peer-access 资源和驱动/CANN 诊断；环境问题恢复后先验证 eager 0→1 复制，再复测原编译用例。若定位到运行时管理错误，再修复对应层；不得把目标改为源卡绕过跨卡断言。,本轮只有 API 返回码、卡内存查询和独立复现，缺少驱动内部失败对象；未重置设备、终止其它任务或修改系统环境。,有效结果采用默认 NPU:0、全部 8 卡可见的原测试；eager 复制失败，compiled 结果和跨卡后的乘法未验证。初轮默认 NPU:1 的通过另保留，不能作为跨卡通过。,batch-12-multigpu-default-zero.json#test_torchinductor.py::test_multi_gpu_device; batch-12-initial-results.json#test_torchinductor.py::test_multi_gpu_device; batch-12-p2p-probe.json,batch-12-source-evidence.json#test_torchinductor.py::test_multi_gpu_device; runtime-source-evidence.json#torch_npu/csrc/core/npu/NPUPeerToPeerAccess.cpp::enable_peer_access; runtime-source-evidence.json#supplemental::p2p_probe.py,2026-10-08,npu,"{""failed"": 1}",完成
231,12,test_torchinductor.py,GPUTests,test_multi_gpu_recompile_on_index,test/inductor/test_torchinductor.py::GPUTests::test_multi_gpu_recompile_on_index_npu,通过,无,原用例通过,无,未观察到失败,不适用,无,不适用,从 NPU:0 到 NPU:1 的输入导致 device-index guard 失败及重编译；原方法不比较矩阵输出数值。,batch-12-results.json#test_torchinductor.py::test_multi_gpu_recompile_on_index,batch-12-source-evidence.json#test_torchinductor.py::test_multi_gpu_recompile_on_index,2026-10-08,npu,"{""passed"": 1}",完成
232,12,test_torchinductor.py,GPUTests,test_unbind,test/inductor/test_torchinductor.py::GPUTests::test_unbind_npu,通过,无,原用例通过,无,未观察到失败,不适用,无,不适用,默认 dim 与末维的 unbind。,batch-12-results.json#test_torchinductor.py::test_unbind,batch-12-source-evidence.json#test_torchinductor.py::test_unbind,2026-10-08,npu,"{""passed"": 1}",完成
233,12,test_torchinductor.py,GPUTests,test_conv1d_with_permute,test/inductor/test_torchinductor.py::GPUTests::test_conv1d_with_permute_npu,通过,无,原用例通过,无,未观察到失败,不适用,无,不适用,"[32,100,1] 输入 permute 后 Conv1d；关闭低精度复测。",batch-12-results.json#test_torchinductor.py::test_conv1d_with_permute,batch-12-source-evidence.json#test_torchinductor.py::test_conv1d_with_permute,2026-10-08,npu,"{""passed"": 1}",完成
234,12,test_torchinductor.py,GPUTests,test_conv1d_depthwise,test/inductor/test_torchinductor.py::GPUTests::test_conv1d_depthwise_npu,通过,无,原用例通过,无,未观察到失败,不适用,无,不适用,groups=768 的 Conv1d 与非连续 stride 输入；关闭低精度复测。,batch-12-results.json#test_torchinductor.py::test_conv1d_depthwise,batch-12-source-evidence.json#test_torchinductor.py::test_conv1d_depthwise,2026-10-08,npu,"{""passed"": 1}",完成
235,12,test_torchinductor.py,GPUTests,test_convolution1,test/inductor/test_torchinductor.py::GPUTests::test_convolution1_npu,通过,无,原用例通过,无,未观察到失败,不适用,无,不适用,Conv2d+ReLU；采用原测试 atol=6e-5、rtol=0.001。,batch-12-results.json#test_torchinductor.py::test_convolution1,batch-12-source-evidence.json#test_torchinductor.py::test_convolution1,2026-10-08,npu,"{""passed"": 1}",完成
236,12,test_torchinductor.py,GPUTests,test_convolution2,test/inductor/test_torchinductor.py::GPUTests::test_convolution2_npu,通过,无,原用例通过,无,未观察到失败,不适用,无,不适用,stride=4 的转置 1D convolution；关闭低精度复测。,batch-12-results.json#test_torchinductor.py::test_convolution2,batch-12-source-evidence.json#test_torchinductor.py::test_convolution2,2026-10-08,npu,"{""passed"": 1}",完成
237,12,test_torchinductor.py,GPUTests,test_convolution3,test/inductor/test_torchinductor.py::GPUTests::test_convolution3_npu,通过,无,原用例通过,无,未观察到失败,不适用,无,不适用,stride/padding/dilation 使用单元素列表的 Conv2d+ReLU。,batch-12-results.json#test_torchinductor.py::test_convolution3,batch-12-source-evidence.json#test_torchinductor.py::test_convolution3,2026-10-08,npu,"{""passed"": 1}",完成
238,13,test_torchinductor.py,GPUTests,test_convolution4,test/inductor/test_torchinductor.py::GPUTests::test_convolution4_npu,通过,无,原用例通过,无,未观察到失败,不适用,无,不适用,depthwise Conv2d 后 sum。,batch-13-results.json#test_torchinductor.py::test_convolution4,batch-13-source-evidence.json#test_torchinductor.py::test_convolution4,2026-10-08,npu,"{""passed"": 1}",完成
239,13,test_torchinductor.py,GPUTests,test_convolution5,test/inductor/test_torchinductor.py::GPUTests::test_convolution5_npu,通过,无,原用例通过,无,未观察到失败,不适用,无,不适用,dilation 由输入 batch size 决定，maybe_mark_dynamic 允许该维度特化。,batch-13-results.json#test_torchinductor.py::test_convolution5,batch-13-source-evidence.json#test_torchinductor.py::test_convolution5,2026-10-08,npu,"{""passed"": 1}",完成
240,14,test_unbacked_symints.py,TestUnbackedSymintsNPU,test_equivalent_backed_unbacked,test/inductor/test_unbacked_symints.py::TestUnbackedSymintsNPU::test_equivalent_backed_unbacked_npu,失败,pad_mm 性能基准设备选择,待修复 bug：设备别名重复计数,_get_default_gpu_device_type 同时把 cuda 与 npu 视作可用，len(avail_gpus)<=1 断言失败。,transfer_to_npu 将 CUDA 查询映射到 NPU，而社区 benchmark 枚举仍分别计算两个设备名。,可修复,按实际后端去重或使用当前输入设备选择 benchmark。,未修改安装源码；需基准选择及原模型回归，禁用 pad_mm 只能绕开失败。,cat 统一 backed/unbacked 维度后，bmm 的 pad_mm 性能基准失败；不能判定符号等价关系错误。,batch-14-results.json#test_unbacked_symints.py::test_equivalent_backed_unbacked,batch-14-source-evidence.json#test_unbacked_symints.py::test_equivalent_backed_unbacked; runtime-source-evidence.json#torch/_inductor/runtime/benchmarking.py::_get_default_gpu_device_type,2026-10-08,npu,"{""failed"": 1}",完成
241,14,test_unbacked_symints.py,TestUnbackedSymintsNPU,test_unbacked_linear_layer_norm_input,test/inductor/test_unbacked_symints.py::TestUnbackedSymintsNPU::test_unbacked_linear_layer_norm_input_npu,失败,pad_mm 性能基准设备选择,待修复 bug：设备别名重复计数,_get_default_gpu_device_type 同时把 cuda 与 npu 视作可用，len(avail_gpus)<=1 断言失败。,transfer_to_npu 将 CUDA 查询映射到 NPU，而社区 benchmark 枚举仍分别计算两个设备名。,可修复,按实际后端去重或使用当前输入设备选择 benchmark。,未修改安装源码；需基准选择及原模型回归，禁用 pad_mm 只能绕开失败。,masked_select 后 Linear/LayerNorm 的图在 pad_mm 性能基准失败；不是 LayerNorm 数值错误。,batch-14-results.json#test_unbacked_symints.py::test_unbacked_linear_layer_norm_input,batch-14-source-evidence.json#test_unbacked_symints.py::test_unbacked_linear_layer_norm_input; runtime-source-evidence.json#torch/_inductor/runtime/benchmarking.py::_get_default_gpu_device_type,2026-10-08,npu,"{""failed"": 1}",完成
242,14,test_unbacked_symints.py,TestUnbackedSymintsNPU,test_triton_kernel_with_unbacked_symint_fallback,test/inductor/test_unbacked_symints.py::TestUnbackedSymintsNPU::test_triton_kernel_with_unbacked_symint_fallback_npu,失败,Dynamo 捕获 Tensor 构造器,待修复 bug：迁移包装与 Dynamo 构造器身份,torch.tensor 构造时要求把 nonzero 长度表达式 u0-5 特化为具体整数，触发 GuardOnDataDependentSymNode。,backend=eager 隔离也复现；恢复 torch.tensor 原始全局绑定并刷新 Dynamo 对象规则后，两种探针都捕获成功且数值相等，定位到包装/对象规则兼容。,可修复构造器的 Dynamo 注册/识别,在保留 CUDA→NPU 参数迁移功能的前提下，正确识别构造器和包装器身份并保留 unbacked 值的运行时物化语义。,恢复全局绑定只是独立进程探针，不是保留迁移功能的正式修复；原完整 Inductor 用例未修复复测。,在构造索引 Tensor 时失败；尚未进入 benchmark_kernel/SizeArg fallback 检查。 直接使用 __wrapped__ 别名仍被 Dynamo 标为 skipped，不能当作修复。,batch-14-results.json#test_unbacked_symints.py::test_triton_kernel_with_unbacked_symint_fallback; batch-14-ctor-probe.json,batch-14-source-evidence.json#test_unbacked_symints.py::test_triton_kernel_with_unbacked_symint_fallback; runtime-source-evidence.json#supplemental::symint_ctor_probe.py; runtime-source-evidence.json#supplemental::ctor_binding_probe.py,2026-10-08,npu,"{""failed"": 1}",完成
243,14,test_torchinductor_dynamic_shapes.py,TestInductorDynamicPRIVATEUSE1,test_constant_fold_uniform_value_dynamic,test/inductor/test_torchinductor_dynamic_shapes.py::TestInductorDynamicPRIVATEUSE1::test_constant_fold_uniform_value_dynamic_npu,失败,测试 FileCheck 取代码列表,测试适配：零计算图没有代码文本,source_codes=[]，原测试直接访问 source_codes[0] 触发 IndexError。,独立探针覆盖 3 个函数×dynamic=False/True：均生成 0 个 kernel、返回原输入对象，两种 shape 数值正确；空代码来自合法的零计算路径。,可修复测试对代码存在性的假设,无生成代码时仍执行原数值和不同 shape 断言；有代码时保留无 triton.jit 的检查。,本轮没有改上游测试；探针使用 compile_threads=1，不能替代原用例所有配置下的回归。,原用例第一个 FileCheck 就失败，其后数值断言未运行；单独探针 6 组均验证了 x/y 数值，原状态仍为失败。,batch-14-results.json#test_torchinductor_dynamic_shapes.py::test_constant_fold_uniform_value_dynamic; batch-14-noop-probe.json,batch-14-source-evidence.json#test_torchinductor_dynamic_shapes.py::test_constant_fold_uniform_value_dynamic; runtime-source-evidence.json#supplemental::noop_probe.py,2026-10-08,npu,"{""failed"": 1}",完成
244,14,test_torchinductor_dynamic_shapes.py,TestInductorDynamicPRIVATEUSE1,test_sym_sum_unbacked,test/inductor/test_torchinductor_dynamic_shapes.py::TestInductorDynamicPRIVATEUSE1::test_sym_sum_unbacked_npu,失败,Dynamo 捕获 Tensor 构造器,待修复 bug：迁移包装与 Dynamo 构造器身份,torch.tensor 构造时要求把 100 个 tolist 标量的求和表达式 特化为具体整数，触发 GuardOnDataDependentSymNode。,backend=eager 隔离也复现；恢复 torch.tensor 原始全局绑定并刷新 Dynamo 对象规则后，两种探针都捕获成功且数值相等，定位到包装/对象规则兼容。,可修复构造器的 Dynamo 注册/识别,在保留 CUDA→NPU 参数迁移功能的前提下，正确识别构造器和包装器身份并保留 unbacked 值的运行时物化语义。,恢复全局绑定只是独立进程探针，不是保留迁移功能的正式修复；原完整 Inductor 用例未修复复测。,原方法在 torch.tensor(y) 处失败，未进入 Inductor kernel 生成。 直接使用 __wrapped__ 别名仍被 Dynamo 标为 skipped，不能当作修复。,batch-14-results.json#test_torchinductor_dynamic_shapes.py::test_sym_sum_unbacked; batch-14-ctor-probe.json,batch-14-source-evidence.json#test_torchinductor_dynamic_shapes.py::test_sym_sum_unbacked; runtime-source-evidence.json#supplemental::symint_ctor_probe.py; runtime-source-evidence.json#supplemental::ctor_binding_probe.py,2026-10-08,npu,"{""failed"": 1}",完成
245,14,test_torchinductor_dynamic_shapes.py,TestInductorDynamicPRIVATEUSE1,test_float_item_return,test/inductor/test_torchinductor_dynamic_shapes.py::TestInductorDynamicPRIVATEUSE1::test_float_item_return_npu,跳过,call 装饰器跳过,跳过：仅 FBCODE 测试,原用例由 skipUnless(IS_FBCODE) 限制；当前环境不是 FBCODE。,属于运行环境标记，不是 NPU item 能力失败。,不需要硬件修复；需另建公开环境测试,若要验证该功能，建立无 FBCODE 依赖的等价测试并保留 scalar capture 条件。,保持原装饰器，未把 skip 改为通过。,没有执行 item 编译函数；额外 CUDA 实例也同样跳过。,batch-14-results.json#test_torchinductor_dynamic_shapes.py::test_float_item_return,batch-14-source-evidence.json#test_torchinductor_dynamic_shapes.py::test_float_item_return,2026-10-08,npu,"{""skipped"": 1}",完成
246,14,test_torchinductor_dynamic_shapes.py,TestInductorDynamicPRIVATEUSE1,test_magic_method_lowerings_with_symbolic_scalars,test/inductor/test_torchinductor_dynamic_shapes.py::TestInductorDynamicPRIVATEUSE1::test_magic_method_lowerings_with_symbolic_scalars_npu,失败,Triton CANN libdevice 编译,待修复 lowering/支持缺口：符号幂引入 fp64,"pow_log2 分支的生成代码将常数 2 与整型指数转换为 float64，调用 libdevice.pow 时找不到 (float64,float64) 映射。",输入是 float32 Tensor；fp64 是符号标量幂的 lowering 引入，不能等同于用户要求全 fp64 Tensor 计算。,可改符号幂 lowering，或增加 fp64 pow 支持,对整型幂保留整数语义并证明取值/溢出范围，或补齐 double pow；避免无证明地降精度。,未修改 lowering；需要对大指数、边界及其它符号算术完整回归。,首个记录失败位于 pow_log2；不将整条方法笼统写成所有符号标量操作不支持。,batch-14-results.json#test_torchinductor_dynamic_shapes.py::test_magic_method_lowerings_with_symbolic_scalars,batch-14-source-evidence.json#test_torchinductor_dynamic_shapes.py::test_magic_method_lowerings_with_symbolic_scalars; runtime-source-evidence.json#triton/language/extra/cann/libdevice.py::pow,2026-10-08,npu,"{""failed"": 1}",完成
247,14,test_torchinductor_dynamic_shapes.py,TestInductorDynamicPRIVATEUSE1,test_mark_unbacked_slice,test/inductor/test_torchinductor_dynamic_shapes.py::TestInductorDynamicPRIVATEUSE1::test_mark_unbacked_slice_npu,失败,reduce-overhead 编译的 CUDA graph 检查,待修复 bug：CUDA allocator 接口误用,检查 CUDA caching allocator 时访问 +cpu torch 不存在的 _cuda_cudaCachingAllocator_is_enabled。,transfer_to_npu 使 CUDA 可用性查询为真，但该 C 扩展接口没有 NPU 等价转接。,可修复后端判定/图捕获适配,按实际设备选择 allocator/graph capture 检查，避免通过 CUDA 可用性别名调用未构建的 C API。,尚未实现 NPU 检查及 reduce-overhead 回归；关闭该模式会改变被测功能。,在编译检查阶段失败，尚未验证 unbacked slice 本身。,batch-14-results.json#test_torchinductor_dynamic_shapes.py::test_mark_unbacked_slice,batch-14-source-evidence.json#test_torchinductor_dynamic_shapes.py::test_mark_unbacked_slice; runtime-source-evidence.json#torch/_inductor/cudagraph_utils.py::check_caching_allocator_for_cudagraphs,2026-10-08,npu,"{""failed"": 1}",完成
