序号,批次,文件,用例,测试目的,NPU覆盖建议,目的源码证据,测试类,基线状态,PR状态,变化,参数化统计,失败阶段,当前结论,修复建议,是否涉及其他模块,覆盖边界,分析状态,日志证据,基线源码证据,验证日期
1,01,test_static_triton_launcher.py,test_basic,验证 static launcher 正确打包 Tensor 指针与整数标量，并通过指定 stream 执行加法。,功能启用时必测：NPU 若接入 static/fast launcher，应保留等价参数、资源及开关契约；原 CUDA launcher 接口不直接作为 NPU 基础验收。,../npu-inductor-213-batches-20261008/batch-01-source-evidence.json#TestStaticTritonLauncher.test_basic,TestStaticTritonLauncher,失败,失败,状态不变,"{""failed"": 1}",测试 launcher 构造（Triton 首次调用之后）,本轮报告与基线的首错一致：write_cubin_to_tmp 读取 kernel.asm[cubin] 报 KeyError；Ascend 输出 npubin。,接入 NPU 二进制加载/卸载、参数 ABI 与 stream，然后按设备选择 launcher；fast 类还需 NPU fast 实现。,原社区接口路径涉及 torch runtime/C++、Triton driver；独立 NPU 替代方案需另行设计,未执行待测 static/fast launcher.run；不能判定参数、空 tensor 或零 grid 语义失败。,完成,batch-01-results.json#test_static_triton_launcher.py::TestStaticTritonLauncher::test_basic,../npu-inductor-213-batches-20261008/batch-01-source-evidence.json#TestStaticTritonLauncher.test_basic,2026-10-08
2,01,test_static_triton_launcher.py,test_unsigned_integers,验证 static launcher 的 uint8/16/32/64 标量参数编码和无符号加法结果。,功能启用时必测：NPU 若接入 static/fast launcher，应保留等价参数、资源及开关契约；原 CUDA launcher 接口不直接作为 NPU 基础验收。,../npu-inductor-213-batches-20261008/batch-01-source-evidence.json#TestStaticTritonLauncher.test_unsigned_integers,TestStaticTritonLauncher,失败,失败,状态不变,"{""failed"": 1}",输入初始化/eager zero_,本轮报告与基线的首错一致：torch.zeros(dtype=uint64) 的 aclnnInplaceZero 拒绝 DT_UINT64；日志同时含 driver 507899，不能仅由错误码扩大归因。,补 zero_ 的 uint64 实现，或验证保持 uint64 数据与参数不变的初始化路径；之后还需 NPU static launcher。,完整修复涉及 eager 算子及 launcher runtime,未测 tl.uint8/16/32/64 参数打包和 kernel 计算。,完成,batch-01-results.json#test_static_triton_launcher.py::TestStaticTritonLauncher::test_unsigned_integers,../npu-inductor-213-batches-20261008/batch-01-source-evidence.json#TestStaticTritonLauncher.test_unsigned_integers,2026-10-08
3,01,test_static_triton_launcher.py,test_signed_integers,验证 static launcher 的 int8/16/32/64 标量参数编码和有符号加法结果。,功能启用时必测：NPU 若接入 static/fast launcher，应保留等价参数、资源及开关契约；原 CUDA launcher 接口不直接作为 NPU 基础验收。,../npu-inductor-213-batches-20261008/batch-01-source-evidence.json#TestStaticTritonLauncher.test_signed_integers,TestStaticTritonLauncher,失败,失败,状态不变,"{""failed"": 1}",测试 launcher 构造（Triton 首次调用之后）,本轮报告与基线的首错一致：write_cubin_to_tmp 读取 kernel.asm[cubin] 报 KeyError；Ascend 输出 npubin。,接入 NPU 二进制加载/卸载、参数 ABI 与 stream，然后按设备选择 launcher；fast 类还需 NPU fast 实现。,原社区接口路径涉及 torch runtime/C++、Triton driver；独立 NPU 替代方案需另行设计,未执行待测 static/fast launcher.run；不能判定参数、空 tensor 或零 grid 语义失败。,完成,batch-01-results.json#test_static_triton_launcher.py::TestStaticTritonLauncher::test_signed_integers,../npu-inductor-213-batches-20261008/batch-01-source-evidence.json#TestStaticTritonLauncher.test_signed_integers,2026-10-08
4,01,test_static_triton_launcher.py,test_basic_1arg,验证只有一个 Tensor 参数时的 static launcher 参数签名和 kernel 执行。,功能启用时必测：NPU 若接入 static/fast launcher，应保留等价参数、资源及开关契约；原 CUDA launcher 接口不直接作为 NPU 基础验收。,../npu-inductor-213-batches-20261008/batch-01-source-evidence.json#TestStaticTritonLauncher.test_basic_1arg,TestStaticTritonLauncher,失败,失败,状态不变,"{""failed"": 1}",测试 launcher 构造（Triton 首次调用之后）,本轮报告与基线的首错一致：write_cubin_to_tmp 读取 kernel.asm[cubin] 报 KeyError；Ascend 输出 npubin。,接入 NPU 二进制加载/卸载、参数 ABI 与 stream，然后按设备选择 launcher；fast 类还需 NPU fast 实现。,原社区接口路径涉及 torch runtime/C++、Triton driver；独立 NPU 替代方案需另行设计,未执行待测 static/fast launcher.run；不能判定参数、空 tensor 或零 grid 语义失败。,完成,batch-01-results.json#test_static_triton_launcher.py::TestStaticTritonLauncher::test_basic_1arg,../npu-inductor-213-batches-20261008/batch-01-source-evidence.json#TestStaticTritonLauncher.test_basic_1arg,2026-10-08
5,01,test_static_triton_launcher.py,test_constexpr,验证 constexpr 编入 kernel 后从 launcher 的运行时参数表移除，结果仍正确。,功能启用时必测：NPU 若接入 static/fast launcher，应保留等价参数、资源及开关契约；原 CUDA launcher 接口不直接作为 NPU 基础验收。,../npu-inductor-213-batches-20261008/batch-01-source-evidence.json#TestStaticTritonLauncher.test_constexpr,TestStaticTritonLauncher,失败,失败,状态不变,"{""failed"": 1}",测试 launcher 构造（Triton 首次调用之后）,本轮报告与基线的首错一致：write_cubin_to_tmp 读取 kernel.asm[cubin] 报 KeyError；Ascend 输出 npubin。,接入 NPU 二进制加载/卸载、参数 ABI 与 stream，然后按设备选择 launcher；fast 类还需 NPU fast 实现。,原社区接口路径涉及 torch runtime/C++、Triton driver；独立 NPU 替代方案需另行设计,未执行待测 static/fast launcher.run；不能判定参数、空 tensor 或零 grid 语义失败。,完成,batch-01-results.json#test_static_triton_launcher.py::TestStaticTritonLauncher::test_constexpr,../npu-inductor-213-batches-20261008/batch-01-source-evidence.json#TestStaticTritonLauncher.test_constexpr,2026-10-08
6,01,test_static_triton_launcher.py,test_implied_constant,验证未显式标为 constexpr、但被 kernel 固定的 xnumel 不再需要运行时传参。,功能启用时必测：NPU 若接入 static/fast launcher，应保留等价参数、资源及开关契约；原 CUDA launcher 接口不直接作为 NPU 基础验收。,../npu-inductor-213-batches-20261008/batch-01-source-evidence.json#TestStaticTritonLauncher.test_implied_constant,TestStaticTritonLauncher,失败,失败,状态不变,"{""failed"": 1}",Triton frontend 编译,本轮报告与基线的首错一致：triton_helpers.libdevice.isinf 实际来自 triton.language.extra.libdevice，函数体为 ...，返回 None 后 .to 报错；Ascend get_module_map 返回空字典。,给 Ascend backend 补通用 libdevice 到 CANN 的映射并验证；还需修测试输入长度 4 与 r0_numel=128 的越界风险，并接入 NPU static launcher。,是：triton-ascend backend；另依赖 launcher,尚未测试 implied constant 的 launcher 参数消除；输入越界风险是源码分析，并非本次发生的运行时错误。,完成,batch-01-results.json#test_static_triton_launcher.py::TestStaticTritonLauncher::test_implied_constant,../npu-inductor-213-batches-20261008/batch-01-source-evidence.json#TestStaticTritonLauncher.test_implied_constant,2026-10-08
7,01,test_static_triton_launcher.py,test_kernel_no_args,验证零参数 Triton kernel 可以由 static launcher 正常调用。,功能启用时必测：NPU 若接入 static/fast launcher，应保留等价参数、资源及开关契约；原 CUDA launcher 接口不直接作为 NPU 基础验收。,../npu-inductor-213-batches-20261008/batch-01-source-evidence.json#TestStaticTritonLauncher.test_kernel_no_args,TestStaticTritonLauncher,失败,失败,状态不变,"{""failed"": 1}",测试 launcher 构造（Triton 首次调用之后）,本轮报告与基线的首错一致：write_cubin_to_tmp 读取 kernel.asm[cubin] 报 KeyError；Ascend 输出 npubin。,接入 NPU 二进制加载/卸载、参数 ABI 与 stream，然后按设备选择 launcher；fast 类还需 NPU fast 实现。,原社区接口路径涉及 torch runtime/C++、Triton driver；独立 NPU 替代方案需另行设计,未执行待测 static/fast launcher.run；不能判定参数、空 tensor 或零 grid 语义失败。,完成,batch-01-results.json#test_static_triton_launcher.py::TestStaticTritonLauncher::test_kernel_no_args,../npu-inductor-213-batches-20261008/batch-01-source-evidence.json#TestStaticTritonLauncher.test_kernel_no_args,2026-10-08
8,01,test_static_triton_launcher.py,test_high_shared_mem,验证声明约 50 KB shared memory 时 slow-launch 路径能正确配置资源并执行。,CUDA 资源专项：不能直接用 CUDA shared memory 数值/异常验收 NPU；接入 NPU launcher 时应补对应设备资源边界测试。,../npu-inductor-213-batches-20261008/batch-01-source-evidence.json#TestStaticTritonLauncher.test_high_shared_mem,TestStaticTritonLauncher,失败,失败,状态不变,"{""failed"": 1}",测试 launcher 构造（Triton 首次调用之后）,本轮报告与基线的首错一致：write_cubin_to_tmp 读取 kernel.asm[cubin] 报 KeyError；Ascend 输出 npubin。,接入 NPU 二进制加载/卸载、参数 ABI 与 stream，然后按设备选择 launcher；fast 类还需 NPU fast 实现。 按 NPU kernel 元数据和资源上限设计等价资源测试，保留失败预期。,原社区接口路径涉及 torch runtime/C++、Triton driver；独立 NPU 替代方案需另行设计,当前首错是 cubin 缺失，尚未验证资源不足异常；不能写为 NPU shared memory OOM。,完成,batch-01-results.json#test_static_triton_launcher.py::TestStaticTritonLauncher::test_high_shared_mem,../npu-inductor-213-batches-20261008/batch-01-source-evidence.json#TestStaticTritonLauncher.test_high_shared_mem,2026-10-08
9,01,test_static_triton_launcher.py,test_too_high_shared_mem,验证声明超限 shared memory 时构造 launcher 报资源不足异常。,CUDA 资源专项：不能直接用 CUDA shared memory 数值/异常验收 NPU；接入 NPU launcher 时应补对应设备资源边界测试。,../npu-inductor-213-batches-20261008/batch-01-source-evidence.json#TestStaticTritonLauncher.test_too_high_shared_mem,TestStaticTritonLauncher,失败,失败,状态不变,"{""failed"": 1}",测试 launcher 构造（Triton 首次调用之后）,本轮报告与基线的首错一致：write_cubin_to_tmp 读取 kernel.asm[cubin] 报 KeyError；Ascend 输出 npubin。,接入 NPU 二进制加载/卸载、参数 ABI 与 stream，然后按设备选择 launcher；fast 类还需 NPU fast 实现。 按 NPU kernel 元数据和资源上限设计等价资源测试，保留失败预期。,原社区接口路径涉及 torch runtime/C++、Triton driver；独立 NPU 替代方案需另行设计,当前首错是 cubin 缺失，尚未验证资源不足异常；不能写为 NPU shared memory OOM。,完成,batch-01-results.json#test_static_triton_launcher.py::TestStaticTritonLauncher::test_too_high_shared_mem,../npu-inductor-213-batches-20261008/batch-01-source-evidence.json#TestStaticTritonLauncher.test_too_high_shared_mem,2026-10-08
10,01,test_static_triton_launcher.py,test_kernel_empty_tensor,验证含空 Tensor 输入的 cat kernel 在 static launcher 下正确传递指针、尺寸和 mask。,功能启用时必测：NPU 若接入 static/fast launcher，应保留等价参数、资源及开关契约；原 CUDA launcher 接口不直接作为 NPU 基础验收。,../npu-inductor-213-batches-20261008/batch-01-source-evidence.json#TestStaticTritonLauncher.test_kernel_empty_tensor,TestStaticTritonLauncher,失败,失败,状态不变,"{""failed"": 1}",测试 launcher 构造（Triton 首次调用之后）,本轮报告与基线的首错一致：write_cubin_to_tmp 读取 kernel.asm[cubin] 报 KeyError；Ascend 输出 npubin。,接入 NPU 二进制加载/卸载、参数 ABI 与 stream，然后按设备选择 launcher；fast 类还需 NPU fast 实现。,原社区接口路径涉及 torch runtime/C++、Triton driver；独立 NPU 替代方案需另行设计,未执行待测 static/fast launcher.run；不能判定参数、空 tensor 或零 grid 语义失败。,完成,batch-01-results.json#test_static_triton_launcher.py::TestStaticTritonLauncher::test_kernel_empty_tensor,../npu-inductor-213-batches-20261008/batch-01-source-evidence.json#TestStaticTritonLauncher.test_kernel_empty_tensor,2026-10-08
11,01,test_static_triton_launcher.py,test_kernel_many_args,验证 static launcher 能打包 200 个标量参数并得到正确累加结果。,功能启用时必测：NPU 若接入 static/fast launcher，应保留等价参数、资源及开关契约；原 CUDA launcher 接口不直接作为 NPU 基础验收。,../npu-inductor-213-batches-20261008/batch-01-source-evidence.json#TestStaticTritonLauncher.test_kernel_many_args,TestStaticTritonLauncher,失败,失败,状态不变,"{""failed"": 1}",测试 launcher 构造（Triton 首次调用之后）,本轮报告与基线的首错一致：write_cubin_to_tmp 读取 kernel.asm[cubin] 报 KeyError；Ascend 输出 npubin。,接入 NPU 二进制加载/卸载、参数 ABI 与 stream，然后按设备选择 launcher；fast 类还需 NPU fast 实现。,原社区接口路径涉及 torch runtime/C++、Triton driver；独立 NPU 替代方案需另行设计,未执行待测 static/fast launcher.run；不能判定参数、空 tensor 或零 grid 语义失败。 本项是 static 的 200 scalar 参数覆盖，不可套用 fast 的 MAX_ARGS=121 限制。,完成,batch-01-results.json#test_static_triton_launcher.py::TestStaticTritonLauncher::test_kernel_many_args,../npu-inductor-213-batches-20261008/batch-01-source-evidence.json#TestStaticTritonLauncher.test_kernel_many_args,2026-10-08
12,01,test_static_triton_launcher.py,test_launcher_keeps_module_owner_alive_until_release,验证 launcher 持有 kernel owner 的引用，避免可调用期间 module 提前卸载，并在释放后卸载一次。,主机生命周期回归：建议保留；使用 fake owner，不等同于真实 NPU module 卸载测试。,../npu-inductor-213-batches-20261008/batch-01-source-evidence.json#TestStaticTritonLauncher.test_launcher_keeps_module_owner_alive_until_release,TestStaticTritonLauncher,通过,通过,状态不变,"{""passed"": 1}",无,原测试全部选中实例的 setup/call/teardown 通过；覆盖范围沿用未变更的测试源码。,,,仅 FakeKernelOwner/FakeImpl 的 Python 引用生命周期通过；未加载或卸载真实 NPU module。,完成,batch-01-results.json#test_static_triton_launcher.py::TestStaticTritonLauncher::test_launcher_keeps_module_owner_alive_until_release,../npu-inductor-213-batches-20261008/batch-01-source-evidence.json#TestStaticTritonLauncher.test_launcher_keeps_module_owner_alive_until_release,2026-10-08
13,01,test_static_triton_launcher.py,test_basic_compile,验证启用 static-launch 配置时 torch.compile 加法可运行且与 eager 一致；原断言未证明实际走 static launcher。,条件必测：数值/空张量语义值得保留；作为 NPU launcher 专项验收前，应补实际启用该路径的证据，避免空覆盖。,../npu-inductor-213-batches-20261008/batch-01-source-evidence.json#TestStaticTritonCompileResult.test_basic_compile,TestStaticTritonCompileResult,通过,通过,状态不变,"{""passed"": 1}",无,原测试全部选中实例的 setup/call/teardown 通过；覆盖范围沿用未变更的测试源码。,,,NPU eager/compiled 数值断言通过；原测试未断言 static launcher 被构造，不能计作 static 功能覆盖。 补充跟踪只记录到 TritonCompileResultNpu.make_launcher，未进入社区 static/fast 构造。,完成,batch-01-results.json#test_static_triton_launcher.py::TestStaticTritonCompileResult::test_basic_compile,../npu-inductor-213-batches-20261008/batch-01-source-evidence.json#TestStaticTritonCompileResult.test_basic_compile,2026-10-08
14,01,test_static_triton_launcher.py,test_incompatible_code,验证严格 static 模式在未允许 user-defined Triton kernel 时按配置契约拒绝编译。,功能启用时必测：NPU 若接入 static/fast launcher，应保留等价参数、资源及开关契约；原 CUDA launcher 接口不直接作为 NPU 基础验收。,../npu-inductor-213-batches-20261008/batch-01-source-evidence.json#TestStaticTritonCompileResult.test_incompatible_code,TestStaticTritonCompileResult,失败,失败,状态不变,"{""failed"": 1}",测试异常断言,本轮报告与基线的首错一致：原测试要求 strict static 模式拒绝自定义 Triton kernel；实际编译执行未抛 InductorError。,接入 NPU static 编译分支及 strict 模式和 user-defined 开关；保留应抛异常的负向检查。,原社区接口路径涉及 torch runtime/C++、Triton driver；独立 NPU 替代方案需另行设计,是预期异常未发生，非自定义 Triton kernel 不能执行。,完成,batch-01-results.json#test_static_triton_launcher.py::TestStaticTritonCompileResult::test_incompatible_code,../npu-inductor-213-batches-20261008/batch-01-source-evidence.json#TestStaticTritonCompileResult.test_incompatible_code,2026-10-08
15,01,test_static_triton_launcher.py,test_static_launch_user_defined_triton_kernels,验证允许 user-defined Triton static launch 后，torch.compile 中的自定义 kernel 原地更新结果正确。,条件必测：数值/空张量语义值得保留；作为 NPU launcher 专项验收前，应补实际启用该路径的证据，避免空覆盖。,../npu-inductor-213-batches-20261008/batch-01-source-evidence.json#TestStaticTritonCompileResult.test_static_launch_user_defined_triton_kernels,TestStaticTritonCompileResult,通过,通过,状态不变,"{""passed"": 1}",无,原测试全部选中实例的 setup/call/teardown 通过；覆盖范围沿用未变更的测试源码。,,,NPU eager/compiled 数值断言通过；原测试未断言 static launcher 被构造，不能计作 static 功能覆盖。 补充跟踪只记录到 TritonCompileResultNpu.make_launcher，未进入社区 static/fast 构造。,完成,batch-01-results.json#test_static_triton_launcher.py::TestStaticTritonCompileResult::test_static_launch_user_defined_triton_kernels,../npu-inductor-213-batches-20261008/batch-01-source-evidence.json#TestStaticTritonCompileResult.test_static_launch_user_defined_triton_kernels,2026-10-08
16,01,test_static_triton_launcher.py,test_empty_tensor,验证 static-launch 配置下，unbacked 的空输入与非空输入拼接保持数值和形状语义。,条件必测：数值/空张量语义值得保留；作为 NPU launcher 专项验收前，应补实际启用该路径的证据，避免空覆盖。,../npu-inductor-213-batches-20261008/batch-01-source-evidence.json#TestStaticTritonCompileResult.test_empty_tensor,TestStaticTritonCompileResult,通过,通过,状态不变,"{""passed"": 1}",无,原测试全部选中实例的 setup/call/teardown 通过；覆盖范围沿用未变更的测试源码。,,,NPU eager/compiled 数值断言通过；原测试未断言 static launcher 被构造，不能计作 static 功能覆盖。,完成,batch-01-results.json#test_static_triton_launcher.py::TestStaticTritonCompileResult::test_empty_tensor,../npu-inductor-213-batches-20261008/batch-01-source-evidence.json#TestStaticTritonCompileResult.test_empty_tensor,2026-10-08
17,01,test_static_triton_launcher.py,test_any,验证 static-launch 配置下 float64 的 any/all/isinf 归约，覆盖有无 Inf 的结果。,dtype 能力项：按声明的 fp64 支持范围验收；不支持时需要明确能力/错误契约，不能换 float32 后称原用例已修复。,../npu-inductor-213-batches-20261008/batch-01-source-evidence.json#TestStaticTritonCompileResult.test_any,TestStaticTritonCompileResult,失败,失败,状态不变,"{""failed"": 1}",生成模块导入/编译 worker 的 Triton 驱动选择,本组失败实例出现：PR 已使 CudaDriver.is_active() 为 False，但 PyTorch _is_backend_active 又用 torch.cuda.is_available() 兜底；迁移别名返回 True，仍构造 CudaDriver 并因缺少 libcuda.so 失败。,transfer_to_npu 还需覆盖当前 PyTorch helper 的兜底判定，并在编译 worker 中生效；保持实际 NPU driver。PR 原样方案不足。,可在 torch_npu/contrib/transfer_to_npu.py 适配；涉及当前 torch/_inductor/runtime/triton_helpers.py 的接口契约，超出测试/torch_npu._inductor 范围。,首错前的子步骤可能已执行；未完成原用例全部数值或代码断言。原有更深层问题可能被本次首错遮挡。,完成,batch-01-results.json#test_static_triton_launcher.py::TestStaticTritonCompileResult::test_any,../npu-inductor-213-batches-20261008/batch-01-source-evidence.json#TestStaticTritonCompileResult.test_any,2026-10-08
18,01,test_static_triton_launcher.py,test_disable_static_triton_launcher,验证关闭 static launcher 开关后不调用该构造路径，并保持计算结果正确。,条件必测：数值/空张量语义值得保留；作为 NPU launcher 专项验收前，应补实际启用该路径的证据，避免空覆盖。,../npu-inductor-213-batches-20261008/batch-01-source-evidence.json#TestStaticTritonCompileResult.test_disable_static_triton_launcher,TestStaticTritonCompileResult,通过,通过,状态不变,"{""passed"": 1}",无,原测试全部选中实例的 setup/call/teardown 通过；覆盖范围沿用未变更的测试源码。,,,输出正确且社区 launcher 未被构造；NPU 本就不走该分支，不能证明开关可在 NPU 上启用/禁用对应功能。,完成,batch-01-results.json#test_static_triton_launcher.py::TestStaticTritonCompileResult::test_disable_static_triton_launcher,../npu-inductor-213-batches-20261008/batch-01-source-evidence.json#TestStaticTritonCompileResult.test_disable_static_triton_launcher,2026-10-08
19,01,test_static_triton_launcher.py,test_basic,验证 fast launcher 的 Tensor 与标量参数调用路径及加法结果。,功能启用时必测：NPU 若接入 static/fast launcher，应保留等价参数、资源及开关契约；原 CUDA launcher 接口不直接作为 NPU 基础验收。,../npu-inductor-213-batches-20261008/batch-01-source-evidence.json#TestFastCudaLauncher.test_basic,TestFastCudaLauncher,失败,失败,状态不变,"{""failed"": 1}",测试 launcher 构造（Triton 首次调用之后）,本轮报告与基线的首错一致：write_cubin_to_tmp 读取 kernel.asm[cubin] 报 KeyError；Ascend 输出 npubin。,接入 NPU 二进制加载/卸载、参数 ABI 与 stream，然后按设备选择 launcher；fast 类还需 NPU fast 实现。,原社区接口路径涉及 torch runtime/C++、Triton driver；独立 NPU 替代方案需另行设计,未执行待测 static/fast launcher.run；不能判定参数、空 tensor 或零 grid 语义失败。,完成,batch-01-results.json#test_static_triton_launcher.py::TestFastCudaLauncher::test_basic,../npu-inductor-213-batches-20261008/batch-01-source-evidence.json#TestFastCudaLauncher.test_basic,2026-10-08
20,01,test_static_triton_launcher.py,test_multiple_tensor_args,验证 fast launcher 正确传递多个 Tensor 指针参数和独立输出指针。,功能启用时必测：NPU 若接入 static/fast launcher，应保留等价参数、资源及开关契约；原 CUDA launcher 接口不直接作为 NPU 基础验收。,../npu-inductor-213-batches-20261008/batch-01-source-evidence.json#TestFastCudaLauncher.test_multiple_tensor_args,TestFastCudaLauncher,失败,失败,状态不变,"{""failed"": 1}",测试 launcher 构造（Triton 首次调用之后）,本轮报告与基线的首错一致：write_cubin_to_tmp 读取 kernel.asm[cubin] 报 KeyError；Ascend 输出 npubin。,接入 NPU 二进制加载/卸载、参数 ABI 与 stream，然后按设备选择 launcher；fast 类还需 NPU fast 实现。,原社区接口路径涉及 torch runtime/C++、Triton driver；独立 NPU 替代方案需另行设计,未执行待测 static/fast launcher.run；不能判定参数、空 tensor 或零 grid 语义失败。,完成,batch-01-results.json#test_static_triton_launcher.py::TestFastCudaLauncher::test_multiple_tensor_args,../npu-inductor-213-batches-20261008/batch-01-source-evidence.json#TestFastCudaLauncher.test_multiple_tensor_args,2026-10-08
21,01,test_static_triton_launcher.py,test_zero_grid,验证 fast launcher 的零 grid 调用不执行 kernel、不修改目标 Tensor。,功能启用时必测：NPU 若接入 static/fast launcher，应保留等价参数、资源及开关契约；原 CUDA launcher 接口不直接作为 NPU 基础验收。,../npu-inductor-213-batches-20261008/batch-01-source-evidence.json#TestFastCudaLauncher.test_zero_grid,TestFastCudaLauncher,失败,失败,状态不变,"{""failed"": 1}",测试 launcher 构造（Triton 首次调用之后）,本轮报告与基线的首错一致：write_cubin_to_tmp 读取 kernel.asm[cubin] 报 KeyError；Ascend 输出 npubin。,接入 NPU 二进制加载/卸载、参数 ABI 与 stream，然后按设备选择 launcher；fast 类还需 NPU fast 实现。,原社区接口路径涉及 torch runtime/C++、Triton driver；独立 NPU 替代方案需另行设计,未执行待测 static/fast launcher.run；不能判定参数、空 tensor 或零 grid 语义失败。,完成,batch-01-results.json#test_static_triton_launcher.py::TestFastCudaLauncher::test_zero_grid,../npu-inductor-213-batches-20261008/batch-01-source-evidence.json#TestFastCudaLauncher.test_zero_grid,2026-10-08
22,01,test_static_triton_launcher.py,test_wrong_arg_count,验证 fast launcher 对缺失参数报告 RuntimeError，而非错误启动 kernel。,功能启用时必测：NPU 若接入 static/fast launcher，应保留等价参数、资源及开关契约；原 CUDA launcher 接口不直接作为 NPU 基础验收。,../npu-inductor-213-batches-20261008/batch-01-source-evidence.json#TestFastCudaLauncher.test_wrong_arg_count,TestFastCudaLauncher,失败,失败,状态不变,"{""failed"": 1}",测试 launcher 构造（Triton 首次调用之后）,本轮报告与基线的首错一致：write_cubin_to_tmp 读取 kernel.asm[cubin] 报 KeyError；Ascend 输出 npubin。,接入 NPU 二进制加载/卸载、参数 ABI 与 stream，然后按设备选择 launcher；fast 类还需 NPU fast 实现。,原社区接口路径涉及 torch runtime/C++、Triton driver；独立 NPU 替代方案需另行设计,未执行待测 static/fast launcher.run；不能判定参数、空 tensor 或零 grid 语义失败。,完成,batch-01-results.json#test_static_triton_launcher.py::TestFastCudaLauncher::test_wrong_arg_count,../npu-inductor-213-batches-20261008/batch-01-source-evidence.json#TestFastCudaLauncher.test_wrong_arg_count,2026-10-08
23,01,test_static_triton_launcher.py,test_too_many_args_raises_value_error,验证 fast launcher 超过 MAX_ARGS=121 时在构造阶段抛 ValueError，覆盖 130 参数边界。,功能启用时必测：NPU 若接入 static/fast launcher，应保留等价参数、资源及开关契约；原 CUDA launcher 接口不直接作为 NPU 基础验收。,../npu-inductor-213-batches-20261008/batch-01-source-evidence.json#TestFastCudaLauncher.test_too_many_args_raises_value_error,TestFastCudaLauncher,失败,失败,状态不变,"{""failed"": 1}",CUDA C 扩展导入,本轮报告与基线的首错一致：from torch._C import _FastCudaLauncher 报 ImportError；当前 torch 为 2.13.0+cpu。,为 NPU fast launcher 实现和验证参数上限及 ValueError；上限需来自 NPU 实现，不能照搬 CUDA 的121。,原社区接口路径涉及 torch runtime/C++、Triton driver；独立 NPU 替代方案需另行设计,没有验证 130 参数时的 ValueError。,完成,batch-01-results.json#test_static_triton_launcher.py::TestFastCudaLauncher::test_too_many_args_raises_value_error,../npu-inductor-213-batches-20261008/batch-01-source-evidence.json#TestFastCudaLauncher.test_too_many_args_raises_value_error,2026-10-08
24,01,test_static_triton_launcher.py,test_basic_compile,验证 torch.compile 加法实际构造 fast launcher，且数值与 eager 一致。,功能启用时必测：NPU 若接入 static/fast launcher，应保留等价参数、资源及开关契约；原 CUDA launcher 接口不直接作为 NPU 基础验收。,../npu-inductor-213-batches-20261008/batch-01-source-evidence.json#TestFastCudaLauncherCompileResult.test_basic_compile,TestFastCudaLauncherCompileResult,失败,失败,状态不变,"{""failed"": 1}",fast launcher 构造覆盖断言,本轮报告与基线的首错一致：数值比较已通过，但 any(results) 为 False：没有构造 _FastCudaLauncher。,实现并显式跟踪 NPU fast launcher 的构造和调用，同时保留 eager/compiled 数值检查。,原社区接口路径涉及 torch runtime/C++、Triton driver；独立 NPU 替代方案需另行设计,x+y 数值正确不代表 fast launcher 已使用。 补充跟踪只记录到 TritonCompileResultNpu.make_launcher，未进入社区 static/fast 构造。,完成,batch-01-results.json#test_static_triton_launcher.py::TestFastCudaLauncherCompileResult::test_basic_compile,../npu-inductor-213-batches-20261008/batch-01-source-evidence.json#TestFastCudaLauncherCompileResult.test_basic_compile,2026-10-08
25,01,test_static_triton_launcher.py,test_disable_fast_launcher,验证关闭 fast launcher 后使用普通调用路径，未构造 fast launcher 且数值正确。,条件必测：数值/空张量语义值得保留；作为 NPU launcher 专项验收前，应补实际启用该路径的证据，避免空覆盖。,../npu-inductor-213-batches-20261008/batch-01-source-evidence.json#TestFastCudaLauncherCompileResult.test_disable_fast_launcher,TestFastCudaLauncherCompileResult,通过,通过,状态不变,"{""passed"": 1}",无,原测试全部选中实例的 setup/call/teardown 通过；覆盖范围沿用未变更的测试源码。,,,输出正确且社区 launcher 未被构造；NPU 本就不走该分支，不能证明开关可在 NPU 上启用/禁用对应功能。 补充跟踪只记录到 TritonCompileResultNpu.make_launcher，未进入社区 static/fast 构造。,完成,batch-01-results.json#test_static_triton_launcher.py::TestFastCudaLauncherCompileResult::test_disable_fast_launcher,../npu-inductor-213-batches-20261008/batch-01-source-evidence.json#TestFastCudaLauncherCompileResult.test_disable_fast_launcher,2026-10-08
26,02,test_lookup_table.py,test_lookup_mismatch,验证 lookup table 的算子 key 不匹配时返回空结果，不误用其它算子的配置。,lookup 功能启用时必测：保留查表、过滤和候选选择契约；未接入 NPU lookup 时不能把原 CUDA 模板断言作为基础算子验收。,../npu-inductor-213-batches-20261008/batch-02-source-evidence.json#test_lookup_table.py::test_lookup_mismatch,TestLookupTable,通过,通过,状态不变,"{""passed"": 1}",无,原测试全部选中实例的 setup/call/teardown 通过；覆盖范围沿用未变更的测试源码。,,,原断言通过；NPU lookup key 为 None，空表/无匹配或模型可运行不能证明实际命中并筛选 NPU 表项。,完成,batch-02-results.json#test_lookup_table.py::test_lookup_mismatch,../npu-inductor-213-batches-20261008/batch-02-source-evidence.json#test_lookup_table.py::test_lookup_mismatch; ../npu-inductor-213-batches-20261008/runtime-source-evidence.json#torch/_inductor/lookup_table/choices.py::_get_device_key,2026-10-08
27,02,test_lookup_table.py,test_successful_lookup_with_template_filtering,验证命中 lookup table 后按 template_id 筛选多种模板配置，并移除仅用于查表的字段。,lookup 功能启用时必测：保留查表、过滤和候选选择契约；未接入 NPU lookup 时不能把原 CUDA 模板断言作为基础算子验收。,../npu-inductor-213-batches-20261008/batch-02-source-evidence.json#test_lookup_table.py::test_successful_lookup_with_template_filtering,TestLookupTable,失败,失败,状态不变,"{""failed"": 1}",lookup key 生成/查表后的测试断言,本轮异常签名/跳过原因及实例结果与基线一致：_get_device_key 对非 cuda 返回 None；NPU 的 make_lookup_key/variants 为 None，查表返回 {}，触发键缺失、数量或应抛 ValueError 的断言。,生成稳定 NPU 架构标识，接入 NPU 模板 UID/config，并保留设备优先级、hash 和非法配置验证。,原实现涉及社区 torch/_inductor；NPU 扩展方案未设计,同一参数化组可能有返回空结果的负向实例通过，但正向查表失败，不能当作 hash 算法错误。,完成,batch-02-results.json#test_lookup_table.py::test_successful_lookup_with_template_filtering,../npu-inductor-213-batches-20261008/batch-02-source-evidence.json#test_lookup_table.py::test_successful_lookup_with_template_filtering; ../npu-inductor-213-batches-20261008/runtime-source-evidence.json#torch/_inductor/lookup_table/choices.py::_get_device_key,2026-10-08
28,02,test_lookup_table.py,test_empty_table,验证空 lookup table 返回空结果，作为正常未命中处理。,lookup 功能启用时必测：保留查表、过滤和候选选择契约；未接入 NPU lookup 时不能把原 CUDA 模板断言作为基础算子验收。,../npu-inductor-213-batches-20261008/batch-02-source-evidence.json#test_lookup_table.py::test_empty_table,TestLookupTable,通过,通过,状态不变,"{""passed"": 1}",无,原测试全部选中实例的 setup/call/teardown 通过；覆盖范围沿用未变更的测试源码。,,,原断言通过；NPU lookup key 为 None，空表/无匹配或模型可运行不能证明实际命中并筛选 NPU 表项。,完成,batch-02-results.json#test_lookup_table.py::test_empty_table,../npu-inductor-213-batches-20261008/batch-02-source-evidence.json#test_lookup_table.py::test_empty_table; ../npu-inductor-213-batches-20261008/runtime-source-evidence.json#torch/_inductor/lookup_table/choices.py::_get_device_key,2026-10-08
29,02,test_lookup_table.py,test_validation_error,验证命中的配置缺少必需 template_id 时报告明确的 ValueError。,lookup 功能启用时必测：保留查表、过滤和候选选择契约；未接入 NPU lookup 时不能把原 CUDA 模板断言作为基础算子验收。,../npu-inductor-213-batches-20261008/batch-02-source-evidence.json#test_lookup_table.py::test_validation_error,TestLookupTable,失败,失败,状态不变,"{""failed"": 1}",lookup key 生成/查表后的测试断言,本轮异常签名/跳过原因及实例结果与基线一致：_get_device_key 对非 cuda 返回 None；NPU 的 make_lookup_key/variants 为 None，查表返回 {}，触发键缺失、数量或应抛 ValueError 的断言。,生成稳定 NPU 架构标识，接入 NPU 模板 UID/config，并保留设备优先级、hash 和非法配置验证。,原实现涉及社区 torch/_inductor；NPU 扩展方案未设计,同一参数化组可能有返回空结果的负向实例通过，但正向查表失败，不能当作 hash 算法错误。,完成,batch-02-results.json#test_lookup_table.py::test_validation_error,../npu-inductor-213-batches-20261008/batch-02-source-evidence.json#test_lookup_table.py::test_validation_error; ../npu-inductor-213-batches-20261008/runtime-source-evidence.json#torch/_inductor/lookup_table/choices.py::_get_device_key,2026-10-08
30,02,test_lookup_table.py,test_cpu_input_returns_empty,验证 CPU 输入不命中面向加速器的 lookup table，避免误用设备专用配置。,lookup 功能启用时必测：保留查表、过滤和候选选择契约；未接入 NPU lookup 时不能把原 CUDA 模板断言作为基础算子验收。,../npu-inductor-213-batches-20261008/batch-02-source-evidence.json#test_lookup_table.py::test_cpu_input_returns_empty,TestLookupTable,通过,通过,状态不变,"{""passed"": 1}",无,原测试全部选中实例的 setup/call/teardown 通过；覆盖范围沿用未变更的测试源码。,,,显式 CPU 输入返回空字典的负向契约通过，不是 NPU 查表正向覆盖。,完成,batch-02-results.json#test_lookup_table.py::test_cpu_input_returns_empty,../npu-inductor-213-batches-20261008/batch-02-source-evidence.json#test_lookup_table.py::test_cpu_input_returns_empty; ../npu-inductor-213-batches-20261008/runtime-source-evidence.json#torch/_inductor/lookup_table/choices.py::_get_device_key,2026-10-08
31,02,test_lookup_table.py,test_multiple_calls_work,验证同一 lookup 对象重复查不同模板时结果稳定，不被前次查询修改。,lookup 功能启用时必测：保留查表、过滤和候选选择契约；未接入 NPU lookup 时不能把原 CUDA 模板断言作为基础算子验收。,../npu-inductor-213-batches-20261008/batch-02-source-evidence.json#test_lookup_table.py::test_multiple_calls_work,TestLookupTable,失败,失败,状态不变,"{""failed"": 1}",lookup key 生成/查表后的测试断言,本轮异常签名/跳过原因及实例结果与基线一致：_get_device_key 对非 cuda 返回 None；NPU 的 make_lookup_key/variants 为 None，查表返回 {}，触发键缺失、数量或应抛 ValueError 的断言。,生成稳定 NPU 架构标识，接入 NPU 模板 UID/config，并保留设备优先级、hash 和非法配置验证。,原实现涉及社区 torch/_inductor；NPU 扩展方案未设计,同一参数化组可能有返回空结果的负向实例通过，但正向查表失败，不能当作 hash 算法错误。,完成,batch-02-results.json#test_lookup_table.py::test_multiple_calls_work,../npu-inductor-213-batches-20261008/batch-02-source-evidence.json#test_lookup_table.py::test_multiple_calls_work; ../npu-inductor-213-batches-20261008/runtime-source-evidence.json#torch/_inductor/lookup_table/choices.py::_get_device_key,2026-10-08
32,02,test_lookup_table.py,test_batch_lookup_mixed_entries,验证一次查询多个模板时只返回存在的配置，保留各模板参数且排除缺失项。,lookup 功能启用时必测：保留查表、过滤和候选选择契约；未接入 NPU lookup 时不能把原 CUDA 模板断言作为基础算子验收。,../npu-inductor-213-batches-20261008/batch-02-source-evidence.json#test_lookup_table.py::test_batch_lookup_mixed_entries,TestLookupTable,失败,失败,状态不变,"{""failed"": 1}",lookup key 生成/查表后的测试断言,本轮异常签名/跳过原因及实例结果与基线一致：_get_device_key 对非 cuda 返回 None；NPU 的 make_lookup_key/variants 为 None，查表返回 {}，触发键缺失、数量或应抛 ValueError 的断言。,生成稳定 NPU 架构标识，接入 NPU 模板 UID/config，并保留设备优先级、hash 和非法配置验证。,原实现涉及社区 torch/_inductor；NPU 扩展方案未设计,同一参数化组可能有返回空结果的负向实例通过，但正向查表失败，不能当作 hash 算法错误。,完成,batch-02-results.json#test_lookup_table.py::test_batch_lookup_mixed_entries,../npu-inductor-213-batches-20261008/batch-02-source-evidence.json#test_lookup_table.py::test_batch_lookup_mixed_entries; ../npu-inductor-213-batches-20261008/runtime-source-evidence.json#torch/_inductor/lookup_table/choices.py::_get_device_key,2026-10-08
33,02,test_lookup_table.py,test_template_hash_checking,验证模板源码 hash 匹配、失配及缺省时的保留/过滤规则，并剥离返回配置中的 hash 字段。,lookup 功能启用时必测：保留查表、过滤和候选选择契约；未接入 NPU lookup 时不能把原 CUDA 模板断言作为基础算子验收。,../npu-inductor-213-batches-20261008/batch-02-source-evidence.json#test_lookup_table.py::test_template_hash_checking,TestLookupTable,失败,失败,状态不变,"{""failed"": 4, ""passed"": 1}",lookup key 生成/查表后的测试断言,本轮异常签名/跳过原因及实例结果与基线一致：_get_device_key 对非 cuda 返回 None；NPU 的 make_lookup_key/variants 为 None，查表返回 {}，触发键缺失、数量或应抛 ValueError 的断言。,生成稳定 NPU 架构标识，接入 NPU 模板 UID/config，并保留设备优先级、hash 和非法配置验证。,原实现涉及社区 torch/_inductor；NPU 扩展方案未设计,同一参数化组可能有返回空结果的负向实例通过，但正向查表失败，不能当作 hash 算法错误。,完成,batch-02-results.json#test_lookup_table.py::test_template_hash_checking,../npu-inductor-213-batches-20261008/batch-02-source-evidence.json#test_lookup_table.py::test_template_hash_checking; ../npu-inductor-213-batches-20261008/runtime-source-evidence.json#torch/_inductor/lookup_table/choices.py::_get_device_key,2026-10-08
34,02,test_lookup_table.py,test_template_hash_checking_disabled,验证关闭源码 hash 检查后保留失配配置，同时不向模板执行端传递 hash 字段。,lookup 功能启用时必测：保留查表、过滤和候选选择契约；未接入 NPU lookup 时不能把原 CUDA 模板断言作为基础算子验收。,../npu-inductor-213-batches-20261008/batch-02-source-evidence.json#test_lookup_table.py::test_template_hash_checking_disabled,TestLookupTable,失败,失败,状态不变,"{""failed"": 1}",lookup key 生成/查表后的测试断言,本轮异常签名/跳过原因及实例结果与基线一致：_get_device_key 对非 cuda 返回 None；NPU 的 make_lookup_key/variants 为 None，查表返回 {}，触发键缺失、数量或应抛 ValueError 的断言。,生成稳定 NPU 架构标识，接入 NPU 模板 UID/config，并保留设备优先级、hash 和非法配置验证。,原实现涉及社区 torch/_inductor；NPU 扩展方案未设计,同一参数化组可能有返回空结果的负向实例通过，但正向查表失败，不能当作 hash 算法错误。,完成,batch-02-results.json#test_lookup_table.py::test_template_hash_checking_disabled,../npu-inductor-213-batches-20261008/batch-02-source-evidence.json#test_lookup_table.py::test_template_hash_checking_disabled; ../npu-inductor-213-batches-20261008/runtime-source-evidence.json#torch/_inductor/lookup_table/choices.py::_get_device_key,2026-10-08
35,02,test_lookup_table.py,test_template_hash_mixed_scenarios,验证混合正确、错误和缺省 hash 的配置列表只过滤错误项。,lookup 功能启用时必测：保留查表、过滤和候选选择契约；未接入 NPU lookup 时不能把原 CUDA 模板断言作为基础算子验收。,../npu-inductor-213-batches-20261008/batch-02-source-evidence.json#test_lookup_table.py::test_template_hash_mixed_scenarios,TestLookupTable,失败,失败,状态不变,"{""failed"": 1}",lookup key 生成/查表后的测试断言,本轮异常签名/跳过原因及实例结果与基线一致：_get_device_key 对非 cuda 返回 None；NPU 的 make_lookup_key/variants 为 None，查表返回 {}，触发键缺失、数量或应抛 ValueError 的断言。,生成稳定 NPU 架构标识，接入 NPU 模板 UID/config，并保留设备优先级、hash 和非法配置验证。,原实现涉及社区 torch/_inductor；NPU 扩展方案未设计,同一参数化组可能有返回空结果的负向实例通过，但正向查表失败，不能当作 hash 算法错误。,完成,batch-02-results.json#test_lookup_table.py::test_template_hash_mixed_scenarios,../npu-inductor-213-batches-20261008/batch-02-source-evidence.json#test_lookup_table.py::test_template_hash_mixed_scenarios; ../npu-inductor-213-batches-20261008/runtime-source-evidence.json#torch/_inductor/lookup_table/choices.py::_get_device_key,2026-10-08
36,02,test_lookup_table.py,test_hash_checking_disabled_edge_cases,验证关闭 hash 检查后，畸形字符串、数字、空值和缺省字段均不会错误过滤合法配置。,lookup 功能启用时必测：保留查表、过滤和候选选择契约；未接入 NPU lookup 时不能把原 CUDA 模板断言作为基础算子验收。,../npu-inductor-213-batches-20261008/batch-02-source-evidence.json#test_lookup_table.py::test_hash_checking_disabled_edge_cases,TestLookupTable,失败,失败,状态不变,"{""failed"": 4}",lookup key 生成/查表后的测试断言,本轮异常签名/跳过原因及实例结果与基线一致：_get_device_key 对非 cuda 返回 None；NPU 的 make_lookup_key/variants 为 None，查表返回 {}，触发键缺失、数量或应抛 ValueError 的断言。,生成稳定 NPU 架构标识，接入 NPU 模板 UID/config，并保留设备优先级、hash 和非法配置验证。,原实现涉及社区 torch/_inductor；NPU 扩展方案未设计,同一参数化组可能有返回空结果的负向实例通过，但正向查表失败，不能当作 hash 算法错误。,完成,batch-02-results.json#test_lookup_table.py::test_hash_checking_disabled_edge_cases,../npu-inductor-213-batches-20261008/batch-02-source-evidence.json#test_lookup_table.py::test_hash_checking_disabled_edge_cases; ../npu-inductor-213-batches-20261008/runtime-source-evidence.json#torch/_inductor/lookup_table/choices.py::_get_device_key,2026-10-08
37,02,test_lookup_table.py,test_device_key_lookup_scenarios,验证设备专用 key 与通用 key 在设备相同/不同情况下的命中规则。,lookup 功能启用时必测：保留查表、过滤和候选选择契约；未接入 NPU lookup 时不能把原 CUDA 模板断言作为基础算子验收。,../npu-inductor-213-batches-20261008/batch-02-source-evidence.json#test_lookup_table.py::test_device_key_lookup_scenarios,TestLookupTable,失败,失败,状态不变,"{""failed"": 3, ""passed"": 1}",lookup key 生成/查表后的测试断言,本轮异常签名/跳过原因及实例结果与基线一致：_get_device_key 对非 cuda 返回 None；NPU 的 make_lookup_key/variants 为 None，查表返回 {}，触发键缺失、数量或应抛 ValueError 的断言。,生成稳定 NPU 架构标识，接入 NPU 模板 UID/config，并保留设备优先级、hash 和非法配置验证。,原实现涉及社区 torch/_inductor；NPU 扩展方案未设计,同一参数化组可能有返回空结果的负向实例通过，但正向查表失败，不能当作 hash 算法错误。,完成,batch-02-results.json#test_lookup_table.py::test_device_key_lookup_scenarios,../npu-inductor-213-batches-20261008/batch-02-source-evidence.json#test_lookup_table.py::test_device_key_lookup_scenarios; ../npu-inductor-213-batches-20261008/runtime-source-evidence.json#torch/_inductor/lookup_table/choices.py::_get_device_key,2026-10-08
38,02,test_lookup_table.py,test_device_key_priority,验证同一算子同时有设备专用和通用配置时，优先采用设备专用配置。,lookup 功能启用时必测：保留查表、过滤和候选选择契约；未接入 NPU lookup 时不能把原 CUDA 模板断言作为基础算子验收。,../npu-inductor-213-batches-20261008/batch-02-source-evidence.json#test_lookup_table.py::test_device_key_priority,TestLookupTable,失败,失败,状态不变,"{""failed"": 1}",lookup key 生成/查表后的测试断言,本轮异常签名/跳过原因及实例结果与基线一致：_get_device_key 对非 cuda 返回 None；NPU 的 make_lookup_key/variants 为 None，查表返回 {}，触发键缺失、数量或应抛 ValueError 的断言。,生成稳定 NPU 架构标识，接入 NPU 模板 UID/config，并保留设备优先级、hash 和非法配置验证。,原实现涉及社区 torch/_inductor；NPU 扩展方案未设计,同一参数化组可能有返回空结果的负向实例通过，但正向查表失败，不能当作 hash 算法错误。,完成,batch-02-results.json#test_lookup_table.py::test_device_key_priority,../npu-inductor-213-batches-20261008/batch-02-source-evidence.json#test_lookup_table.py::test_device_key_priority; ../npu-inductor-213-batches-20261008/runtime-source-evidence.json#torch/_inductor/lookup_table/choices.py::_get_device_key,2026-10-08
39,02,test_lookup_table.py,test_make_lookup_key_variants,验证生成的设备专用/通用 lookup key 均为字符串，且正确包含输入和设备标识。,lookup 功能启用时必测：保留查表、过滤和候选选择契约；未接入 NPU lookup 时不能把原 CUDA 模板断言作为基础算子验收。,../npu-inductor-213-batches-20261008/batch-02-source-evidence.json#test_lookup_table.py::test_make_lookup_key_variants,TestLookupTable,失败,失败,状态不变,"{""failed"": 1}",lookup key 生成/查表后的测试断言,本轮异常签名/跳过原因及实例结果与基线一致：_get_device_key 对非 cuda 返回 None；NPU 的 make_lookup_key/variants 为 None，查表返回 {}，触发键缺失、数量或应抛 ValueError 的断言。,生成稳定 NPU 架构标识，接入 NPU 模板 UID/config，并保留设备优先级、hash 和非法配置验证。,原实现涉及社区 torch/_inductor；NPU 扩展方案未设计,同一参数化组可能有返回空结果的负向实例通过，但正向查表失败，不能当作 hash 算法错误。,完成,batch-02-results.json#test_lookup_table.py::test_make_lookup_key_variants,../npu-inductor-213-batches-20261008/batch-02-source-evidence.json#test_lookup_table.py::test_make_lookup_key_variants; ../npu-inductor-213-batches-20261008/runtime-source-evidence.json#torch/_inductor/lookup_table/choices.py::_get_device_key,2026-10-08
40,02,test_lookup_table.py,test_no_lookup_table_entry_autotune_modes,验证 lookup 未命中时 max_autotune 开/关下的候选选择及矩阵运算仍正常。,lookup 功能启用时必测：保留查表、过滤和候选选择契约；未接入 NPU lookup 时不能把原 CUDA 模板断言作为基础算子验收。,../npu-inductor-213-batches-20261008/batch-02-source-evidence.json#test_lookup_table.py::test_no_lookup_table_entry_autotune_modes,TestLookupTableE2E,通过,通过,状态不变,"{""passed"": 2}",无,原测试全部选中实例的 setup/call/teardown 通过；覆盖范围沿用未变更的测试源码。,,,原断言通过；NPU lookup key 为 None，空表/无匹配或模型可运行不能证明实际命中并筛选 NPU 表项。,完成,batch-02-results.json#test_lookup_table.py::test_no_lookup_table_entry_autotune_modes,../npu-inductor-213-batches-20261008/batch-02-source-evidence.json#test_lookup_table.py::test_no_lookup_table_entry_autotune_modes; ../npu-inductor-213-batches-20261008/runtime-source-evidence.json#torch/_inductor/lookup_table/choices.py::_get_device_key,2026-10-08
41,02,test_lookup_table.py,test_valid_lookup_table_entry,验证 mm/addmm/bmm/mm_plus_mm 的有效查表配置参与候选选择，结果与参考实现一致。,lookup 功能启用时必测：保留查表、过滤和候选选择契约；未接入 NPU lookup 时不能把原 CUDA 模板断言作为基础算子验收。,../npu-inductor-213-batches-20261008/batch-02-source-evidence.json#test_lookup_table.py::test_valid_lookup_table_entry,TestLookupTableE2E,通过,通过,状态不变,"{""passed"": 4}",无,原测试全部选中实例的 setup/call/teardown 通过；覆盖范围沿用未变更的测试源码。,,,原断言通过；NPU lookup key 为 None，空表/无匹配或模型可运行不能证明实际命中并筛选 NPU 表项。,完成,batch-02-results.json#test_lookup_table.py::test_valid_lookup_table_entry,../npu-inductor-213-batches-20261008/batch-02-source-evidence.json#test_lookup_table.py::test_valid_lookup_table_entry; ../npu-inductor-213-batches-20261008/runtime-source-evidence.json#torch/_inductor/lookup_table/choices.py::_get_device_key,2026-10-08
42,02,test_lookup_table.py,test_tma_lookup_table_entry,验证具备 TMA 能力时 mm/addmm 的 persistent TMA 模板查表、候选数和结果。,CUDA TMA 专项：保留真实能力条件；NPU 等价查表功能应使用 NPU 模板覆盖，不能仅删除 skip。,../npu-inductor-213-batches-20261008/batch-02-source-evidence.json#test_lookup_table.py::test_tma_lookup_table_entry,TestLookupTableE2E,跳过,跳过,状态不变,"{""skipped"": 2}",pytest setup skip,"本轮异常签名/跳过原因及实例结果与基线一致：@skipIf(not has_triton_tma_device(), ""Need TMA support"") 跳过。",先定义 NPU 对应的数据搬运和模板契约，再适配多配置/混合模板验证。,原功能涉及 torch/_inductor/lookup_table 与 Triton/CUDA TMA；NPU 等价模板方案另需设计,skip 不是通过，也不是 NPU 硬件永久无法实现等价功能的证据。,完成,batch-02-results.json#test_lookup_table.py::test_tma_lookup_table_entry,../npu-inductor-213-batches-20261008/batch-02-source-evidence.json#test_lookup_table.py::test_tma_lookup_table_entry; ../npu-inductor-213-batches-20261008/runtime-source-evidence.json#torch/_inductor/lookup_table/choices.py::_get_device_key,2026-10-08
43,02,test_lookup_table.py,test_decompose_k_lookup_table_entry,验证 decompose_k 子图模板查表后候选选择及矩阵乘结果。,lookup 功能启用时必测：保留查表、过滤和候选选择契约；未接入 NPU lookup 时不能把原 CUDA 模板断言作为基础算子验收。,../npu-inductor-213-batches-20261008/batch-02-source-evidence.json#test_lookup_table.py::test_decompose_k_lookup_table_entry,TestLookupTableE2E,通过,通过,状态不变,"{""passed"": 1}",无,原测试全部选中实例的 setup/call/teardown 通过；覆盖范围沿用未变更的测试源码。,,,原断言通过；NPU lookup key 为 None，空表/无匹配或模型可运行不能证明实际命中并筛选 NPU 表项。,完成,batch-02-results.json#test_lookup_table.py::test_decompose_k_lookup_table_entry,../npu-inductor-213-batches-20261008/batch-02-source-evidence.json#test_lookup_table.py::test_decompose_k_lookup_table_entry; ../npu-inductor-213-batches-20261008/runtime-source-evidence.json#torch/_inductor/lookup_table/choices.py::_get_device_key,2026-10-08
44,02,test_lookup_table.py,test_bias_addmm_lookup_table_entry,验证 stride=0 的广播 bias 匹配 bias_addmm 配置时，ATEN 候选路径正确执行。,lookup 功能启用时必测：保留查表、过滤和候选选择契约；未接入 NPU lookup 时不能把原 CUDA 模板断言作为基础算子验收。,../npu-inductor-213-batches-20261008/batch-02-source-evidence.json#test_lookup_table.py::test_bias_addmm_lookup_table_entry,TestLookupTableE2E,失败,失败,状态不变,"{""failed"": 1}",Inductor cudagraph allocator 能力检查,本轮异常签名/跳过原因及实例结果与基线一致：mode=max-autotune 开启图捕获路径；check_caching_allocator_for_cudagraphs 调用 torch._C._cuda_cudaCachingAllocator_is_enabled，CPU torch 构建无该符号。,将 allocator/capture 能力检查接入 NPU 对应实现；保留图捕获测试目标并验证缓存分配器语义。,完整方案可能涉及 torch/_inductor、torch_npu runtime，不能仅承诺 NPU Inductor 改动,尚未验证 bias_addmm 表项选择与 compiled 输出。,完成,batch-02-results.json#test_lookup_table.py::test_bias_addmm_lookup_table_entry,../npu-inductor-213-batches-20261008/batch-02-source-evidence.json#test_lookup_table.py::test_bias_addmm_lookup_table_entry; ../npu-inductor-213-batches-20261008/runtime-source-evidence.json#torch/_inductor/lookup_table/choices.py::_get_device_key; ../npu-inductor-213-batches-20261008/runtime-source-evidence.json#torch/_inductor/cudagraph_utils.py::check_caching_allocator_for_cudagraphs,2026-10-08
45,02,test_lookup_table.py,test_multiple_configs_same_template,验证同一 persistent TMA 模板的两组配置均作为候选参与选择并正确计算。,CUDA TMA 专项：保留真实能力条件；NPU 等价查表功能应使用 NPU 模板覆盖，不能仅删除 skip。,../npu-inductor-213-batches-20261008/batch-02-source-evidence.json#test_lookup_table.py::test_multiple_configs_same_template,TestLookupTableE2E,跳过,跳过,状态不变,"{""skipped"": 1}",pytest setup skip,"本轮异常签名/跳过原因及实例结果与基线一致：@skipIf(not has_triton_tma_device(), ""Need TMA support"") 跳过。",先定义 NPU 对应的数据搬运和模板契约，再适配多配置/混合模板验证。,原功能涉及 torch/_inductor/lookup_table 与 Triton/CUDA TMA；NPU 等价模板方案另需设计,skip 不是通过，也不是 NPU 硬件永久无法实现等价功能的证据。,完成,batch-02-results.json#test_lookup_table.py::test_multiple_configs_same_template,../npu-inductor-213-batches-20261008/batch-02-source-evidence.json#test_lookup_table.py::test_multiple_configs_same_template; ../npu-inductor-213-batches-20261008/runtime-source-evidence.json#torch/_inductor/lookup_table/choices.py::_get_device_key,2026-10-08
46,02,test_lookup_table.py,test_mixed_template_configs,验证普通 Triton 与 persistent TMA 两类模板配置可共同参与候选选择。,CUDA TMA 专项：保留真实能力条件；NPU 等价查表功能应使用 NPU 模板覆盖，不能仅删除 skip。,../npu-inductor-213-batches-20261008/batch-02-source-evidence.json#test_lookup_table.py::test_mixed_template_configs,TestLookupTableE2E,跳过,跳过,状态不变,"{""skipped"": 1}",pytest setup skip,"本轮异常签名/跳过原因及实例结果与基线一致：@skipIf(not has_triton_tma_device(), ""Need TMA support"") 跳过。",先定义 NPU 对应的数据搬运和模板契约，再适配多配置/混合模板验证。,原功能涉及 torch/_inductor/lookup_table 与 Triton/CUDA TMA；NPU 等价模板方案另需设计,skip 不是通过，也不是 NPU 硬件永久无法实现等价功能的证据。,完成,batch-02-results.json#test_lookup_table.py::test_mixed_template_configs,../npu-inductor-213-batches-20261008/batch-02-source-evidence.json#test_lookup_table.py::test_mixed_template_configs; ../npu-inductor-213-batches-20261008/runtime-source-evidence.json#torch/_inductor/lookup_table/choices.py::_get_device_key,2026-10-08
47,02,test_lookup_table.py,test_template_hash_filtering_e2e,验证真实矩阵乘编译中按模板源码 hash 过滤过期配置并保留正确候选。,lookup 功能启用时必测：保留查表、过滤和候选选择契约；未接入 NPU lookup 时不能把原 CUDA 模板断言作为基础算子验收。,../npu-inductor-213-batches-20261008/batch-02-source-evidence.json#test_lookup_table.py::test_template_hash_filtering_e2e,TestLookupTableE2E,通过,通过,状态不变,"{""passed"": 1}",无,原测试全部选中实例的 setup/call/teardown 通过；覆盖范围沿用未变更的测试源码。,,,原断言通过；NPU lookup key 为 None，空表/无匹配或模型可运行不能证明实际命中并筛选 NPU 表项。,完成,batch-02-results.json#test_lookup_table.py::test_template_hash_filtering_e2e,../npu-inductor-213-batches-20261008/batch-02-source-evidence.json#test_lookup_table.py::test_template_hash_filtering_e2e; ../npu-inductor-213-batches-20261008/runtime-source-evidence.json#torch/_inductor/lookup_table/choices.py::_get_device_key,2026-10-08
48,03,test_utils.py,test_flops_fx,验证 FX 节点形式及 OpOverload 形式的支持算子能估算 FLOPs，不支持的逐元素算子返回无估算。,性能估算工具：NPU 使用 FLOPs/TFLOPs 估算做调度或分析时需适配；不属于数值 kernel 必测项。,../npu-inductor-213-batches-20261008/batch-03-source-evidence.json#test_utils.py::test_flops_fx,TestUtilsCUDA,失败,失败,状态不变,"{""failed"": 1}",测试体外 CUDA non-default-stream policy,本轮异常签名/跳过原因及实例结果与基线一致：TestUtilsCUDA 包装器进入 CudaNonDefaultStream.__enter__，直接调用缺失的 torch._C._cuda_setStream。,为此文件生成原生 NPU 测试类，或把 stream 设置/恢复对接 NPU 公共接口并保留非默认流检查。,否,call 报错来自装饰器；尚未执行 FLOPs/TFLOPs 断言。,完成,batch-03-results.json#test_utils.py::test_flops_fx,../npu-inductor-213-batches-20261008/batch-03-source-evidence.json#test_utils.py::test_flops_fx; ../npu-inductor-213-batches-20261008/runtime-source-evidence.json#torch/testing/_internal/common_utils.py::CudaNonDefaultStream,2026-10-08
49,03,test_utils.py,test_get_device_tflops,验证按 float16/bfloat16/float32 查询设备理论 TFLOPs 的工具接口返回浮点数。,性能估算工具：NPU 使用 FLOPs/TFLOPs 估算做调度或分析时需适配；不属于数值 kernel 必测项。,../npu-inductor-213-batches-20261008/batch-03-source-evidence.json#test_utils.py::test_get_device_tflops,TestUtilsCUDA,失败,失败,状态不变,"{""failed"": 3}",测试体外 CUDA non-default-stream policy,本轮异常签名/跳过原因及实例结果与基线一致：TestUtilsCUDA 包装器进入 CudaNonDefaultStream.__enter__，直接调用缺失的 torch._C._cuda_setStream。,为此文件生成原生 NPU 测试类，或把 stream 设置/恢复对接 NPU 公共接口并保留非默认流检查。,是或需新增 NPU 性能信息实现；当前函数属于社区 torch,call 报错来自装饰器；尚未执行 FLOPs/TFLOPs 断言。,完成,batch-03-results.json#test_utils.py::test_get_device_tflops,../npu-inductor-213-batches-20261008/batch-03-source-evidence.json#test_utils.py::test_get_device_tflops; ../npu-inductor-213-batches-20261008/runtime-source-evidence.json#torch/testing/_internal/common_utils.py::CudaNonDefaultStream,2026-10-08
50,03,test_utils.py,test_ensure_fp4_dtype_registered,验证 FP4 注册工具将 torch.float4_e2m1fn_x2 映射到 CUTLASS Float4E2M1FN，且不破坏 float32 映射。,CUDA/CUTLASS 类型注册专项：不作为 NPU kernel 验收；仅在承诺兼容该工具依赖时需要。,../npu-inductor-213-batches-20261008/batch-03-source-evidence.json#test_utils.py::test_ensure_fp4_dtype_registered,TestFP4Support,跳过,跳过,状态不变,"{""skipped"": 1}",pytest setup skip,本轮异常签名/跳过原因及实例结果与基线一致：原 skip 条件要求 CUDA 可用且安装 cutlass_api；当前缺少 cutlass_api，测试体跳过。,保留依赖条件；若看护 NPU FP4，应验证 NPU 的类型映射、算子和生成代码。,需要真实 cutlass/cutlass_api 依赖（环境/第三方模块）；本次不安装，NPU Inductor 代码不必修改,未执行 _ensure_fp4_dtype_registered 或 cutlass Float4E2M1FN 断言。,完成,batch-03-results.json#test_utils.py::test_ensure_fp4_dtype_registered,../npu-inductor-213-batches-20261008/batch-03-source-evidence.json#test_utils.py::test_ensure_fp4_dtype_registered,2026-10-08
51,03,test_inplacing_pass.py,test_dont_modify_live,验证 index_put 的源中间值仍被输出引用时，reinplace 优化不会提前覆盖活跃数据。,编译优化正确性：建议保留；检查原地更新、别名和 clone，避免优化改变用户可见语义。,../npu-inductor-213-batches-20261008/batch-03-source-evidence.json#test_inplacing_pass.py::test_dont_modify_live,TestReinplacingPassCorrectness,失败,失败,状态不变,"{""failed"": 1}",eager 参考执行/index_put 输入检查,本轮异常签名/跳过原因及实例结果与基线一致：全局 const=torch.tensor(0.0) 位于 CPU；_test 创建 NPU x/y，f(*inp) 中 index_put/index_put_ 拒绝跨设备 value。编译函数尚未执行。,将同值标量 fixture 放在被测设备，保留输入突变、alias 和输出比较；若要求 CPU 标量兼容则修算子包装层。,否,未进入 nf(*inp2)，未检验编译后的 reinplace 决策。,完成,batch-03-results.json#test_inplacing_pass.py::test_dont_modify_live,../npu-inductor-213-batches-20261008/batch-03-source-evidence.json#test_inplacing_pass.py::test_dont_modify_live; ../npu-inductor-213-batches-20261008/batch-03-source-evidence.json#test_inplacing_pass.py::_test; ../npu-inductor-213-batches-20261008/batch-03-source-evidence.json#test_inplacing_pass.py::const,2026-10-08
52,03,test_inplacing_pass.py,test_dont_modify_view_of_live,验证对活跃 Tensor 的 alias/view 更新时，reinplace 优化不会破坏后续对原值的使用。,编译优化正确性：建议保留；检查原地更新、别名和 clone，避免优化改变用户可见语义。,../npu-inductor-213-batches-20261008/batch-03-source-evidence.json#test_inplacing_pass.py::test_dont_modify_view_of_live,TestReinplacingPassCorrectness,失败,失败,状态不变,"{""failed"": 1}",eager 参考执行/index_put 输入检查,本轮异常签名/跳过原因及实例结果与基线一致：全局 const=torch.tensor(0.0) 位于 CPU；_test 创建 NPU x/y，f(*inp) 中 index_put/index_put_ 拒绝跨设备 value。编译函数尚未执行。,将同值标量 fixture 放在被测设备，保留输入突变、alias 和输出比较；若要求 CPU 标量兼容则修算子包装层。,否,未进入 nf(*inp2)，未检验编译后的 reinplace 决策。,完成,batch-03-results.json#test_inplacing_pass.py::test_dont_modify_view_of_live,../npu-inductor-213-batches-20261008/batch-03-source-evidence.json#test_inplacing_pass.py::test_dont_modify_view_of_live; ../npu-inductor-213-batches-20261008/batch-03-source-evidence.json#test_inplacing_pass.py::_test; ../npu-inductor-213-batches-20261008/batch-03-source-evidence.json#test_inplacing_pass.py::const,2026-10-08
53,03,test_inplacing_pass.py,test_dont_modify_input,验证原本非原地的 index_put 不会被优化成意外修改图输入。,编译优化正确性：建议保留；检查原地更新、别名和 clone，避免优化改变用户可见语义。,../npu-inductor-213-batches-20261008/batch-03-source-evidence.json#test_inplacing_pass.py::test_dont_modify_input,TestReinplacingPassCorrectness,失败,失败,状态不变,"{""failed"": 1}",eager 参考执行/index_put 输入检查,本轮异常签名/跳过原因及实例结果与基线一致：全局 const=torch.tensor(0.0) 位于 CPU；_test 创建 NPU x/y，f(*inp) 中 index_put/index_put_ 拒绝跨设备 value。编译函数尚未执行。,将同值标量 fixture 放在被测设备，保留输入突变、alias 和输出比较；若要求 CPU 标量兼容则修算子包装层。,否,未进入 nf(*inp2)，未检验编译后的 reinplace 决策。,完成,batch-03-results.json#test_inplacing_pass.py::test_dont_modify_input,../npu-inductor-213-batches-20261008/batch-03-source-evidence.json#test_inplacing_pass.py::test_dont_modify_input; ../npu-inductor-213-batches-20261008/batch-03-source-evidence.json#test_inplacing_pass.py::_test; ../npu-inductor-213-batches-20261008/batch-03-source-evidence.json#test_inplacing_pass.py::const,2026-10-08
54,03,test_inplacing_pass.py,test_should_modify_inner,验证无其它活跃引用的内部 Tensor 可以安全 reinplace，同时保持结果正确。,编译优化正确性：建议保留；检查原地更新、别名和 clone，避免优化改变用户可见语义。,../npu-inductor-213-batches-20261008/batch-03-source-evidence.json#test_inplacing_pass.py::test_should_modify_inner,TestReinplacingPassCorrectness,失败,失败,状态不变,"{""failed"": 1}",eager 参考执行/index_put 输入检查,本轮异常签名/跳过原因及实例结果与基线一致：全局 const=torch.tensor(0.0) 位于 CPU；_test 创建 NPU x/y，f(*inp) 中 index_put/index_put_ 拒绝跨设备 value。编译函数尚未执行。,将同值标量 fixture 放在被测设备，保留输入突变、alias 和输出比较；若要求 CPU 标量兼容则修算子包装层。,否,未进入 nf(*inp2)，未检验编译后的 reinplace 决策。,完成,batch-03-results.json#test_inplacing_pass.py::test_should_modify_inner,../npu-inductor-213-batches-20261008/batch-03-source-evidence.json#test_inplacing_pass.py::test_should_modify_inner; ../npu-inductor-213-batches-20261008/batch-03-source-evidence.json#test_inplacing_pass.py::_test; ../npu-inductor-213-batches-20261008/batch-03-source-evidence.json#test_inplacing_pass.py::const,2026-10-08
55,03,test_inplacing_pass.py,test_should_modify_input,验证原本原地的 index_put_ 经 functionalization 和 reinplace 后仍正确修改输入。,编译优化正确性：建议保留；检查原地更新、别名和 clone，避免优化改变用户可见语义。,../npu-inductor-213-batches-20261008/batch-03-source-evidence.json#test_inplacing_pass.py::test_should_modify_input,TestReinplacingPassCorrectness,失败,失败,状态不变,"{""failed"": 1}",eager 参考执行/index_put 输入检查,本轮异常签名/跳过原因及实例结果与基线一致：全局 const=torch.tensor(0.0) 位于 CPU；_test 创建 NPU x/y，f(*inp) 中 index_put/index_put_ 拒绝跨设备 value。编译函数尚未执行。,将同值标量 fixture 放在被测设备，保留输入突变、alias 和输出比较；若要求 CPU 标量兼容则修算子包装层。,否,未进入 nf(*inp2)，未检验编译后的 reinplace 决策。,完成,batch-03-results.json#test_inplacing_pass.py::test_should_modify_input,../npu-inductor-213-batches-20261008/batch-03-source-evidence.json#test_inplacing_pass.py::test_should_modify_input; ../npu-inductor-213-batches-20261008/batch-03-source-evidence.json#test_inplacing_pass.py::_test; ../npu-inductor-213-batches-20261008/batch-03-source-evidence.json#test_inplacing_pass.py::const,2026-10-08
56,03,test_inplacing_pass.py,test_multi_output_intermediate,验证多输出自定义算子的内部输出能 reinplace，覆盖 functionalization 两版本及 requires_grad 开/关。,编译优化正确性：建议保留；检查原地更新、别名和 clone，避免优化改变用户可见语义。,../npu-inductor-213-batches-20261008/batch-03-source-evidence.json#test_inplacing_pass.py::test_multi_output_intermediate,TestReinplacingPassCorrectness,通过,通过,状态不变,"{""passed"": 1}",无,原测试全部选中实例的 setup/call/teardown 通过；覆盖范围沿用未变更的测试源码。,,,选中实例全部执行原测试断言；输入、dtype 和分支范围见对应测试源码。,完成,batch-03-results.json#test_inplacing_pass.py::test_multi_output_intermediate,../npu-inductor-213-batches-20261008/batch-03-source-evidence.json#test_inplacing_pass.py::test_multi_output_intermediate,2026-10-08
57,03,test_inplacing_pass.py,test_multiple_mutations,验证连续多次修改同一输入输出缓冲区时，结果和输入更新语义正确，reinplace 不丢失。,编译优化正确性：建议保留；检查原地更新、别名和 clone，避免优化改变用户可见语义。,../npu-inductor-213-batches-20261008/batch-03-source-evidence.json#test_inplacing_pass.py::test_multiple_mutations,TestReinplacingPassCorrectness,通过,通过,状态不变,"{""passed"": 1}",无,原测试全部选中实例的 setup/call/teardown 通过；覆盖范围沿用未变更的测试源码。,,,选中实例全部执行原测试断言；输入、dtype 和分支范围见对应测试源码。,完成,batch-03-results.json#test_inplacing_pass.py::test_multiple_mutations,../npu-inductor-213-batches-20261008/batch-03-source-evidence.json#test_inplacing_pass.py::test_multiple_mutations,2026-10-08
58,03,test_inplacing_pass.py,test_multiple_intermediate,验证连续多次修改内部临时缓冲区时，结果正确且不产生 reinplace 失败。,编译优化正确性：建议保留；检查原地更新、别名和 clone，避免优化改变用户可见语义。,../npu-inductor-213-batches-20261008/batch-03-source-evidence.json#test_inplacing_pass.py::test_multiple_intermediate,TestReinplacingPassCorrectness,通过,通过,状态不变,"{""passed"": 1}",无,原测试全部选中实例的 setup/call/teardown 通过；覆盖范围沿用未变更的测试源码。,,,选中实例全部执行原测试断言；输入、dtype 和分支范围见对应测试源码。,完成,batch-03-results.json#test_inplacing_pass.py::test_multiple_intermediate,../npu-inductor-213-batches-20261008/batch-03-source-evidence.json#test_inplacing_pass.py::test_multiple_intermediate,2026-10-08
59,03,test_inplacing_pass.py,test_lists_functionalize_v2,验证 functionalization v2 对列表中的 alias/view 可在 base 上原地更新，避免多余 clone。,编译优化正确性：建议保留；检查原地更新、别名和 clone，避免优化改变用户可见语义。,../npu-inductor-213-batches-20261008/batch-03-source-evidence.json#test_inplacing_pass.py::test_lists_functionalize_v2,TestReinplacingPassCorrectness,通过,通过,状态不变,"{""passed"": 1}",无,原测试全部选中实例的 setup/call/teardown 通过；覆盖范围沿用未变更的测试源码。,,,选中实例全部执行原测试断言；输入、dtype 和分支范围见对应测试源码。,完成,batch-03-results.json#test_inplacing_pass.py::test_lists_functionalize_v2,../npu-inductor-213-batches-20261008/batch-03-source-evidence.json#test_inplacing_pass.py::test_lists_functionalize_v2,2026-10-08
60,03,test_inplacing_pass.py,test_lists_old_functionalize,验证旧 functionalization 对列表 view 保留必要 clone，并正确统计未 reinplace 的次数和字节数。,旧 functionalization 路径：仍支持该开关时保留；若正式移除该旧实现，可随功能退役。,../npu-inductor-213-batches-20261008/batch-03-source-evidence.json#test_inplacing_pass.py::test_lists_old_functionalize,TestReinplacingPassCorrectness,通过,通过,状态不变,"{""passed"": 1}",无,原测试全部选中实例的 setup/call/teardown 通过；覆盖范围沿用未变更的测试源码。,,,选中实例全部执行原测试断言；输入、dtype 和分支范围见对应测试源码。,完成,batch-03-results.json#test_inplacing_pass.py::test_lists_old_functionalize,../npu-inductor-213-batches-20261008/batch-03-source-evidence.json#test_inplacing_pass.py::test_lists_old_functionalize,2026-10-08
61,03,test_inplacing_pass.py,test_partitioner_recomputes_factory,验证 AOT 分区涉及重建 empty_like 输出时，自定义算子/Triton 算子的 reinplace 处理仍成立；未显式执行 backward。,编译优化正确性：建议保留；检查原地更新、别名和 clone，避免优化改变用户可见语义。,../npu-inductor-213-batches-20261008/batch-03-source-evidence.json#test_inplacing_pass.py::test_partitioner_recomputes_factory,TestReinplacingPassCorrectness,通过,通过,状态不变,"{""passed"": 2}",无,原测试全部选中实例的 setup/call/teardown 通过；覆盖范围沿用未变更的测试源码。,,,选中实例全部执行原测试断言；输入、dtype 和分支范围见对应测试源码。,完成,batch-03-results.json#test_inplacing_pass.py::test_partitioner_recomputes_factory,../npu-inductor-213-batches-20261008/batch-03-source-evidence.json#test_inplacing_pass.py::test_partitioner_recomputes_factory,2026-10-08
62,03,test_inductor_annotations.py,test_no_annotations,验证默认生成代码不含 NVTX import 和训练阶段标注，避免无条件插入观测开销。,默认代码生成回归：建议保留不无故生成标注的检查；原 NVTX 文本只对应社区实现。,../npu-inductor-213-batches-20261008/batch-03-source-evidence.json#test_inductor_annotations.py::test_no_annotations,InductorAnnotationTestCase,通过,通过,状态不变,"{""passed"": 1}",无,原测试全部选中实例的 setup/call/teardown 通过；覆盖范围沿用未变更的测试源码。,,,选中实例全部执行原测试断言；输入、dtype 和分支范围见对应测试源码。,完成,batch-03-results.json#test_inductor_annotations.py::test_no_annotations,../npu-inductor-213-batches-20261008/batch-03-source-evidence.json#test_inductor_annotations.py::test_no_annotations,2026-10-08
63,03,test_inductor_annotations.py,test_training_annotation,验证开启训练标注时生成配对的 NVTX inference range start/end 调用。,CUDA NVTX 专项：NPU 若提供训练标注，应按实际 profiler 接口替换断言；不是基础数值必测。,../npu-inductor-213-batches-20261008/batch-03-source-evidence.json#test_inductor_annotations.py::test_training_annotation,InductorAnnotationTestCase,失败,失败,状态不变,"{""failed"": 1}",生成 wrapper 运行/NVTX annotation,本轮异常签名/跳过原因及实例结果与基线一致：annotate_training=True 生成 NVTX device range 调用，当前 torch.cuda.nvtx._NVTXStub 无 deviceRangeStart。,为 NPU 生成对应 profiling range begin/end，测试对应后端文本及成对调用；保留 annotation=True 的目标。,可能涉及 torch_npu profiler/runtime；原接口为 torch/cuda/nvtx.py,不是 a+b/a*b 数值误差；失败发生于 NVTX runtime 调用。,完成,batch-03-results.json#test_inductor_annotations.py::test_training_annotation,../npu-inductor-213-batches-20261008/batch-03-source-evidence.json#test_inductor_annotations.py::test_training_annotation; ../npu-inductor-213-batches-20261008/runtime-source-evidence.json#torch/cuda/nvtx.py::_device_range_start,2026-10-08
64,04,test_alignment.py,test_unaligned_input,验证 storage_offset=1 的一维非对齐切片输入经过 ReLU 编译仍正确。,基础正确性或边界回归：建议保留；按原输入、dtype、形状和断言验证 NPU，不能仅根据当前失败/跳过删除。,../npu-inductor-213-batches-20261008/batch-04-source-evidence.json#test_alignment.py::test_unaligned_input,GPUTests,通过,通过,状态不变,"{""passed"": 1}",无,原测试全部选中实例的 setup/call/teardown 通过；覆盖范围沿用未变更的测试源码。,,,选中实例全部执行原测试断言；输入、dtype 和分支范围见对应测试源码。,完成,batch-04-results.json#test_alignment.py::test_unaligned_input,../npu-inductor-213-batches-20261008/batch-04-source-evidence.json#test_alignment.py::test_unaligned_input,2026-10-08
65,04,test_alignment.py,test_unaligned_input_2d,验证二维行切片造成的非对齐地址和非连续行 stride 下 ReLU 仍正确。,基础正确性或边界回归：建议保留；按原输入、dtype、形状和断言验证 NPU，不能仅根据当前失败/跳过删除。,../npu-inductor-213-batches-20261008/batch-04-source-evidence.json#test_alignment.py::test_unaligned_input_2d,GPUTests,通过,通过,状态不变,"{""passed"": 1}",无,原测试全部选中实例的 setup/call/teardown 通过；覆盖范围沿用未变更的测试源码。,,,选中实例全部执行原测试断言；输入、dtype 和分支范围见对应测试源码。,完成,batch-04-results.json#test_alignment.py::test_unaligned_input_2d,../npu-inductor-213-batches-20261008/batch-04-source-evidence.json#test_alignment.py::test_unaligned_input_2d,2026-10-08
66,04,test_alignment.py,test_alignment_without_custom_op,验证普通算子链内产生非对齐切片后，后续 cos 计算正确。,基础正确性或边界回归：建议保留；按原输入、dtype、形状和断言验证 NPU，不能仅根据当前失败/跳过删除。,../npu-inductor-213-batches-20261008/batch-04-source-evidence.json#test_alignment.py::test_alignment_without_custom_op,GPUTests,通过,通过,状态不变,"{""passed"": 1}",无,原测试全部选中实例的 setup/call/teardown 通过；覆盖范围沿用未变更的测试源码。,,,选中实例全部执行原测试断言；输入、dtype 和分支范围见对应测试源码。,完成,batch-04-results.json#test_alignment.py::test_alignment_without_custom_op,../npu-inductor-213-batches-20261008/batch-04-source-evidence.json#test_alignment.py::test_alignment_without_custom_op,2026-10-08
67,04,test_alignment.py,test_no_align_for_custom_op,验证自定义算子返回的一维非对齐 view 被下游 cos 正确消费，不假定其地址已对齐。,基础正确性或边界回归：建议保留；按原输入、dtype、形状和断言验证 NPU，不能仅根据当前失败/跳过删除。,../npu-inductor-213-batches-20261008/batch-04-source-evidence.json#test_alignment.py::test_no_align_for_custom_op,GPUTests,通过,通过,状态不变,"{""passed"": 1}",无,原测试全部选中实例的 setup/call/teardown 通过；覆盖范围沿用未变更的测试源码。,,,选中实例全部执行原测试断言；输入、dtype 和分支范围见对应测试源码。,完成,batch-04-results.json#test_alignment.py::test_no_align_for_custom_op,../npu-inductor-213-batches-20261008/batch-04-source-evidence.json#test_alignment.py::test_no_align_for_custom_op,2026-10-08
68,04,test_alignment.py,test_no_align_for_custom_op_2d,验证自定义算子返回的二维非对齐、带行 stride 的 view 保持正确布局和数值。,基础正确性或边界回归：建议保留；按原输入、dtype、形状和断言验证 NPU，不能仅根据当前失败/跳过删除。,../npu-inductor-213-batches-20261008/batch-04-source-evidence.json#test_alignment.py::test_no_align_for_custom_op_2d,GPUTests,失败,失败,状态不变,"{""failed"": 1}",compiled custom-op 输出 stride 断言,本轮异常签名/跳过原因及实例结果与基线一致：define_custom_op_for_test 仅注册 CPU/CUDA/XPU/MPS/Meta，没有 PrivateUse1；CPU fallback 回 NPU 后实际 stride[0]=1024，meta 预期1040。,将相同测试算子函数注册到 NPU dispatch key，使切片在 NPU 上执行；保留真实布局检查。,否（该 helper 属于测试代码）,1D 同类用例通过可能是单维 stride 未暴露复制变化；不能推广到2D布局。,完成,batch-04-results.json#test_alignment.py::test_no_align_for_custom_op_2d,../npu-inductor-213-batches-20261008/batch-04-source-evidence.json#test_alignment.py::test_no_align_for_custom_op_2d; ../npu-inductor-213-batches-20261008/runtime-source-evidence.json#test_torchinductor.py::define_custom_op_for_test,2026-10-08
69,04,test_alignment.py,test_incorrect_meta_for_custom_op_2d,验证自定义 Meta 声称对齐但实际 storage_offset=1 时，运行时 alignment assertion 捕获不一致。,接口负向回归：建议保留 Meta 与真实布局不一致的检查；需按 NPU 实际对齐契约适配异常，不照搬 16-byte CUDA 文案。,../npu-inductor-213-batches-20261008/batch-04-source-evidence.json#test_alignment.py::test_incorrect_meta_for_custom_op_2d,GPUTests,失败,失败,状态不变,"{""failed"": 1}",compiled custom-op 输出 stride 断言,本轮异常签名/跳过原因及实例结果与基线一致：define_custom_op_for_test 仅注册 CPU/CUDA/XPU/MPS/Meta，没有 PrivateUse1；CPU fallback 回 NPU 后实际 stride[0]=1024，meta 预期1040。 原测试预期 storage_offset 引起的16字节对齐错误，却先得到 stride 错误，正则不匹配。,将相同测试算子函数注册到 NPU dispatch key，使切片在 NPU 上执行；保留真实布局检查。,否（该 helper 属于测试代码）,尚未验证预期的 alignment assertion；不能只放宽异常正则吞掉提前出现的 stride 错误。,完成,batch-04-results.json#test_alignment.py::test_incorrect_meta_for_custom_op_2d,../npu-inductor-213-batches-20261008/batch-04-source-evidence.json#test_alignment.py::test_incorrect_meta_for_custom_op_2d; ../npu-inductor-213-batches-20261008/runtime-source-evidence.json#test_torchinductor.py::define_custom_op_for_test,2026-10-08
70,04,test_alignment.py,test_slice,验证从第二个元素开始的一维 slice 加法正确处理非对齐访问。,基础正确性或边界回归：建议保留；按原输入、dtype、形状和断言验证 NPU，不能仅根据当前失败/跳过删除。,../npu-inductor-213-batches-20261008/batch-04-source-evidence.json#test_alignment.py::test_slice,GPUTests,通过,通过,状态不变,"{""passed"": 1}",无,原测试全部选中实例的 setup/call/teardown 通过；覆盖范围沿用未变更的测试源码。,,,选中实例全部执行原测试断言；输入、dtype 和分支范围见对应测试源码。,完成,batch-04-results.json#test_alignment.py::test_slice,../npu-inductor-213-batches-20261008/batch-04-source-evidence.json#test_alignment.py::test_slice,2026-10-08
71,04,test_alignment.py,test_view_dtype_slice,验证 BF16 先位重解释成 float32 再 slice 时，地址、元素大小和计算结果正确。,基础正确性或边界回归：建议保留；按原输入、dtype、形状和断言验证 NPU，不能仅根据当前失败/跳过删除。,../npu-inductor-213-batches-20261008/batch-04-source-evidence.json#test_alignment.py::test_view_dtype_slice,GPUTests,通过,通过,状态不变,"{""passed"": 1}",无,原测试全部选中实例的 setup/call/teardown 通过；覆盖范围沿用未变更的测试源码。,,,选中实例全部执行原测试断言；输入、dtype 和分支范围见对应测试源码。,完成,batch-04-results.json#test_alignment.py::test_view_dtype_slice,../npu-inductor-213-batches-20261008/batch-04-source-evidence.json#test_alignment.py::test_view_dtype_slice,2026-10-08
72,04,test_alignment.py,test_slice_view_dtype,验证 BF16 先 slice 再位重解释成 float32 时，多种规模的加载向量化仍满足对齐要求。,基础正确性或边界回归：建议保留；按原输入、dtype、形状和断言验证 NPU，不能仅根据当前失败/跳过删除。,../npu-inductor-213-batches-20261008/batch-04-source-evidence.json#test_alignment.py::test_slice_view_dtype,GPUTests,通过,通过,状态不变,"{""passed"": 3}",无,原测试全部选中实例的 setup/call/teardown 通过；覆盖范围沿用未变更的测试源码。,,,选中实例全部执行原测试断言；输入、dtype 和分支范围见对应测试源码。,完成,batch-04-results.json#test_alignment.py::test_slice_view_dtype,../npu-inductor-213-batches-20261008/batch-04-source-evidence.json#test_alignment.py::test_slice_view_dtype,2026-10-08
73,04,test_alignment.py,test_Q4_K_dequantization,验证 Q4_K 量化块拆包、scale/min 提取和反量化的非对齐访问结果。,量化场景回归：支持 Q4_K/类似位打包模型时建议保留；先修正测试输入和广播形状。,../npu-inductor-213-batches-20261008/batch-04-source-evidence.json#test_alignment.py::test_Q4_K_dequantization,GPUTests,失败,失败,状态不变,"{""failed"": 1}",eager 参考执行/右移广播输出分配,"本轮异常签名/跳过原因及实例结果与基线一致：aclnnRightShift 要求输出 [221184,4,2,32]，实际预分配 [221184,4,1,32]；尚未进入 torch.compile。",按 self/other 的广播结果分配 Tensor-Tensor 右移输出，并保留 dtype、非连续输入与标量重载覆盖。,是：op-plugin 的 eager C++ 算子，不在 torch_npu/_inductor,不是 Q4_K 对齐 lowering 失败；编译函数未执行。,完成,batch-04-results.json#test_alignment.py::test_Q4_K_dequantization,../npu-inductor-213-batches-20261008/batch-04-source-evidence.json#test_alignment.py::test_Q4_K_dequantization; ../npu-inductor-213-batches-20261008/runtime-source-evidence.json#op_plugin/ops/opapi/__Rshift__KernelNpuOpApi.cpp::__rshift__,2026-10-08
74,04,test_smoke.py,test_mlp,验证打开 Dynamo/Inductor/AOT 调试日志时，编译 MLP 可连续运行三次；属于冒烟测试，未显式比较数值。,编译入口冒烟：建议保留；reduce-overhead 部分按 NPU 图执行能力确定，不能替代数值正确性覆盖。,../npu-inductor-213-batches-20261008/batch-04-source-evidence.json#test_smoke.py::test_mlp,SmokeTest,失败,通过,转为通过,"{""passed"": 1}",无,PR 的默认 benchmark 设备修复生效，原 MLP 冒烟测试三次调用完成，基线的重复设备断言消失。,保留该编译入口回归；原用例仅检查运行，不以此证明模型数值或性能。,,按原源码执行 3 次 MLP，无显式 eager 数值断言。,完成,batch-04-results.json#test_smoke.py::test_mlp,../npu-inductor-213-batches-20261008/batch-04-source-evidence.json#test_smoke.py::test_mlp; ../npu-inductor-213-batches-20261008/runtime-source-evidence.json#torch/_inductor/runtime/benchmarking.py::_get_default_gpu_device_type,2026-10-08
75,04,test_smoke.py,test_compile_decorator,验证普通 torch.compile 装饰器及 reduce-overhead 模式连续调用可运行；属于编译入口冒烟测试。,编译入口冒烟：建议保留；reduce-overhead 部分按 NPU 图执行能力确定，不能替代数值正确性覆盖。,../npu-inductor-213-batches-20261008/batch-04-source-evidence.json#test_smoke.py::test_compile_decorator,SmokeTest,失败,失败,状态不变,"{""failed"": 1}",Inductor cudagraph allocator 能力检查,本轮异常签名/跳过原因及实例结果与基线一致：mode=max-autotune 开启图捕获路径；check_caching_allocator_for_cudagraphs 调用 torch._C._cuda_cudaCachingAllocator_is_enabled，CPU torch 构建无该符号。,将 allocator/capture 能力检查接入 NPU 对应实现；保留图捕获测试目标并验证缓存分配器语义。,完整方案可能涉及 torch/_inductor、torch_npu runtime，不能仅承诺 NPU Inductor 改动,装饰器编译在 cudagraph allocator 检查失败，尚未比较结果。,完成,batch-04-results.json#test_smoke.py::test_compile_decorator,../npu-inductor-213-batches-20261008/batch-04-source-evidence.json#test_smoke.py::test_compile_decorator; ../npu-inductor-213-batches-20261008/runtime-source-evidence.json#torch/_inductor/cudagraph_utils.py::check_caching_allocator_for_cudagraphs,2026-10-08
76,04,test_benchmarking.py,test_benchmark_smoke,验证 benchmark 接口对 CPU/加速器输入正确分派、返回正耗时并更新对应计数。,autotune 计时基础设施：建议保留设备分派与参数契约；xfail 必须单列，计时值不用于性能排名。,../npu-inductor-213-batches-20261008/batch-04-source-evidence.json#test_benchmarking.py::test_benchmark_smoke,TestBenchmarker,部分通过/含预期失败,部分通过/含预期失败,状态不变,"{""passed"": 3, ""xfail"": 1}",原测试 expectedFailure,本轮逐实例复核与基线一致：Benchmarker 基类的 NPU benchmark_gpu 抛 NotImplementedError，原 decorateIf 标记为 expectedFailure；TritonBenchmarker 对应实例通过。,保留负向测试，并用明确异常断言防止掩盖无关失败,,参数化统计分别保留通过与 xfail 实例。,完成,batch-04-results.json#test_benchmarking.py::test_benchmark_smoke,../npu-inductor-213-batches-20261008/batch-04-source-evidence.json#test_benchmarking.py::test_benchmark_smoke; ../npu-inductor-213-batches-20261008/runtime-source-evidence.json#torch/_inductor/runtime/benchmarking.py::Benchmarker,2026-10-08
77,04,test_benchmarking.py,test_benchmark_gpu_smoke,验证 benchmark_gpu 直接入口返回正耗时并更新设备 benchmark 计数。,autotune 计时基础设施：建议保留设备分派与参数契约；xfail 必须单列，计时值不用于性能排名。,../npu-inductor-213-batches-20261008/batch-04-source-evidence.json#test_benchmarking.py::test_benchmark_gpu_smoke,TestBenchmarker,部分通过/含预期失败,部分通过/含预期失败,状态不变,"{""xfail"": 1, ""passed"": 1}",原测试 expectedFailure,本轮逐实例复核与基线一致：Benchmarker 基类的 NPU benchmark_gpu 抛 NotImplementedError，原 decorateIf 标记为 expectedFailure；TritonBenchmarker 对应实例通过。,保留负向测试，并用明确异常断言防止掩盖无关失败,,参数化统计分别保留通过与 xfail 实例。,完成,batch-04-results.json#test_benchmarking.py::test_benchmark_gpu_smoke,../npu-inductor-213-batches-20261008/batch-04-source-evidence.json#test_benchmarking.py::test_benchmark_gpu_smoke; ../npu-inductor-213-batches-20261008/runtime-source-evidence.json#torch/_inductor/runtime/benchmarking.py::Benchmarker,2026-10-08
78,04,test_benchmarking.py,test_benchmark_safely_infers_device_no_devices,验证无 Tensor 参数时 benchmark 无法推断设备的失败行为；原测试以 expectedFailure 表示该限制。,autotune 计时基础设施：建议保留设备分派与参数契约；xfail 必须单列，计时值不用于性能排名。,../npu-inductor-213-batches-20261008/batch-04-source-evidence.json#test_benchmarking.py::test_benchmark_safely_infers_device_no_devices,TestBenchmarker,预期失败,预期失败,状态不变,"{""xfail"": 2}",原测试 expectedFailure,本轮逐实例复核与基线一致：实际 rawexcinfo 为 ValueError：fn_args/fn_kwargs 没有可用于推断设备的 tensor；与负向目标一致。,保留负向测试，并用明确异常断言防止掩盖无关失败,,参数化统计分别保留通过与 xfail 实例。,完成,batch-04-results.json#test_benchmarking.py::test_benchmark_safely_infers_device_no_devices,../npu-inductor-213-batches-20261008/batch-04-source-evidence.json#test_benchmarking.py::test_benchmark_safely_infers_device_no_devices; ../npu-inductor-213-batches-20261008/runtime-source-evidence.json#torch/_inductor/runtime/benchmarking.py::Benchmarker,2026-10-08
79,04,test_benchmarking.py,test_benchmark_safely_infers_device_many_devices,验证同时含 CPU 与加速器输入时 benchmark 设备推断的失败行为；原测试以 expectedFailure 表示该限制。,autotune 计时基础设施：建议保留设备分派与参数契约；xfail 必须单列，计时值不用于性能排名。,../npu-inductor-213-batches-20261008/batch-04-source-evidence.json#test_benchmarking.py::test_benchmark_safely_infers_device_many_devices,TestBenchmarker,预期失败,预期失败,状态不变,"{""xfail"": 2}",原测试 expectedFailure,本轮逐实例复核与基线一致：实际 rawexcinfo 为 AttributeError: TestBenchmarker 没有 make_sum；测试在创建输入时失败。,把 make_sum 调用修为已定义的 make_params，随后明确断言混合设备输入的预期异常。,,没有测到混合 CPU/NPU 输入的设备推断。,完成,batch-04-results.json#test_benchmarking.py::test_benchmark_safely_infers_device_many_devices,../npu-inductor-213-batches-20261008/batch-04-source-evidence.json#test_benchmarking.py::test_benchmark_safely_infers_device_many_devices; ../npu-inductor-213-batches-20261008/runtime-source-evidence.json#torch/_inductor/runtime/benchmarking.py::Benchmarker,2026-10-08
80,04,test_benchmarking.py,test_benchmark_warmup_and_rep_defaults,验证 benchmark 将默认 warmup/rep 传递给设备计时实现；使用 mock，不衡量真实性能。,autotune 计时基础设施：建议保留设备分派与参数契约；xfail 必须单列，计时值不用于性能排名。,../npu-inductor-213-batches-20261008/batch-04-source-evidence.json#test_benchmarking.py::test_benchmark_warmup_and_rep_defaults,TestBenchmarker,通过,通过,状态不变,"{""passed"": 1}",无,原测试全部选中实例的 setup/call/teardown 通过；覆盖范围沿用未变更的测试源码。,,,选中实例全部执行原测试断言；输入、dtype 和分支范围见对应测试源码。,完成,batch-04-results.json#test_benchmarking.py::test_benchmark_warmup_and_rep_defaults,../npu-inductor-213-batches-20261008/batch-04-source-evidence.json#test_benchmarking.py::test_benchmark_warmup_and_rep_defaults,2026-10-08
81,04,test_benchmarking.py,test_benchmark_warmup_and_rep_custom_values,验证显式 warmup=50、rep=200 原样传递给设备计时实现；使用 mock，不衡量真实性能。,autotune 计时基础设施：建议保留设备分派与参数契约；xfail 必须单列，计时值不用于性能排名。,../npu-inductor-213-batches-20261008/batch-04-source-evidence.json#test_benchmarking.py::test_benchmark_warmup_and_rep_custom_values,TestBenchmarker,通过,通过,状态不变,"{""passed"": 1}",无,原测试全部选中实例的 setup/call/teardown 通过；覆盖范围沿用未变更的测试源码。,,,选中实例全部执行原测试断言；输入、dtype 和分支范围见对应测试源码。,完成,batch-04-results.json#test_benchmarking.py::test_benchmark_warmup_and_rep_custom_values,../npu-inductor-213-batches-20261008/batch-04-source-evidence.json#test_benchmarking.py::test_benchmark_warmup_and_rep_custom_values,2026-10-08
82,04,test_benchmarking.py,test_torch_profiler_benchmarker_reuses_inductor_helpers,验证 TorchProfilerBenchmarker 复用事件和缓存刷新工具，并按 CUDA/ROCm 条件选择 buffer 尺寸及设备。,profiler 计时接口：NPU 使用该 benchmark 路径时需等价覆盖；CUDA/ROCm 缓存尺寸分支不是 NPU 固定要求。,../npu-inductor-213-batches-20261008/batch-04-source-evidence.json#test_benchmarking.py::test_torch_profiler_benchmarker_reuses_inductor_helpers,TestBenchmarker,失败,失败,状态不变,"{""failed"": 2}",TorchProfilerBenchmarker 提取 Kineto 事件,两个参数实例均越过设备推断，创建 NPU buffer/event 后，在 prof.profiler.kineto_results.events() 报 AttributeError；迁移后的 NPU profile 对象没有 profiler 属性。,为 NPU 计时接入其 profiler 结果接口或独立 benchmark 实现，并保留事件/缓存 buffer 契约；不能将 CPU/CUDA Kineto 内部属性直接用于 NPU。,是：torch/_inductor/runtime/benchmarking.py 与 torch_npu/profiler；可在迁移层适配，超出仅测试/torch_npu._inductor。,CUDA/ROCm 两个 mock 分支均未完成最终 timing 和 helper 调用断言。,完成,batch-04-results.json#test_benchmarking.py::test_torch_profiler_benchmarker_reuses_inductor_helpers,../npu-inductor-213-batches-20261008/batch-04-source-evidence.json#test_benchmarking.py::test_torch_profiler_benchmarker_reuses_inductor_helpers; ../npu-inductor-213-batches-20261008/runtime-source-evidence.json#torch/_inductor/runtime/benchmarking.py::_get_default_gpu_device_type,2026-10-08
83,04,test_efficient_conv_bn_eval.py,test_conv_bn_eval,验证推理 Conv/ConvTranspose/Linear 与 BN 优化的前向、训练一步后的结果及优化计数；由外层 test_basic 枚举组合。,Conv/BN 优化启用时必测：保留前向、更新后的结果和优化计数；不能仅以模型可运行为通过。,../npu-inductor-213-batches-20261008/batch-04-source-evidence.json#test_efficient_conv_bn_eval.py::test_conv_bn_eval,EfficientConvBNEvalGpuTests,失败,失败,状态不变,"{""failed"": 1}",优化后与 eager 的数值比较,已越过原 pad_mm 设备重复计数断言，外层 test_basic 到达数值比较后失败：520/6016 元素不符，最大绝对差 0.0002416968（允许 1e-5）。,保留原组合和容差定位实际失败模块及精度路径；先核实是否与 HF32 有关，不能把上一轮另一 Conv/BN 用例的修复直接视为本项已验证。,待定位；可能仅需测试精度上下文，也可能涉及 Conv/BN 优化或算子精度，当前不能确定。,已进入外层枚举的比较，首错后的组合未执行；本项没有进行额外 HF32 修复试验。,完成,batch-04-results.json#test_efficient_conv_bn_eval.py::test_conv_bn_eval,../npu-inductor-213-batches-20261008/batch-04-source-evidence.json#test_efficient_conv_bn_eval.py::test_conv_bn_eval; ../npu-inductor-213-batches-20261008/runtime-source-evidence.json#torch/_inductor/runtime/benchmarking.py::_get_default_gpu_device_type; ../npu-inductor-213-batches-20261008/batch-04-source-evidence.json#test_efficient_conv_bn_eval.py::test_basic,2026-10-08
84,05,test_inplace_padding.py,test_skip_pad_due_to_fusion,验证 padding 可与下游 reduction 融合时不进行无收益的 inplace padding，且数值正确。,inplace padding 启用时必测：保留空间边界、输入突变及梯度契约；生成代码文本按 NPU 分配/调度方式适配。,../npu-inductor-213-batches-20261008/batch-05-source-evidence.json#test_inplace_padding.py::test_skip_pad_due_to_fusion,InplacePaddingTest,通过,通过,状态不变,"{""passed"": 1}",无,原测试全部选中实例的 setup/call/teardown 通过；覆盖范围沿用未变更的测试源码。,,,选中实例全部执行原测试断言；输入、dtype 和分支范围见对应测试源码。,完成,batch-05-results.json#test_inplace_padding.py::test_skip_pad_due_to_fusion,../npu-inductor-213-batches-20261008/batch-05-source-evidence.json#test_inplace_padding.py::test_skip_pad_due_to_fusion,2026-10-08
85,05,test_inplace_padding.py,test_skip_pad_input,验证默认不对图输入做 inplace padding，避免假设外部分配的输入有可写尾部空间。,inplace padding 启用时必测：保留空间边界、输入突变及梯度契约；生成代码文本按 NPU 分配/调度方式适配。,../npu-inductor-213-batches-20261008/batch-05-source-evidence.json#test_inplace_padding.py::test_skip_pad_input,InplacePaddingTest,通过,通过,状态不变,"{""passed"": 1}",无,原测试全部选中实例的 setup/call/teardown 通过；覆盖范围沿用未变更的测试源码。,,,选中实例全部执行原测试断言；输入、dtype 和分支范围见对应测试源码。,完成,batch-05-results.json#test_inplace_padding.py::test_skip_pad_input,../npu-inductor-213-batches-20261008/batch-05-source-evidence.json#test_inplace_padding.py::test_skip_pad_input,2026-10-08
86,05,test_inplace_padding.py,test_pad_non_zero,验证非零 padding 复用中间缓冲区时扩大分配并保留 view，防止最后一行越界，且矩阵乘结果正确。,inplace padding 启用时必测：保留空间边界、输入突变及梯度契约；生成代码文本按 NPU 分配/调度方式适配。,../npu-inductor-213-batches-20261008/batch-05-source-evidence.json#test_inplace_padding.py::test_pad_non_zero,InplacePaddingTest,失败,失败,状态不变,"{""failed"": 1}",NPU autotune benchmark（CPP wrapper 为编译时 autotune）,本轮异常签名/跳过原因及实例结果与基线一致：测试类启用 config.deterministic；NPUCachingAutotuner._bench_with_launch_args 调 benchmark_gpu 未提供 vetted 标记，may_ban_benchmarking 抛 RuntimeError。,区分经确认不改变结果的 pointwise tuning 与会改变确定性的选择；仅对满足契约的调用标记 vetted，其余采用确定性选择逻辑。,否,未完成输出/突变检查；该首错不能说明 inplace padding 算法本身错误。,完成,batch-05-results.json#test_inplace_padding.py::test_pad_non_zero,../npu-inductor-213-batches-20261008/batch-05-source-evidence.json#test_inplace_padding.py::test_pad_non_zero; ../npu-inductor-213-batches-20261008/runtime-source-evidence.json#torch_npu/_inductor/runtime/triton_heuristics.py::_bench_with_launch_args; ../npu-inductor-213-batches-20261008/runtime-source-evidence.json#torch/_inductor/runtime/benchmarking.py::may_ban_benchmarking,2026-10-08
87,05,test_inplace_padding.py,test_pad_non_zero_cpp_wrapper,验证 C++ wrapper 下非零 inplace padding 的扩容、view、编译期 autotune 调用及数值结果。,C++ wrapper 与 inplace padding 同时启用时必测；仅支持 Python wrapper 的范围无需原样承诺此路径。,../npu-inductor-213-batches-20261008/batch-05-source-evidence.json#test_inplace_padding.py::test_pad_non_zero_cpp_wrapper,InplacePaddingTest,失败,失败,状态不变,"{""failed"": 1}",NPU autotune benchmark（CPP wrapper 为编译时 autotune）,本轮异常签名/跳过原因及实例结果与基线一致：测试类启用 config.deterministic；NPUCachingAutotuner._bench_with_launch_args 调 benchmark_gpu 未提供 vetted 标记，may_ban_benchmarking 抛 RuntimeError。,区分经确认不改变结果的 pointwise tuning 与会改变确定性的选择；仅对满足契约的调用标记 vetted，其余采用确定性选择逻辑。,否,未完成输出/突变检查；该首错不能说明 inplace padding 算法本身错误。,完成,batch-05-results.json#test_inplace_padding.py::test_pad_non_zero_cpp_wrapper,../npu-inductor-213-batches-20261008/batch-05-source-evidence.json#test_inplace_padding.py::test_pad_non_zero_cpp_wrapper; ../npu-inductor-213-batches-20261008/runtime-source-evidence.json#torch_npu/_inductor/runtime/triton_heuristics.py::_bench_with_launch_args; ../npu-inductor-213-batches-20261008/runtime-source-evidence.json#torch/_inductor/runtime/benchmarking.py::may_ban_benchmarking,2026-10-08
88,05,test_inplace_padding.py,test_pad_too_large,验证 padding 宽度超过可用尾部空间时拒绝 inplace 优化，保持结果正确。,inplace padding 启用时必测：保留空间边界、输入突变及梯度契约；生成代码文本按 NPU 分配/调度方式适配。,../npu-inductor-213-batches-20261008/batch-05-source-evidence.json#test_inplace_padding.py::test_pad_too_large,InplacePaddingTest,通过,通过,状态不变,"{""passed"": 1}",无,原测试全部选中实例的 setup/call/teardown 通过；覆盖范围沿用未变更的测试源码。,,,选中实例全部执行原测试断言；输入、dtype 和分支范围见对应测试源码。,完成,batch-05-results.json#test_inplace_padding.py::test_pad_too_large,../npu-inductor-213-batches-20261008/batch-05-source-evidence.json#test_inplace_padding.py::test_pad_too_large,2026-10-08
89,05,test_inplace_padding.py,test_mutating_padding_input,验证允许图输入 inplace padding 时，后续原地修改原输入不破坏 padding 结果的语义。,inplace padding 启用时必测：保留空间边界、输入突变及梯度契约；生成代码文本按 NPU 分配/调度方式适配。,../npu-inductor-213-batches-20261008/batch-05-source-evidence.json#test_inplace_padding.py::test_mutating_padding_input,InplacePaddingTest,失败,失败,状态不变,"{""failed"": 1}",NPU autotune benchmark（CPP wrapper 为编译时 autotune）,本轮异常签名/跳过原因及实例结果与基线一致：测试类启用 config.deterministic；NPUCachingAutotuner._bench_with_launch_args 调 benchmark_gpu 未提供 vetted 标记，may_ban_benchmarking 抛 RuntimeError。,区分经确认不改变结果的 pointwise tuning 与会改变确定性的选择；仅对满足契约的调用标记 vetted，其余采用确定性选择逻辑。,否,未完成输出/突变检查；该首错不能说明 inplace padding 算法本身错误。,完成,batch-05-results.json#test_inplace_padding.py::test_mutating_padding_input,../npu-inductor-213-batches-20261008/batch-05-source-evidence.json#test_inplace_padding.py::test_mutating_padding_input; ../npu-inductor-213-batches-20261008/runtime-source-evidence.json#torch_npu/_inductor/runtime/triton_heuristics.py::_bench_with_launch_args; ../npu-inductor-213-batches-20261008/runtime-source-evidence.json#torch/_inductor/runtime/benchmarking.py::may_ban_benchmarking,2026-10-08
90,05,test_inplace_padding.py,test_mutating_padding_output,验证 padding 输出再被原地修改时不套用仅适合矩阵乘用户的 inplace 优化。,inplace padding 启用时必测：保留空间边界、输入突变及梯度契约；生成代码文本按 NPU 分配/调度方式适配。,../npu-inductor-213-batches-20261008/batch-05-source-evidence.json#test_inplace_padding.py::test_mutating_padding_output,InplacePaddingTest,失败,失败,状态不变,"{""failed"": 1}",NPU autotune benchmark（CPP wrapper 为编译时 autotune）,本轮异常签名/跳过原因及实例结果与基线一致：测试类启用 config.deterministic；NPUCachingAutotuner._bench_with_launch_args 调 benchmark_gpu 未提供 vetted 标记，may_ban_benchmarking 抛 RuntimeError。,区分经确认不改变结果的 pointwise tuning 与会改变确定性的选择；仅对满足契约的调用标记 vetted，其余采用确定性选择逻辑。,否,未完成输出/突变检查；该首错不能说明 inplace padding 算法本身错误。,完成,batch-05-results.json#test_inplace_padding.py::test_mutating_padding_output,../npu-inductor-213-batches-20261008/batch-05-source-evidence.json#test_inplace_padding.py::test_mutating_padding_output; ../npu-inductor-213-batches-20261008/runtime-source-evidence.json#torch_npu/_inductor/runtime/triton_heuristics.py::_bench_with_launch_args; ../npu-inductor-213-batches-20261008/runtime-source-evidence.json#torch/_inductor/runtime/benchmarking.py::may_ban_benchmarking,2026-10-08
91,05,test_inplace_padding.py,test_linear_and_cel,验证强制 shape padding、确定性初始化下 BF16 Linear+CrossEntropy 的 loss、输入梯度和参数梯度正确。,inplace padding 启用时必测：保留空间边界、输入突变及梯度契约；生成代码文本按 NPU 分配/调度方式适配。,../npu-inductor-213-batches-20261008/batch-05-source-evidence.json#test_inplace_padding.py::test_linear_and_cel,InplacePaddingTest,失败,失败,状态不变,"{""failed"": 1}",NPU autotune benchmark（CPP wrapper 为编译时 autotune）,本轮异常签名/跳过原因及实例结果与基线一致：测试类启用 config.deterministic；NPUCachingAutotuner._bench_with_launch_args 调 benchmark_gpu 未提供 vetted 标记，may_ban_benchmarking 抛 RuntimeError。,区分经确认不改变结果的 pointwise tuning 与会改变确定性的选择；仅对满足契约的调用标记 vetted，其余采用确定性选择逻辑。,否,未完成输出/突变检查；该首错不能说明 inplace padding 算法本身错误。,完成,batch-05-results.json#test_inplace_padding.py::test_linear_and_cel,../npu-inductor-213-batches-20261008/batch-05-source-evidence.json#test_inplace_padding.py::test_linear_and_cel; ../npu-inductor-213-batches-20261008/runtime-source-evidence.json#torch_npu/_inductor/runtime/triton_heuristics.py::_bench_with_launch_args; ../npu-inductor-213-batches-20261008/runtime-source-evidence.json#torch/_inductor/runtime/benchmarking.py::may_ban_benchmarking,2026-10-08
92,05,test_inplace_padding.py,test_linear_and_cel_max_autotune,验证 max_autotune 开启时同一 Linear+CrossEntropy 训练和 padding 回归仍正确。,inplace padding 启用时必测：保留空间边界、输入突变及梯度契约；生成代码文本按 NPU 分配/调度方式适配。,../npu-inductor-213-batches-20261008/batch-05-source-evidence.json#test_inplace_padding.py::test_linear_and_cel_max_autotune,InplacePaddingTest,失败,失败,状态不变,"{""failed"": 1}",NPU autotune benchmark（CPP wrapper 为编译时 autotune）,本轮异常签名/跳过原因及实例结果与基线一致：测试类启用 config.deterministic；NPUCachingAutotuner._bench_with_launch_args 调 benchmark_gpu 未提供 vetted 标记，may_ban_benchmarking 抛 RuntimeError。,区分经确认不改变结果的 pointwise tuning 与会改变确定性的选择；仅对满足契约的调用标记 vetted，其余采用确定性选择逻辑。,否,未完成输出/突变检查；该首错不能说明 inplace padding 算法本身错误。,完成,batch-05-results.json#test_inplace_padding.py::test_linear_and_cel_max_autotune,../npu-inductor-213-batches-20261008/batch-05-source-evidence.json#test_inplace_padding.py::test_linear_and_cel_max_autotune; ../npu-inductor-213-batches-20261008/runtime-source-evidence.json#torch_npu/_inductor/runtime/triton_heuristics.py::_bench_with_launch_args; ../npu-inductor-213-batches-20261008/runtime-source-evidence.json#torch/_inductor/runtime/benchmarking.py::may_ban_benchmarking,2026-10-08
93,05,test_triton_extension_backend.py,test_open_device_registration,验证扩展设备注册 scheduler、wrapper、device interface 后可生成对应 Triton 代码；使用模拟 PrivateUse1 后端。,扩展框架自检：使用模拟 PrivateUse1，应在不占用 NPU 注册槽的隔离环境测试；不是 NPU 数值必测项。,../npu-inductor-213-batches-20261008/batch-05-source-evidence.json#test_triton_extension_backend.py::test_open_device_registration,TritonExtensionBackendTests,失败,失败,状态不变,"{""failed"": 1}",测试 runtime 注册,独立进程仍在注册 privateuseone 时提示 npu runtime 已注册；排除了同进程 teardown 删除 torch.npu 的连带错误。,在未加载 torch_npu 的独立进程验证 dummy backend 注册；NPU 扩展测试复用已注册 runtime。,测试侧可隔离注册前提；不需要实现第二个 PrivateUse1 后端。,尚未执行后续 codegen 和 FileCheck；以独立报告为本项最终证据。,完成,case-93-isolated-results.json#test_triton_extension_backend.py::test_open_device_registration,../npu-inductor-213-batches-20261008/batch-05-source-evidence.json#test_triton_extension_backend.py::test_open_device_registration,2026-10-08
94,05,test_triton_extension_backend.py,test_codegen_with_custom_heuristics_module,验证扩展后端的自定义 heuristics 模块和 metadata 字段进入普通编译 kernel 的生成代码。,扩展后端接口：承诺自定义 heuristics/用户 Triton 扩展时保留；常规 NPU 算子验收可独立分类。,../npu-inductor-213-batches-20261008/batch-05-source-evidence.json#test_triton_extension_backend.py::test_codegen_with_custom_heuristics_module,TritonExtensionBackendTests,失败,失败,状态不变,"{""failed"": 1}",编译初始化中的异步 NPU runtime 错误,独立进程在 fuse_attention 模式初始化的 aclnnInplaceCopy 处报告异步设备异常；本轮该报告没有给出具体非法访存位置，不能认定原 worker 模块搜索路径问题已修复。,保留进程隔离；需进一步捕获故障 kernel 与 launcher 参数，核对自定义 backend 注册后的 grid、指针和 metadata。尚不能给出已证实的简单修复；第94项原模块导入问题也需在该阻塞排除后复验。,根因未定；可能涉及测试 backend 注册、torch_npu._inductor 或 triton-ascend/runtime，不能承诺限定在前两者。,未到达目标代码字符串和 metadata 断言；完整隔离进程报告替代批量顺序污染结果。,完成,case-94-isolated-results.json#test_triton_extension_backend.py::test_codegen_with_custom_heuristics_module,../npu-inductor-213-batches-20261008/batch-05-source-evidence.json#test_triton_extension_backend.py::test_codegen_with_custom_heuristics_module,2026-10-08
95,05,test_triton_extension_backend.py,test_codegen_with_custom_heuristics_module_udtk,验证扩展后端的自定义 heuristics 模块进入 user-defined Triton kernel 的生成路径。,扩展后端接口：承诺自定义 heuristics/用户 Triton 扩展时保留；常规 NPU 算子验收可独立分类。,../npu-inductor-213-batches-20261008/batch-05-source-evidence.json#test_triton_extension_backend.py::test_codegen_with_custom_heuristics_module_udtk,TritonExtensionBackendTests,失败,失败,状态不变,"{""failed"": 1}",编译初始化中的异步 NPU runtime 错误,独立进程仍出现 AIVEC error 334：SIMT invalid GM address/cross-device access timeout；报错在 fuse_attention 模式初始化时暴露，异步栈不能直接确定故障 kernel。,保留进程隔离；需进一步捕获故障 kernel 与 launcher 参数，核对自定义 backend 注册后的 grid、指针和 metadata。尚不能给出已证实的简单修复；第94项原模块导入问题也需在该阻塞排除后复验。,根因未定；可能涉及测试 backend 注册、torch_npu._inductor 或 triton-ascend/runtime，不能承诺限定在前两者。,未到达目标代码字符串和 metadata 断言；完整隔离进程报告替代批量顺序污染结果。,完成,case-95-isolated-results.json#test_triton_extension_backend.py::test_codegen_with_custom_heuristics_module_udtk,../npu-inductor-213-batches-20261008/batch-05-source-evidence.json#test_triton_extension_backend.py::test_codegen_with_custom_heuristics_module_udtk,2026-10-08
96,05,test_compile_subprocess.py,test_progressive,验证 progressive 编译先运行快速版本、后台产出优化版本并切换，检查运行计数、max_autotune 和性能收益。,异步/progressive 编译启用时必测；只支持同步编译时不作为基础门槛，仍需记录功能支持范围。,../npu-inductor-213-batches-20261008/batch-05-source-evidence.json#test_compile_subprocess.py::test_progressive,GPUTests; TestSubprocess,跳过,跳过,状态不变,"{""skipped"": 2}",pytest setup skip,"本轮异常签名/跳过原因及实例结果与基线一致：@skipIf(not IS_BIG_GPU, ""Skipping triton backend only since not big GPU (not enough SM)"") 跳过。",制定 NPU 上合理的资源与性能条件，再保留 progressive 编译和加速断言运行。,可能涉及 torch/_inductor/compile_fx_async.py、compile_fx_ext.py；当前不能承诺仅改测试,两个收集实例均 skip；不是超时或编译失败。,完成,batch-05-results.json#test_compile_subprocess.py::test_progressive,../npu-inductor-213-batches-20261008/batch-05-source-evidence.json#test_compile_subprocess.py::test_progressive,2026-10-08
97,05,test_compile_subprocess.py,test_async,验证异步子进程编译在等待期间使用 eager，前向/反向完成后切换到 compiled，并核对后台任务计数。,异步/progressive 编译启用时必测；只支持同步编译时不作为基础门槛，仍需记录功能支持范围。,../npu-inductor-213-batches-20261008/batch-05-source-evidence.json#test_compile_subprocess.py::test_async,GPUTests; TestSubprocess,失败,失败,状态不变,"{""failed"": 2}",FX 编译子进程恢复 lowering registry,本轮异常签名/跳过原因及实例结果与基线一致：_LoweringSerializerContextManager 恢复父进程 fallback 时把非 OpOverload 的 key 传给 force_fallback，触发 Only OpOverload 断言。,记录违规 key 类型；区分 OpOverloadPacket/HigherOrderOperator 等条目，统一父子 registry 或支持对应序列化恢复协议。,可能需改社区 torch/_inductor；违规 key 尚未记录,TestSubprocess 与 GPUTests 独立实例均在子进程恢复失败，尚未验证异步执行完成。,完成,batch-05-results.json#test_compile_subprocess.py::test_async,../npu-inductor-213-batches-20261008/batch-05-source-evidence.json#test_compile_subprocess.py::test_async; ../npu-inductor-213-batches-20261008/runtime-source-evidence.json#torch/_inductor/compile_fx_ext.py::_LoweringSerializerContextManager; ../npu-inductor-213-batches-20261008/runtime-source-evidence.json#torch/_inductor/lowering.py::force_fallback,2026-10-08
98,06,test_torchinductor.py,test_comparison_scalar_type_promotion_bf16,验证 BF16 Tensor 与 Python 浮点常数比较时的类型提升及 3.14/3.140625 边界行为。,基础正确性或边界回归：建议保留；按原输入、dtype、形状和断言验证 NPU，不能仅根据当前失败/跳过删除。,../npu-inductor-213-batches-20261008/batch-06-source-evidence.json#test_torchinductor.py::test_comparison_scalar_type_promotion_bf16,GPUTests,通过,通过,状态不变,"{""passed"": 1}",无,原测试全部选中实例的 setup/call/teardown 通过；覆盖范围沿用未变更的测试源码。,,,BF16 输入与 Python 常数 3.14 比较的类型提升，含 3.140625 边界值。,完成,batch-06-results.json#test_torchinductor.py::test_comparison_scalar_type_promotion_bf16,../npu-inductor-213-batches-20261008/batch-06-source-evidence.json#test_torchinductor.py::test_comparison_scalar_type_promotion_bf16,2026-10-08
99,06,test_torchinductor.py,test_dist,验证 dist 默认范数和 p=1.2 的距离结果与 eager 一致。,基础正确性或边界回归：建议保留；按原输入、dtype、形状和断言验证 NPU，不能仅根据当前失败/跳过删除。,../npu-inductor-213-batches-20261008/batch-06-source-evidence.json#test_torchinductor.py::test_dist,GPUTests,通过,通过,状态不变,"{""passed"": 1}",无,原测试全部选中实例的 setup/call/teardown 通过；覆盖范围沿用未变更的测试源码。,,,4×4 输入的默认 p 与 p=1.2 距离计算。,完成,batch-06-results.json#test_torchinductor.py::test_dist,../npu-inductor-213-batches-20261008/batch-06-source-evidence.json#test_torchinductor.py::test_dist,2026-10-08
100,06,test_torchinductor.py,test_norm_constant_overflow,验证 p=-41 的极端负范数在不同 reduction 维度下不因常量溢出产生错误。,基础正确性或边界回归：建议保留；按原输入、dtype、形状和断言验证 NPU，不能仅根据当前失败/跳过删除。,../npu-inductor-213-batches-20261008/batch-06-source-evidence.json#test_torchinductor.py::test_norm_constant_overflow,GPUTests,通过,通过,状态不变,"{""passed"": 1}",无,原测试全部选中实例的 setup/call/teardown 通过；覆盖范围沿用未变更的测试源码。,,,p=-41、dim=0/1 的范数及常数溢出回归。,完成,batch-06-results.json#test_torchinductor.py::test_norm_constant_overflow,../npu-inductor-213-batches-20261008/batch-06-source-evidence.json#test_torchinductor.py::test_norm_constant_overflow,2026-10-08
101,06,test_torchinductor.py,test_dist_bf16,验证函数内转换 BF16 后的距离运算与 eager 一致。,基础正确性或边界回归：建议保留；按原输入、dtype、形状和断言验证 NPU，不能仅根据当前失败/跳过删除。,../npu-inductor-213-batches-20261008/batch-06-source-evidence.json#test_torchinductor.py::test_dist_bf16,GPUTests,通过,通过,状态不变,"{""passed"": 1}",无,原测试全部选中实例的 setup/call/teardown 通过；覆盖范围沿用未变更的测试源码。,,,函数内将输入转换为 BF16 后计算距离。,完成,batch-06-results.json#test_torchinductor.py::test_dist_bf16,../npu-inductor-213-batches-20261008/batch-06-source-evidence.json#test_torchinductor.py::test_dist_bf16,2026-10-08
102,06,test_torchinductor.py,test_arange1,验证 float32/int arange 与 reshape、广播加法组合的生成和数值语义。,基础正确性或边界回归：建议保留；按原输入、dtype、形状和断言验证 NPU，不能仅根据当前失败/跳过删除。,../npu-inductor-213-batches-20261008/batch-06-source-evidence.json#test_torchinductor.py::test_arange1,GPUTests,通过,失败,回归,"{""failed"": 1}",生成模块导入/编译 worker 的 Triton 驱动选择,本组失败实例出现：PR 已使 CudaDriver.is_active() 为 False，但 PyTorch _is_backend_active 又用 torch.cuda.is_available() 兜底；迁移别名返回 True，仍构造 CudaDriver 并因缺少 libcuda.so 失败。,transfer_to_npu 还需覆盖当前 PyTorch helper 的兜底判定，并在编译 worker 中生效；保持实际 NPU driver。PR 原样方案不足。,可在 torch_npu/contrib/transfer_to_npu.py 适配；涉及当前 torch/_inductor/runtime/triton_helpers.py 的接口契约，超出测试/torch_npu._inductor 范围。,首错前的子步骤可能已执行；未完成原用例全部数值或代码断言。原有更深层问题可能被本次首错遮挡。,完成,batch-06-results.json#test_torchinductor.py::test_arange1,../npu-inductor-213-batches-20261008/batch-06-source-evidence.json#test_torchinductor.py::test_arange1,2026-10-08
103,06,test_torchinductor.py,test_arange2,验证默认整数 arange 与整数 Tensor 广播相加。,基础正确性或边界回归：建议保留；按原输入、dtype、形状和断言验证 NPU，不能仅根据当前失败/跳过删除。,../npu-inductor-213-batches-20261008/batch-06-source-evidence.json#test_torchinductor.py::test_arange2,GPUTests,通过,失败,回归,"{""failed"": 1}",生成模块导入/编译 worker 的 Triton 驱动选择,本组失败实例出现：PR 已使 CudaDriver.is_active() 为 False，但 PyTorch _is_backend_active 又用 torch.cuda.is_available() 兜底；迁移别名返回 True，仍构造 CudaDriver 并因缺少 libcuda.so 失败。,transfer_to_npu 还需覆盖当前 PyTorch helper 的兜底判定，并在编译 worker 中生效；保持实际 NPU driver。PR 原样方案不足。,可在 torch_npu/contrib/transfer_to_npu.py 适配；涉及当前 torch/_inductor/runtime/triton_helpers.py 的接口契约，超出测试/torch_npu._inductor 范围。,首错前的子步骤可能已执行；未完成原用例全部数值或代码断言。原有更深层问题可能被本次首错遮挡。,完成,batch-06-results.json#test_torchinductor.py::test_arange2,../npu-inductor-213-batches-20261008/batch-06-source-evidence.json#test_torchinductor.py::test_arange2,2026-10-08
104,06,test_torchinductor.py,test_arange3,验证 int64 arange 的显式 start/step 及终点不可整除时的长度和内容。,基础正确性或边界回归：建议保留；按原输入、dtype、形状和断言验证 NPU，不能仅根据当前失败/跳过删除。,../npu-inductor-213-batches-20261008/batch-06-source-evidence.json#test_torchinductor.py::test_arange3,GPUTests,通过,失败,回归,"{""failed"": 1}",生成模块导入/编译 worker 的 Triton 驱动选择,本组失败实例出现：PR 已使 CudaDriver.is_active() 为 False，但 PyTorch _is_backend_active 又用 torch.cuda.is_available() 兜底；迁移别名返回 True，仍构造 CudaDriver 并因缺少 libcuda.so 失败。,transfer_to_npu 还需覆盖当前 PyTorch helper 的兜底判定，并在编译 worker 中生效；保持实际 NPU driver。PR 原样方案不足。,可在 torch_npu/contrib/transfer_to_npu.py 适配；涉及当前 torch/_inductor/runtime/triton_helpers.py 的接口契约，超出测试/torch_npu._inductor 范围。,首错前的子步骤可能已执行；未完成原用例全部数值或代码断言。原有更深层问题可能被本次首错遮挡。,完成,batch-06-results.json#test_torchinductor.py::test_arange3,../npu-inductor-213-batches-20261008/batch-06-source-evidence.json#test_torchinductor.py::test_arange3,2026-10-08
105,06,test_torchinductor.py,test_arange4,验证负浮点步长 arange 正确处理下降序列和终止条件。,基础正确性或边界回归：建议保留；按原输入、dtype、形状和断言验证 NPU，不能仅根据当前失败/跳过删除。,../npu-inductor-213-batches-20261008/batch-06-source-evidence.json#test_torchinductor.py::test_arange4,GPUTests,通过,失败,回归,"{""failed"": 1}",生成模块导入/编译 worker 的 Triton 驱动选择,本组失败实例出现：PR 已使 CudaDriver.is_active() 为 False，但 PyTorch _is_backend_active 又用 torch.cuda.is_available() 兜底；迁移别名返回 True，仍构造 CudaDriver 并因缺少 libcuda.so 失败。,transfer_to_npu 还需覆盖当前 PyTorch helper 的兜底判定，并在编译 worker 中生效；保持实际 NPU driver。PR 原样方案不足。,可在 torch_npu/contrib/transfer_to_npu.py 适配；涉及当前 torch/_inductor/runtime/triton_helpers.py 的接口契约，超出测试/torch_npu._inductor 范围。,首错前的子步骤可能已执行；未完成原用例全部数值或代码断言。原有更深层问题可能被本次首错遮挡。,完成,batch-06-results.json#test_torchinductor.py::test_arange4,../npu-inductor-213-batches-20261008/batch-06-source-evidence.json#test_torchinductor.py::test_arange4,2026-10-08
106,06,test_torchinductor.py,test_arange5,验证 arange 的整数 -1 与浮点 -1.0 步长保持各自的值和 dtype。,基础正确性或边界回归：建议保留；按原输入、dtype、形状和断言验证 NPU，不能仅根据当前失败/跳过删除。,../npu-inductor-213-batches-20261008/batch-06-source-evidence.json#test_torchinductor.py::test_arange5,GPUTests,通过,失败,回归,"{""failed"": 1}",生成模块导入/编译 worker 的 Triton 驱动选择,本组失败实例出现：PR 已使 CudaDriver.is_active() 为 False，但 PyTorch _is_backend_active 又用 torch.cuda.is_available() 兜底；迁移别名返回 True，仍构造 CudaDriver 并因缺少 libcuda.so 失败。,transfer_to_npu 还需覆盖当前 PyTorch helper 的兜底判定，并在编译 worker 中生效；保持实际 NPU driver。PR 原样方案不足。,可在 torch_npu/contrib/transfer_to_npu.py 适配；涉及当前 torch/_inductor/runtime/triton_helpers.py 的接口契约，超出测试/torch_npu._inductor 范围。,首错前的子步骤可能已执行；未完成原用例全部数值或代码断言。原有更深层问题可能被本次首错遮挡。,完成,batch-06-results.json#test_torchinductor.py::test_arange5,../npu-inductor-213-batches-20261008/batch-06-source-evidence.json#test_torchinductor.py::test_arange5,2026-10-08
107,06,test_torchinductor.py,test_arange6,验证浮点起止值在指定 float32/int64 dtype 下的截断和序列生成规则。,基础正确性或边界回归：建议保留；按原输入、dtype、形状和断言验证 NPU，不能仅根据当前失败/跳过删除。,../npu-inductor-213-batches-20261008/batch-06-source-evidence.json#test_torchinductor.py::test_arange6,GPUTests,通过,失败,回归,"{""failed"": 1}",生成模块导入/编译 worker 的 Triton 驱动选择,本组失败实例出现：PR 已使 CudaDriver.is_active() 为 False，但 PyTorch _is_backend_active 又用 torch.cuda.is_available() 兜底；迁移别名返回 True，仍构造 CudaDriver 并因缺少 libcuda.so 失败。,transfer_to_npu 还需覆盖当前 PyTorch helper 的兜底判定，并在编译 worker 中生效；保持实际 NPU driver。PR 原样方案不足。,可在 torch_npu/contrib/transfer_to_npu.py 适配；涉及当前 torch/_inductor/runtime/triton_helpers.py 的接口契约，超出测试/torch_npu._inductor 范围。,首错前的子步骤可能已执行；未完成原用例全部数值或代码断言。原有更深层问题可能被本次首错遮挡。,完成,batch-06-results.json#test_torchinductor.py::test_arange6,../npu-inductor-213-batches-20261008/batch-06-source-evidence.json#test_torchinductor.py::test_arange6,2026-10-08
108,06,test_torchinductor.py,test_arange7,验证显式 int64 start_step arange 的 lowering 及与整数输入组合。,基础正确性或边界回归：建议保留；按原输入、dtype、形状和断言验证 NPU，不能仅根据当前失败/跳过删除。,../npu-inductor-213-batches-20261008/batch-06-source-evidence.json#test_torchinductor.py::test_arange7,GPUTests,通过,失败,回归,"{""failed"": 1}",生成模块导入/编译 worker 的 Triton 驱动选择,本组失败实例出现：PR 已使 CudaDriver.is_active() 为 False，但 PyTorch _is_backend_active 又用 torch.cuda.is_available() 兜底；迁移别名返回 True，仍构造 CudaDriver 并因缺少 libcuda.so 失败。,transfer_to_npu 还需覆盖当前 PyTorch helper 的兜底判定，并在编译 worker 中生效；保持实际 NPU driver。PR 原样方案不足。,可在 torch_npu/contrib/transfer_to_npu.py 适配；涉及当前 torch/_inductor/runtime/triton_helpers.py 的接口契约，超出测试/torch_npu._inductor 范围。,首错前的子步骤可能已执行；未完成原用例全部数值或代码断言。原有更深层问题可能被本次首错遮挡。,完成,batch-06-results.json#test_torchinductor.py::test_arange7,../npu-inductor-213-batches-20261008/batch-06-source-evidence.json#test_torchinductor.py::test_arange7,2026-10-08
109,06,test_torchinductor.py,test_arange9,验证 int64 arange 乘 10^7 后归约不会截断为 int32。,基础正确性或边界回归：建议保留；按原输入、dtype、形状和断言验证 NPU，不能仅根据当前失败/跳过删除。,../npu-inductor-213-batches-20261008/batch-06-source-evidence.json#test_torchinductor.py::test_arange9,GPUTests,通过,失败,回归,"{""failed"": 1}",生成模块导入/编译 worker 的 Triton 驱动选择,本组失败实例出现：PR 已使 CudaDriver.is_active() 为 False，但 PyTorch _is_backend_active 又用 torch.cuda.is_available() 兜底；迁移别名返回 True，仍构造 CudaDriver 并因缺少 libcuda.so 失败。,transfer_to_npu 还需覆盖当前 PyTorch helper 的兜底判定，并在编译 worker 中生效；保持实际 NPU driver。PR 原样方案不足。,可在 torch_npu/contrib/transfer_to_npu.py 适配；涉及当前 torch/_inductor/runtime/triton_helpers.py 的接口契约，超出测试/torch_npu._inductor 范围。,首错前的子步骤可能已执行；未完成原用例全部数值或代码断言。原有更深层问题可能被本次首错遮挡。,完成,batch-06-results.json#test_torchinductor.py::test_arange9,../npu-inductor-213-batches-20261008/batch-06-source-evidence.json#test_torchinductor.py::test_arange9,2026-10-08
110,06,test_torchinductor.py,test_linspace1,验证 linspace 生成 7 个等间距值并与输入正确广播相加。,基础正确性或边界回归：建议保留；按原输入、dtype、形状和断言验证 NPU，不能仅根据当前失败/跳过删除。,../npu-inductor-213-batches-20261008/batch-06-source-evidence.json#test_torchinductor.py::test_linspace1,GPUTests,通过,失败,回归,"{""failed"": 1}",生成模块导入/编译 worker 的 Triton 驱动选择,本组失败实例出现：PR 已使 CudaDriver.is_active() 为 False，但 PyTorch _is_backend_active 又用 torch.cuda.is_available() 兜底；迁移别名返回 True，仍构造 CudaDriver 并因缺少 libcuda.so 失败。,transfer_to_npu 还需覆盖当前 PyTorch helper 的兜底判定，并在编译 worker 中生效；保持实际 NPU driver。PR 原样方案不足。,可在 torch_npu/contrib/transfer_to_npu.py 适配；涉及当前 torch/_inductor/runtime/triton_helpers.py 的接口契约，超出测试/torch_npu._inductor 范围。,首错前的子步骤可能已执行；未完成原用例全部数值或代码断言。原有更深层问题可能被本次首错遮挡。,完成,batch-06-results.json#test_torchinductor.py::test_linspace1,../npu-inductor-213-batches-20261008/batch-06-source-evidence.json#test_torchinductor.py::test_linspace1,2026-10-08
111,06,test_torchinductor.py,test_linspace2,验证 linspace steps=1 时只产生起点的退化边界。,基础正确性或边界回归：建议保留；按原输入、dtype、形状和断言验证 NPU，不能仅根据当前失败/跳过删除。,../npu-inductor-213-batches-20261008/batch-06-source-evidence.json#test_torchinductor.py::test_linspace2,GPUTests,通过,通过,状态不变,"{""passed"": 1}",无,原测试全部选中实例的 setup/call/teardown 通过；覆盖范围沿用未变更的测试源码。,,,steps=1 的起点退化情形。,完成,batch-06-results.json#test_torchinductor.py::test_linspace2,../npu-inductor-213-batches-20261008/batch-06-source-evidence.json#test_torchinductor.py::test_linspace2,2026-10-08
112,06,test_torchinductor.py,test_linspace3,验证 linspace steps=0 时正确返回空 Tensor。,基础正确性或边界回归：建议保留；按原输入、dtype、形状和断言验证 NPU，不能仅根据当前失败/跳过删除。,../npu-inductor-213-batches-20261008/batch-06-source-evidence.json#test_torchinductor.py::test_linspace3,GPUTests,通过,通过,状态不变,"{""passed"": 1}",无,原测试全部选中实例的 setup/call/teardown 通过；覆盖范围沿用未变更的测试源码。,,,steps=0 的空输出；不证明非空 linspace kernel 执行。,完成,batch-06-results.json#test_torchinductor.py::test_linspace3,../npu-inductor-213-batches-20261008/batch-06-source-evidence.json#test_torchinductor.py::test_linspace3,2026-10-08
113,06,test_torchinductor.py,test_linspace4,验证显式第二设备上的 steps=0 linspace 输出设备和空形状语义。,设备选择边界：有两张设备时建议保留；只分配空输出，不能替代真实多卡复制/计算。,../npu-inductor-213-batches-20261008/batch-06-source-evidence.json#test_torchinductor.py::test_linspace4,GPUTests,通过,通过,状态不变,"{""passed"": 1}",无,原测试全部选中实例的 setup/call/teardown 通过；覆盖范围沿用未变更的测试源码。,,,在第 2 张 NPU 上创建 steps=0 空输出；此批保留全部设备可见，不是多卡计算正确性测试。,完成,batch-06-results.json#test_torchinductor.py::test_linspace4,../npu-inductor-213-batches-20261008/batch-06-source-evidence.json#test_torchinductor.py::test_linspace4,2026-10-08
114,06,test_torchinductor.py,test_tensor1,验证编译图中单元素和零维 Tensor 常量构造。,基础正确性或边界回归：建议保留；按原输入、dtype、形状和断言验证 NPU，不能仅根据当前失败/跳过删除。,../npu-inductor-213-batches-20261008/batch-06-source-evidence.json#test_torchinductor.py::test_tensor1,GPUTests,通过,通过,状态不变,"{""passed"": 1}",无,原测试全部选中实例的 setup/call/teardown 通过；覆盖范围沿用未变更的测试源码。,,,单元素与零维 Tensor 常量生成。,完成,batch-06-results.json#test_torchinductor.py::test_tensor1,../npu-inductor-213-batches-20261008/batch-06-source-evidence.json#test_torchinductor.py::test_tensor1,2026-10-08
115,06,test_torchinductor.py,test_tensor2,验证由 Python range 构造的 Tensor 常量与输入相加。,基础正确性或边界回归：建议保留；按原输入、dtype、形状和断言验证 NPU，不能仅根据当前失败/跳过删除。,../npu-inductor-213-batches-20261008/batch-06-source-evidence.json#test_torchinductor.py::test_tensor2,GPUTests,通过,通过,状态不变,"{""passed"": 1}",无,原测试全部选中实例的 setup/call/teardown 通过；覆盖范围沿用未变更的测试源码。,,,Python range 列表常量与输入相加。,完成,batch-06-results.json#test_torchinductor.py::test_tensor2,../npu-inductor-213-batches-20261008/batch-06-source-evidence.json#test_torchinductor.py::test_tensor2,2026-10-08
116,06,test_torchinductor.py,test_tensor3,验证空列表及不同长度列表构造 Tensor 后的返回与运算。,基础正确性或边界回归：建议保留；按原输入、dtype、形状和断言验证 NPU，不能仅根据当前失败/跳过删除。,../npu-inductor-213-batches-20261008/batch-06-source-evidence.json#test_torchinductor.py::test_tensor3,GPUTests,通过,失败,回归,"{""failed"": 1}",生成模块导入/编译 worker 的 Triton 驱动选择,本组失败实例出现：PR 已使 CudaDriver.is_active() 为 False，但 PyTorch _is_backend_active 又用 torch.cuda.is_available() 兜底；迁移别名返回 True，仍构造 CudaDriver 并因缺少 libcuda.so 失败。,transfer_to_npu 还需覆盖当前 PyTorch helper 的兜底判定，并在编译 worker 中生效；保持实际 NPU driver。PR 原样方案不足。,可在 torch_npu/contrib/transfer_to_npu.py 适配；涉及当前 torch/_inductor/runtime/triton_helpers.py 的接口契约，超出测试/torch_npu._inductor 范围。,首错前的子步骤可能已执行；未完成原用例全部数值或代码断言。原有更深层问题可能被本次首错遮挡。,完成,batch-06-results.json#test_torchinductor.py::test_tensor3,../npu-inductor-213-batches-20261008/batch-06-source-evidence.json#test_torchinductor.py::test_tensor3,2026-10-08
117,06,test_torchinductor.py,test_views1,验证 7 组形状正反向 view 及 view 前后算术运算，防止 reshape 索引和布局变化。,基础正确性或边界回归：建议保留；按原输入、dtype、形状和断言验证 NPU，不能仅根据当前失败/跳过删除。,../npu-inductor-213-batches-20261008/batch-06-source-evidence.json#test_torchinductor.py::test_views1,GPUTests,通过,通过,状态不变,"{""passed"": 1}",无,原测试全部选中实例的 setup/call/teardown 通过；覆盖范围沿用未变更的测试源码。,,,7 组形状的正反方向 view，包含算术前后各路径。,完成,batch-06-results.json#test_torchinductor.py::test_views1,../npu-inductor-213-batches-20261008/batch-06-source-evidence.json#test_torchinductor.py::test_views1,2026-10-08
118,07,test_torchinductor.py,test_views2,验证带 -1 自动推导维度的三组 reshape 与算术组合。,基础正确性或边界回归：建议保留；按原输入、dtype、形状和断言验证 NPU，不能仅根据当前失败/跳过删除。,../npu-inductor-213-batches-20261008/batch-07-source-evidence.json#test_torchinductor.py::test_views2,GPUTests,通过,通过,状态不变,"{""passed"": 1}",无,原测试全部选中实例的 setup/call/teardown 通过；覆盖范围沿用未变更的测试源码。,,,3 组带 -1 的 reshape，含 view 前的算术计算。,完成,batch-07-results.json#test_torchinductor.py::test_views2,../npu-inductor-213-batches-20261008/batch-07-source-evidence.json#test_torchinductor.py::test_views2,2026-10-08
119,07,test_torchinductor.py,test_views3,验证高级索引后连续两次 view 的形状与数据排列，覆盖 BigBird 风格计算。,基础正确性或边界回归：建议保留；按原输入、dtype、形状和断言验证 NPU，不能仅根据当前失败/跳过删除。,../npu-inductor-213-batches-20261008/batch-07-source-evidence.json#test_torchinductor.py::test_views3,GPUTests,通过,通过,状态不变,"{""passed"": 1}",无,原测试全部选中实例的 setup/call/teardown 通过；覆盖范围沿用未变更的测试源码。,,,BigBird 风格高级索引后连续两次 view。,完成,batch-07-results.json#test_torchinductor.py::test_views3,../npu-inductor-213-batches-20261008/batch-07-source-evidence.json#test_torchinductor.py::test_views3,2026-10-08
120,07,test_torchinductor.py,test_views4,验证 index_select 后连续 reshape 和 -1 维度推导。,基础正确性或边界回归：建议保留；按原输入、dtype、形状和断言验证 NPU，不能仅根据当前失败/跳过删除。,../npu-inductor-213-batches-20261008/batch-07-source-evidence.json#test_torchinductor.py::test_views4,GPUTests,通过,通过,状态不变,"{""passed"": 1}",无,原测试全部选中实例的 setup/call/teardown 通过；覆盖范围沿用未变更的测试源码。,,,index_select 后含 -1 的连续 reshape。,完成,batch-07-results.json#test_torchinductor.py::test_views4,../npu-inductor-213-batches-20261008/batch-07-source-evidence.json#test_torchinductor.py::test_views4,2026-10-08
121,07,test_torchinductor.py,test_views5,验证空 slice 的 view 保持合法空形状和计算语义。,基础正确性或边界回归：建议保留；按原输入、dtype、形状和断言验证 NPU，不能仅根据当前失败/跳过删除。,../npu-inductor-213-batches-20261008/batch-07-source-evidence.json#test_torchinductor.py::test_views5,GPUTests,通过,通过,状态不变,"{""passed"": 1}",无,原测试全部选中实例的 setup/call/teardown 通过；覆盖范围沿用未变更的测试源码。,,,空切片的 view；空输出不证明非空计算。,完成,batch-07-results.json#test_torchinductor.py::test_views5,../npu-inductor-213-batches-20261008/batch-07-source-evidence.json#test_torchinductor.py::test_views5,2026-10-08
122,07,test_torchinductor.py,test_views6,验证 ReLU 后空 slice 的形状推导与返回语义。,基础正确性或边界回归：建议保留；按原输入、dtype、形状和断言验证 NPU，不能仅根据当前失败/跳过删除。,../npu-inductor-213-batches-20261008/batch-07-source-evidence.json#test_torchinductor.py::test_views6,GPUTests,通过,通过,状态不变,"{""passed"": 1}",无,原测试全部选中实例的 setup/call/teardown 通过；覆盖范围沿用未变更的测试源码。,,,ReLU 后空切片及形状推导。,完成,batch-07-results.json#test_torchinductor.py::test_views6,../npu-inductor-213-batches-20261008/batch-07-source-evidence.json#test_torchinductor.py::test_views6,2026-10-08
123,07,test_torchinductor.py,test_views7,验证 float32/int32 的 view(dtype) 按位重解释，而非数值转换。,基础正确性或边界回归：建议保留；按原输入、dtype、形状和断言验证 NPU，不能仅根据当前失败/跳过删除。,../npu-inductor-213-batches-20261008/batch-07-source-evidence.json#test_torchinductor.py::test_views7,GPUTests,通过,通过,状态不变,"{""passed"": 1}",无,原测试全部选中实例的 setup/call/teardown 通过；覆盖范围沿用未变更的测试源码。,,,float32/int32 的位重解释 view(dtype)，区别于数值 cast。,完成,batch-07-results.json#test_torchinductor.py::test_views7,../npu-inductor-213-batches-20261008/batch-07-source-evidence.json#test_torchinductor.py::test_views7,2026-10-08
124,07,test_torchinductor.py,test_view_copy_dtype_change,验证 int32 到 int64 的 view_copy(dtype) 元素大小、形状和按位复制语义。,基础正确性或边界回归：建议保留；按原输入、dtype、形状和断言验证 NPU，不能仅根据当前失败/跳过删除。,../npu-inductor-213-batches-20261008/batch-07-source-evidence.json#test_torchinductor.py::test_view_copy_dtype_change,GPUTests,通过,通过,状态不变,"{""passed"": 1}",无,原测试全部选中实例的 setup/call/teardown 通过；覆盖范围沿用未变更的测试源码。,,,int32 view_copy 到 int64 的形状及数据位重解释。,完成,batch-07-results.json#test_torchinductor.py::test_view_copy_dtype_change,../npu-inductor-213-batches-20261008/batch-07-source-evidence.json#test_torchinductor.py::test_view_copy_dtype_change,2026-10-08
125,07,test_torchinductor.py,test_relu,验证单输入和加法后 ReLU 的数值正确性。,基础正确性或边界回归：建议保留；按原输入、dtype、形状和断言验证 NPU，不能仅根据当前失败/跳过删除。,../npu-inductor-213-batches-20261008/batch-07-source-evidence.json#test_torchinductor.py::test_relu,GPUTests,通过,通过,状态不变,"{""passed"": 1}",无,原测试全部选中实例的 setup/call/teardown 通过；覆盖范围沿用未变更的测试源码。,,,原始及相加后 ReLU 计算。,完成,batch-07-results.json#test_torchinductor.py::test_relu,../npu-inductor-213-batches-20261008/batch-07-source-evidence.json#test_torchinductor.py::test_relu,2026-10-08
126,07,test_torchinductor.py,test_exp,验证单输入和加法后 exp 的数值正确性。,基础正确性或边界回归：建议保留；按原输入、dtype、形状和断言验证 NPU，不能仅根据当前失败/跳过删除。,../npu-inductor-213-batches-20261008/batch-07-source-evidence.json#test_torchinductor.py::test_exp,GPUTests,通过,通过,状态不变,"{""passed"": 1}",无,原测试全部选中实例的 setup/call/teardown 通过；覆盖范围沿用未变更的测试源码。,,,原始及相加后 exp 计算。,完成,batch-07-results.json#test_torchinductor.py::test_exp,../npu-inductor-213-batches-20261008/batch-07-source-evidence.json#test_torchinductor.py::test_exp,2026-10-08
127,07,test_torchinductor.py,test_exp2,验证 exp2 和以 2 为底的负绝对差幂运算。,基础正确性或边界回归：建议保留；按原输入、dtype、形状和断言验证 NPU，不能仅根据当前失败/跳过删除。,../npu-inductor-213-batches-20261008/batch-07-source-evidence.json#test_torchinductor.py::test_exp2,GPUTests,通过,通过,状态不变,"{""passed"": 1}",无,原测试全部选中实例的 setup/call/teardown 通过；覆盖范围沿用未变更的测试源码。,,,exp2 与 2 的负绝对差幂。,完成,batch-07-results.json#test_torchinductor.py::test_exp2,../npu-inductor-213-batches-20261008/batch-07-source-evidence.json#test_torchinductor.py::test_exp2,2026-10-08
128,07,test_torchinductor.py,test_logaddexp,验证 complex64 logaddexp 的编译结果与 eager 一致；不是普通实数 logaddexp 用例。,complex64 能力项：承诺复数 logaddexp 时必测；不支持时保留能力/错误契约，不能用实数替换原目标。,../npu-inductor-213-batches-20261008/batch-07-source-evidence.json#test_torchinductor.py::test_logaddexp,GPUTests,失败,失败,状态不变,"{""failed"": 1}",eager CANN 参数检查,本轮异常签名/跳过原因及实例结果与基线一致：aclnnLogAddExp 明确拒绝 DT_COMPLEX64；未进入 compiled/eager 对比。,增加 complex64 算子/分解并处理复数对数分支；设备专用 skip 仅能标记能力缺口。,是：eager 算子/op-plugin/CANN，可能还需编译支持,仅证实此 CANN 接口不接收 complex64，不代表实数 logaddexp 不支持。,完成,batch-07-results.json#test_torchinductor.py::test_logaddexp,../npu-inductor-213-batches-20261008/batch-07-source-evidence.json#test_torchinductor.py::test_logaddexp,2026-10-08
129,07,test_torchinductor.py,test_sigmoid,验证单输入和相加后 sigmoid 的数值正确性。,基础正确性或边界回归：建议保留；按原输入、dtype、形状和断言验证 NPU，不能仅根据当前失败/跳过删除。,../npu-inductor-213-batches-20261008/batch-07-source-evidence.json#test_torchinductor.py::test_sigmoid,GPUTests,通过,通过,状态不变,"{""passed"": 1}",无,原测试全部选中实例的 setup/call/teardown 通过；覆盖范围沿用未变更的测试源码。,,,原始及相加后 sigmoid。,完成,batch-07-results.json#test_torchinductor.py::test_sigmoid,../npu-inductor-213-batches-20261008/batch-07-source-evidence.json#test_torchinductor.py::test_sigmoid,2026-10-08
130,07,test_torchinductor.py,test_round,验证 Tensor round、round(b+1) 和 decimals=2 的舍入，覆盖半整数及低精度回归。,基础正确性或边界回归：建议保留；按原输入、dtype、形状和断言验证 NPU，不能仅根据当前失败/跳过删除。,../npu-inductor-213-batches-20261008/batch-07-source-evidence.json#test_torchinductor.py::test_round,GPUTests,通过,通过,状态不变,"{""passed"": 1}",无,原测试全部选中实例的 setup/call/teardown 通过；覆盖范围沿用未变更的测试源码。,,,"独立补测完成原方法：8×8 float32 输入及 common 默认的 float16 检查，包含 round(a)、round(b+1)、round(a, decimals=2)。固定原随机种子与精度断言，未验证 backward。初轮编译 worker 退出的完整失败报告单独保留。",完成,batch-07-results.json#test_torchinductor.py::test_round,../npu-inductor-213-batches-20261008/batch-07-source-evidence.json#test_torchinductor.py::test_round,2026-10-08
131,07,test_torchinductor.py,test_round_correctness,验证目标设备最高浮点精度下 -10 到 10、步长 0.1 的 round 边界行为。,dtype 能力项：按声明的 fp64 支持范围验收；不支持时需要明确能力/错误契约，不能换 float32 后称原用例已修复。,../npu-inductor-213-batches-20261008/batch-07-source-evidence.json#test_torchinductor.py::test_round_correctness,GPUTests,失败,失败,状态不变,"{""failed"": 1}",生成模块导入/编译 worker 的 Triton 驱动选择,本组失败实例出现：PR 已使 CudaDriver.is_active() 为 False，但 PyTorch _is_backend_active 又用 torch.cuda.is_available() 兜底；迁移别名返回 True，仍构造 CudaDriver 并因缺少 libcuda.so 失败。,transfer_to_npu 还需覆盖当前 PyTorch helper 的兜底判定，并在编译 worker 中生效；保持实际 NPU driver。PR 原样方案不足。,可在 torch_npu/contrib/transfer_to_npu.py 适配；涉及当前 torch/_inductor/runtime/triton_helpers.py 的接口契约，超出测试/torch_npu._inductor 范围。,首错前的子步骤可能已执行；未完成原用例全部数值或代码断言。原有更深层问题可能被本次首错遮挡。,完成,batch-07-results.json#test_torchinductor.py::test_round_correctness,../npu-inductor-213-batches-20261008/batch-07-source-evidence.json#test_torchinductor.py::test_round_correctness; ../npu-inductor-213-batches-20261008/runtime-source-evidence.json#triton/language/extra/cann/libdevice.py::nearbyint; ../npu-inductor-213-batches-20261008/runtime-source-evidence.json#torch/testing/_internal/common_dtype.py::highest_precision_float,2026-10-08
132,07,test_torchinductor.py,test_builtins_round,验证动态 fullgraph 中 Python round 浮点表达式可用于 slice 终点及 Tensor 加法。,基础正确性或边界回归：建议保留；按原输入、dtype、形状和断言验证 NPU，不能仅根据当前失败/跳过删除。,../npu-inductor-213-batches-20261008/batch-07-source-evidence.json#test_torchinductor.py::test_builtins_round,GPUTests,失败,失败,状态不变,"{""failed"": 1}",NPU pre-grad dtype_optimal_pass,本轮异常签名/跳过原因及实例结果与基线一致：input_fake 是 SymFloat，优化 pass 在确认节点为 Tensor.to 前先读取 input_fake.dtype，抛出 AttributeError。,先筛选 call_method 的 to 目标，再验证 example_value 为 Tensor；保留 SymFloat 的 round 语义和动态值。,否,原 fullgraph/dynamic 测试在 pre-grad 阶段失败，未运行 NPU kernel。,完成,batch-07-results.json#test_torchinductor.py::test_builtins_round,../npu-inductor-213-batches-20261008/batch-07-source-evidence.json#test_torchinductor.py::test_builtins_round; ../npu-inductor-213-batches-20261008/runtime-source-evidence.json#torch_npu/_inductor/fx_passes/ascend_custom_passes/ascend_graph_pass.py::dtype_optimal_pass,2026-10-08
133,07,test_torchinductor.py,test_builtins_round_float_ndigits_pos,验证动态 Python round 的正 ndigits=1 保留小数位语义。,基础正确性或边界回归：建议保留；按原输入、dtype、形状和断言验证 NPU，不能仅根据当前失败/跳过删除。,../npu-inductor-213-batches-20261008/batch-07-source-evidence.json#test_torchinductor.py::test_builtins_round_float_ndigits_pos,GPUTests,失败,失败,状态不变,"{""failed"": 1}",NPU pre-grad dtype_optimal_pass,本轮异常签名/跳过原因及实例结果与基线一致：input_fake 是 SymFloat，优化 pass 在确认节点为 Tensor.to 前先读取 input_fake.dtype，抛出 AttributeError。,先筛选 call_method 的 to 目标，再验证 example_value 为 Tensor；保留 SymFloat 的 round 语义和动态值。,否,原 fullgraph/dynamic 测试在 pre-grad 阶段失败，未运行 NPU kernel。,完成,batch-07-results.json#test_torchinductor.py::test_builtins_round_float_ndigits_pos,../npu-inductor-213-batches-20261008/batch-07-source-evidence.json#test_torchinductor.py::test_builtins_round_float_ndigits_pos; ../npu-inductor-213-batches-20261008/runtime-source-evidence.json#torch_npu/_inductor/fx_passes/ascend_custom_passes/ascend_graph_pass.py::dtype_optimal_pass,2026-10-08
134,07,test_torchinductor.py,test_builtins_round_float_ndigits_zero,验证动态 Python round 的 ndigits=0 舍入语义。,基础正确性或边界回归：建议保留；按原输入、dtype、形状和断言验证 NPU，不能仅根据当前失败/跳过删除。,../npu-inductor-213-batches-20261008/batch-07-source-evidence.json#test_torchinductor.py::test_builtins_round_float_ndigits_zero,GPUTests,失败,失败,状态不变,"{""failed"": 1}",NPU pre-grad dtype_optimal_pass,本轮异常签名/跳过原因及实例结果与基线一致：input_fake 是 SymFloat，优化 pass 在确认节点为 Tensor.to 前先读取 input_fake.dtype，抛出 AttributeError。,先筛选 call_method 的 to 目标，再验证 example_value 为 Tensor；保留 SymFloat 的 round 语义和动态值。,否,原 fullgraph/dynamic 测试在 pre-grad 阶段失败，未运行 NPU kernel。,完成,batch-07-results.json#test_torchinductor.py::test_builtins_round_float_ndigits_zero,../npu-inductor-213-batches-20261008/batch-07-source-evidence.json#test_torchinductor.py::test_builtins_round_float_ndigits_zero; ../npu-inductor-213-batches-20261008/runtime-source-evidence.json#torch_npu/_inductor/fx_passes/ascend_custom_passes/ascend_graph_pass.py::dtype_optimal_pass,2026-10-08
135,07,test_torchinductor.py,test_builtins_round_float_ndigits_neg,验证动态 Python round 的负 ndigits=-1 十位舍入语义。,基础正确性或边界回归：建议保留；按原输入、dtype、形状和断言验证 NPU，不能仅根据当前失败/跳过删除。,../npu-inductor-213-batches-20261008/batch-07-source-evidence.json#test_torchinductor.py::test_builtins_round_float_ndigits_neg,GPUTests,失败,失败,状态不变,"{""failed"": 1}",NPU pre-grad dtype_optimal_pass,本轮异常签名/跳过原因及实例结果与基线一致：input_fake 是 SymFloat，优化 pass 在确认节点为 Tensor.to 前先读取 input_fake.dtype，抛出 AttributeError。,先筛选 call_method 的 to 目标，再验证 example_value 为 Tensor；保留 SymFloat 的 round 语义和动态值。,否,原 fullgraph/dynamic 测试在 pre-grad 阶段失败，未运行 NPU kernel。,完成,batch-07-results.json#test_torchinductor.py::test_builtins_round_float_ndigits_neg,../npu-inductor-213-batches-20261008/batch-07-source-evidence.json#test_torchinductor.py::test_builtins_round_float_ndigits_neg; ../npu-inductor-213-batches-20261008/runtime-source-evidence.json#torch_npu/_inductor/fx_passes/ascend_custom_passes/ascend_graph_pass.py::dtype_optimal_pass,2026-10-08
136,07,test_torchinductor.py,test_builtins_round_float_ndigits_neg_uses_value_expr,验证显式 Inductor fullgraph 路径中负 ndigits 的符号值表达式 lowering 与 eager 一致。,动态标量回归：与 ndigits=-1 数值测试高度重叠；可核对 backend/装饰条件后合并参数化，保留显式 Inductor 路径。,../npu-inductor-213-batches-20261008/batch-07-source-evidence.json#test_torchinductor.py::test_builtins_round_float_ndigits_neg_uses_value_expr,GPUTests,失败,失败,状态不变,"{""failed"": 1}",NPU pre-grad dtype_optimal_pass,本轮异常签名/跳过原因及实例结果与基线一致：input_fake 是 SymFloat，优化 pass 在确认节点为 Tensor.to 前先读取 input_fake.dtype，抛出 AttributeError。,先筛选 call_method 的 to 目标，再验证 example_value 为 Tensor；保留 SymFloat 的 round 语义和动态值。,否,原 fullgraph/dynamic 测试在 pre-grad 阶段失败，未运行 NPU kernel。,完成,batch-07-results.json#test_torchinductor.py::test_builtins_round_float_ndigits_neg_uses_value_expr,../npu-inductor-213-batches-20261008/batch-07-source-evidence.json#test_torchinductor.py::test_builtins_round_float_ndigits_neg_uses_value_expr; ../npu-inductor-213-batches-20261008/runtime-source-evidence.json#torch_npu/_inductor/fx_passes/ascend_custom_passes/ascend_graph_pass.py::dtype_optimal_pass,2026-10-08
137,07,test_torchinductor.py,test_builtins_round_int_ndigits_pos,"验证动态 Python 整数 round(i,1) 与 Tensor 相加的语义。",基础正确性或边界回归：建议保留；按原输入、dtype、形状和断言验证 NPU，不能仅根据当前失败/跳过删除。,../npu-inductor-213-batches-20261008/batch-07-source-evidence.json#test_torchinductor.py::test_builtins_round_int_ndigits_pos,GPUTests,通过,失败,回归,"{""failed"": 1}",生成模块导入/编译 worker 的 Triton 驱动选择,本组失败实例出现：PR 已使 CudaDriver.is_active() 为 False，但 PyTorch _is_backend_active 又用 torch.cuda.is_available() 兜底；迁移别名返回 True，仍构造 CudaDriver 并因缺少 libcuda.so 失败。,transfer_to_npu 还需覆盖当前 PyTorch helper 的兜底判定，并在编译 worker 中生效；保持实际 NPU driver。PR 原样方案不足。,可在 torch_npu/contrib/transfer_to_npu.py 适配；涉及当前 torch/_inductor/runtime/triton_helpers.py 的接口契约，超出测试/torch_npu._inductor 范围。,首错前的子步骤可能已执行；未完成原用例全部数值或代码断言。原有更深层问题可能被本次首错遮挡。,完成,batch-07-results.json#test_torchinductor.py::test_builtins_round_int_ndigits_pos,../npu-inductor-213-batches-20261008/batch-07-source-evidence.json#test_torchinductor.py::test_builtins_round_int_ndigits_pos,2026-10-08
138,08,test_torchinductor.py,test_builtins_round_int_ndigits_zero,"验证动态 Python 整数 round(i,0) 与 Tensor 相加的语义。",基础正确性或边界回归：建议保留；按原输入、dtype、形状和断言验证 NPU，不能仅根据当前失败/跳过删除。,../npu-inductor-213-batches-20261008/batch-08-source-evidence.json#test_torchinductor.py::test_builtins_round_int_ndigits_zero,GPUTests,通过,失败,回归,"{""failed"": 1}",生成模块导入/编译 worker 的 Triton 驱动选择,本组失败实例出现：PR 已使 CudaDriver.is_active() 为 False，但 PyTorch _is_backend_active 又用 torch.cuda.is_available() 兜底；迁移别名返回 True，仍构造 CudaDriver 并因缺少 libcuda.so 失败。,transfer_to_npu 还需覆盖当前 PyTorch helper 的兜底判定，并在编译 worker 中生效；保持实际 NPU driver。PR 原样方案不足。,可在 torch_npu/contrib/transfer_to_npu.py 适配；涉及当前 torch/_inductor/runtime/triton_helpers.py 的接口契约，超出测试/torch_npu._inductor 范围。,首错前的子步骤可能已执行；未完成原用例全部数值或代码断言。原有更深层问题可能被本次首错遮挡。,完成,batch-08-results.json#test_torchinductor.py::test_builtins_round_int_ndigits_zero,../npu-inductor-213-batches-20261008/batch-08-source-evidence.json#test_torchinductor.py::test_builtins_round_int_ndigits_zero,2026-10-08
139,08,test_torchinductor.py,test_silu,验证 SiLU 编译结果与 eager 一致。,基础正确性或边界回归：建议保留；按原输入、dtype、形状和断言验证 NPU，不能仅根据当前失败/跳过删除。,../npu-inductor-213-batches-20261008/batch-08-source-evidence.json#test_torchinductor.py::test_silu,GPUTests,通过,通过,状态不变,"{""passed"": 1}",无,原测试全部选中实例的 setup/call/teardown 通过；覆盖范围沿用未变更的测试源码。,,,8×8 输入的 SiLU。,完成,batch-08-results.json#test_torchinductor.py::test_silu,../npu-inductor-213-batches-20261008/batch-08-source-evidence.json#test_torchinductor.py::test_silu,2026-10-08
140,08,test_torchinductor.py,test_silu_exact_eager,验证 SiLU 对随机输入及全部 65536 种 BF16 位模式与 eager 对齐，包含 NaN。,BF16 数值边界：建议保留；全位模式成本较高时可放定期回归，SiLU/dtype 改动时重点执行。,../npu-inductor-213-batches-20261008/batch-08-source-evidence.json#test_torchinductor.py::test_silu_exact_eager,GPUTests,通过,通过,状态不变,"{""passed"": 1}",无,原测试全部选中实例的 setup/call/teardown 通过；覆盖范围沿用未变更的测试源码。,,,常规随机输入和全部 65536 种 BF16 位模式；按原 assertEqual 容差并允许 NaN 相等，不另宣称逐比特相等。,完成,batch-08-results.json#test_torchinductor.py::test_silu_exact_eager,../npu-inductor-213-batches-20261008/batch-08-source-evidence.json#test_torchinductor.py::test_silu_exact_eager,2026-10-08
141,08,test_torchinductor.py,test_nan_to_num,验证 nan_to_num 的默认和显式 NaN/正负 Inf 替换值。,基础正确性或边界回归：建议保留；按原输入、dtype、形状和断言验证 NPU，不能仅根据当前失败/跳过删除。,../npu-inductor-213-batches-20261008/batch-08-source-evidence.json#test_torchinductor.py::test_nan_to_num,GPUTests,通过,失败,回归,"{""failed"": 1}",生成模块导入/编译 worker 的 Triton 驱动选择,本组失败实例出现：PR 已使 CudaDriver.is_active() 为 False，但 PyTorch _is_backend_active 又用 torch.cuda.is_available() 兜底；迁移别名返回 True，仍构造 CudaDriver 并因缺少 libcuda.so 失败。,transfer_to_npu 还需覆盖当前 PyTorch helper 的兜底判定，并在编译 worker 中生效；保持实际 NPU driver。PR 原样方案不足。,可在 torch_npu/contrib/transfer_to_npu.py 适配；涉及当前 torch/_inductor/runtime/triton_helpers.py 的接口契约，超出测试/torch_npu._inductor 范围。,首错前的子步骤可能已执行；未完成原用例全部数值或代码断言。原有更深层问题可能被本次首错遮挡。,完成,batch-08-results.json#test_torchinductor.py::test_nan_to_num,../npu-inductor-213-batches-20261008/batch-08-source-evidence.json#test_torchinductor.py::test_nan_to_num,2026-10-08
142,08,test_torchinductor.py,test_one_hot,验证固定 8 类的 one_hot 生成和后续加法。,基础正确性或边界回归：建议保留；按原输入、dtype、形状和断言验证 NPU，不能仅根据当前失败/跳过删除。,../npu-inductor-213-batches-20261008/batch-08-source-evidence.json#test_torchinductor.py::test_one_hot,GPUTests,通过,失败,回归,"{""failed"": 1}",生成模块导入/编译 worker 的 Triton 驱动选择,本组失败实例出现：PR 已使 CudaDriver.is_active() 为 False，但 PyTorch _is_backend_active 又用 torch.cuda.is_available() 兜底；迁移别名返回 True，仍构造 CudaDriver 并因缺少 libcuda.so 失败。,transfer_to_npu 还需覆盖当前 PyTorch helper 的兜底判定，并在编译 worker 中生效；保持实际 NPU driver。PR 原样方案不足。,可在 torch_npu/contrib/transfer_to_npu.py 适配；涉及当前 torch/_inductor/runtime/triton_helpers.py 的接口契约，超出测试/torch_npu._inductor 范围。,首错前的子步骤可能已执行；未完成原用例全部数值或代码断言。原有更深层问题可能被本次首错遮挡。,完成,batch-08-results.json#test_torchinductor.py::test_one_hot,../npu-inductor-213-batches-20261008/batch-08-source-evidence.json#test_torchinductor.py::test_one_hot,2026-10-08
143,08,test_torchinductor.py,test_div1,验证浮点 true/floor/trunc 除法及 /、// 多种接口一致性。,基础正确性或边界回归：建议保留；按原输入、dtype、形状和断言验证 NPU，不能仅根据当前失败/跳过删除。,../npu-inductor-213-batches-20261008/batch-08-source-evidence.json#test_torchinductor.py::test_div1,GPUTests,通过,通过,状态不变,"{""passed"": 1}",无,原测试全部选中实例的 setup/call/teardown 通过；覆盖范围沿用未变更的测试源码。,,,随机浮点的 true/floor/trunc 除法及 /、//。,完成,batch-08-results.json#test_torchinductor.py::test_div1,../npu-inductor-213-batches-20261008/batch-08-source-evidence.json#test_torchinductor.py::test_div1,2026-10-08
144,08,test_torchinductor.py,test_div2,验证整数被除数与浮点除数混合时的类型提升和除法结果。,基础正确性或边界回归：建议保留；按原输入、dtype、形状和断言验证 NPU，不能仅根据当前失败/跳过删除。,../npu-inductor-213-batches-20261008/batch-08-source-evidence.json#test_torchinductor.py::test_div2,GPUTests,通过,通过,状态不变,"{""passed"": 1}",无,原测试全部选中实例的 setup/call/teardown 通过；覆盖范围沿用未变更的测试源码。,,,整数被除数与浮点除数的类型提升。,完成,batch-08-results.json#test_torchinductor.py::test_div2,../npu-inductor-213-batches-20261008/batch-08-source-evidence.json#test_torchinductor.py::test_div2,2026-10-08
145,08,test_torchinductor.py,test_div3,验证可整除正整数输入在各 rounding_mode 下的结果。,基础正确性或边界回归：建议保留；按原输入、dtype、形状和断言验证 NPU，不能仅根据当前失败/跳过删除。,../npu-inductor-213-batches-20261008/batch-08-source-evidence.json#test_torchinductor.py::test_div3,GPUTests,通过,通过,状态不变,"{""passed"": 1}",无,原测试全部选中实例的 setup/call/teardown 通过；覆盖范围沿用未变更的测试源码。,,,可整除的正整数输入及多种 rounding_mode。,完成,batch-08-results.json#test_torchinductor.py::test_div3,../npu-inductor-213-batches-20261008/batch-08-source-evidence.json#test_torchinductor.py::test_div3,2026-10-08
146,08,test_torchinductor.py,test_div4,验证负整数除法中 floor 与 trunc 的方向差异。,基础正确性或边界回归：建议保留；按原输入、dtype、形状和断言验证 NPU，不能仅根据当前失败/跳过删除。,../npu-inductor-213-batches-20261008/batch-08-source-evidence.json#test_torchinductor.py::test_div4,GPUTests,通过,通过,状态不变,"{""passed"": 1}",无,原测试全部选中实例的 setup/call/teardown 通过；覆盖范围沿用未变更的测试源码。,,,负整数除以正整数的 floor/trunc 差异。,完成,batch-08-results.json#test_torchinductor.py::test_div4,../npu-inductor-213-batches-20261008/batch-08-source-evidence.json#test_torchinductor.py::test_div4,2026-10-08
147,08,test_torchinductor.py,test_div5,验证负整数 Tensor 除以 Python 正整数标量 16 的结果。,基础正确性或边界回归：建议保留；按原输入、dtype、形状和断言验证 NPU，不能仅根据当前失败/跳过删除。,../npu-inductor-213-batches-20261008/batch-08-source-evidence.json#test_torchinductor.py::test_div5,GPUTests,通过,通过,状态不变,"{""passed"": 1}",无,原测试全部选中实例的 setup/call/teardown 通过；覆盖范围沿用未变更的测试源码。,,,负整数张量除以 Python 标量 16。,完成,batch-08-results.json#test_torchinductor.py::test_div5,../npu-inductor-213-batches-20261008/batch-08-source-evidence.json#test_torchinductor.py::test_div5,2026-10-08
148,08,test_torchinductor.py,test_div6,验证 bool 输入提升为整数后与负整数做除法的语义。,基础正确性或边界回归：建议保留；按原输入、dtype、形状和断言验证 NPU，不能仅根据当前失败/跳过删除。,../npu-inductor-213-batches-20261008/batch-08-source-evidence.json#test_torchinductor.py::test_div6,GPUTests,通过,失败,回归,"{""failed"": 1}",生成模块导入/编译 worker 的 Triton 驱动选择,本组失败实例出现：PR 已使 CudaDriver.is_active() 为 False，但 PyTorch _is_backend_active 又用 torch.cuda.is_available() 兜底；迁移别名返回 True，仍构造 CudaDriver 并因缺少 libcuda.so 失败。,transfer_to_npu 还需覆盖当前 PyTorch helper 的兜底判定，并在编译 worker 中生效；保持实际 NPU driver。PR 原样方案不足。,可在 torch_npu/contrib/transfer_to_npu.py 适配；涉及当前 torch/_inductor/runtime/triton_helpers.py 的接口契约，超出测试/torch_npu._inductor 范围。,首错前的子步骤可能已执行；未完成原用例全部数值或代码断言。原有更深层问题可能被本次首错遮挡。,完成,batch-08-results.json#test_torchinductor.py::test_div6,../npu-inductor-213-batches-20261008/batch-08-source-evidence.json#test_torchinductor.py::test_div6,2026-10-08
149,08,test_torchinductor.py,test_div7,验证 int64 大数除法对 2^32 至 2^40 范围不发生 int32 截断。,基础正确性或边界回归：建议保留；按原输入、dtype、形状和断言验证 NPU，不能仅根据当前失败/跳过删除。,../npu-inductor-213-batches-20261008/batch-08-source-evidence.json#test_torchinductor.py::test_div7,GPUTests,通过,通过,状态不变,"{""passed"": 1}",无,原测试全部选中实例的 setup/call/teardown 通过；覆盖范围沿用未变更的测试源码。,,,2^32 到 2^40 的 int64 被除数，覆盖超 int32 范围。,完成,batch-08-results.json#test_torchinductor.py::test_div7,../npu-inductor-213-batches-20261008/batch-08-source-evidence.json#test_torchinductor.py::test_div7,2026-10-08
150,08,test_torchinductor.py,test_div9,验证 Python 常数作被除数时三种除法调用接口的结果。,基础正确性或边界回归：建议保留；按原输入、dtype、形状和断言验证 NPU，不能仅根据当前失败/跳过删除。,../npu-inductor-213-batches-20261008/batch-08-source-evidence.json#test_torchinductor.py::test_div9,GPUTests,通过,通过,状态不变,"{""passed"": 1}",无,原测试全部选中实例的 setup/call/teardown 通过；覆盖范围沿用未变更的测试源码。,,,Python 常量 42 作为被除数的 3 种调用接口。,完成,batch-08-results.json#test_torchinductor.py::test_div9,../npu-inductor-213-batches-20261008/batch-08-source-evidence.json#test_torchinductor.py::test_div9,2026-10-08
151,08,test_torchinductor.py,test_div_zero_dim,验证零维/一维浮点和整数输入双向广播的除法语义。,基础正确性或边界回归：建议保留；按原输入、dtype、形状和断言验证 NPU，不能仅根据当前失败/跳过删除。,../npu-inductor-213-batches-20261008/batch-08-source-evidence.json#test_torchinductor.py::test_div_zero_dim,GPUTests,通过,通过,状态不变,"{""passed"": 1}",无,原测试全部选中实例的 setup/call/teardown 通过；覆盖范围沿用未变更的测试源码。,,,float32/int64 的零维与一维输入双向广播，排除零除数。,完成,batch-08-results.json#test_torchinductor.py::test_div_zero_dim,../npu-inductor-213-batches-20261008/batch-08-source-evidence.json#test_torchinductor.py::test_div_zero_dim,2026-10-08
152,08,test_torchinductor.py,test_div_prim,验证 prims.div 对 float32/int64 输入的 lowering 和结果。,基础正确性或边界回归：建议保留；按原输入、dtype、形状和断言验证 NPU，不能仅根据当前失败/跳过删除。,../npu-inductor-213-batches-20261008/batch-08-source-evidence.json#test_torchinductor.py::test_div_prim,GPUTests,通过,通过,状态不变,"{""passed"": 1}",无,原测试全部选中实例的 setup/call/teardown 通过；覆盖范围沿用未变更的测试源码。,,,prims.div 的 float32/int64 输入，排除零除数。,完成,batch-08-results.json#test_torchinductor.py::test_div_prim,../npu-inductor-213-batches-20261008/batch-08-source-evidence.json#test_torchinductor.py::test_div_prim,2026-10-08
153,08,test_torchinductor.py,test_floordiv,验证 Python 浮点/整数 floor division 标量表达式与 Tensor 相加。,基础正确性或边界回归：建议保留；按原输入、dtype、形状和断言验证 NPU，不能仅根据当前失败/跳过删除。,../npu-inductor-213-batches-20261008/batch-08-source-evidence.json#test_torchinductor.py::test_floordiv,GPUTests,通过,通过,状态不变,"{""passed"": 1}",无,原测试全部选中实例的 setup/call/teardown 通过；覆盖范围沿用未变更的测试源码。,,,Python 浮点/整数标量计算与 Tensor 相加。,完成,batch-08-results.json#test_torchinductor.py::test_floordiv,../npu-inductor-213-batches-20261008/batch-08-source-evidence.json#test_torchinductor.py::test_floordiv,2026-10-08
154,08,test_torchinductor.py,test_floordiv_negative_int,验证 int32 正负被除数与正负除数的向下取整，区别于向零截断。,基础正确性或边界回归：建议保留；按原输入、dtype、形状和断言验证 NPU，不能仅根据当前失败/跳过删除。,../npu-inductor-213-batches-20261008/batch-08-source-evidence.json#test_torchinductor.py::test_floordiv_negative_int,GPUTests,通过,通过,状态不变,"{""passed"": 1}",无,原测试全部选中实例的 setup/call/teardown 通过；覆盖范围沿用未变更的测试源码。,,,int32 被除数 -32..31，正负除数 2/3/7 的 floor 语义。,完成,batch-08-results.json#test_torchinductor.py::test_floordiv_negative_int,../npu-inductor-213-batches-20261008/batch-08-source-evidence.json#test_torchinductor.py::test_floordiv_negative_int,2026-10-08
155,08,test_torchinductor.py,test_floordiv_int_min_neg_one_cpu,验证 CPU int32/int64 最小值除以 -1 的边界，覆盖标量式与向量式输入。,CPU 专项：保留在社区/CPU 回归中，不计入 NPU 功能必测数量；迁移层修改影响 CPU 时应运行。,../npu-inductor-213-batches-20261008/batch-08-source-evidence.json#test_torchinductor.py::test_floordiv_int_min_neg_one_cpu,CpuTests,通过,通过,状态不变,"{""passed"": 1}",无,原测试全部选中实例的 setup/call/teardown 通过；覆盖范围沿用未变更的测试源码。,,,CPU 专用实例通过，不计为 NPU 功能通过。CPU int32/int64 最小值除以 -1，包含单元素及 128 元素；不计为 NPU 功能通过。,完成,batch-08-results.json#test_torchinductor.py::test_floordiv_int_min_neg_one_cpu,../npu-inductor-213-batches-20261008/batch-08-source-evidence.json#test_torchinductor.py::test_floordiv_int_min_neg_one_cpu,2026-10-08
156,08,test_torchinductor.py,test_floordiv_div_by_zero_int_cpu_inductor_raises_error,验证 CPU 编译整数除零在隔离子进程中抛 ZeroDivisionError，避免进程异常退出。,CPU 专项：保留在社区/CPU 回归中，不计入 NPU 功能必测数量；迁移层修改影响 CPU 时应运行。,../npu-inductor-213-batches-20261008/batch-08-source-evidence.json#test_torchinductor.py::test_floordiv_div_by_zero_int_cpu_inductor_raises_error,CpuTests,通过,通过,状态不变,"{""passed"": 1}",无,原测试全部选中实例的 setup/call/teardown 通过；覆盖范围沿用未变更的测试源码。,,,CPU 专用实例通过，不计为 NPU 功能通过。CPU 子进程验证 int32/int64 除零抛出 ZeroDivisionError；不计为 NPU 功能通过。,完成,batch-08-results.json#test_torchinductor.py::test_floordiv_div_by_zero_int_cpu_inductor_raises_error,../npu-inductor-213-batches-20261008/batch-08-source-evidence.json#test_torchinductor.py::test_floordiv_div_by_zero_int_cpu_inductor_raises_error,2026-10-08
157,08,test_torchinductor.py,test_floordiv_div_by_zero_int,验证加速器整数 floor division 遇到零除数时保持 eager 的边界语义。,基础正确性或边界回归：建议保留；按原输入、dtype、形状和断言验证 NPU，不能仅根据当前失败/跳过删除。,../npu-inductor-213-batches-20261008/batch-08-source-evidence.json#test_torchinductor.py::test_floordiv_div_by_zero_int,GPUTests,失败,失败,状态不变,"{""failed"": 1}",compiled 与 eager 结果断言,本轮异常签名/跳过原因及实例结果与基线一致：首个 int32 全零除数输入，compiled 返回 0，NPU eager 返回 2147450751，8/8 元素不一致。,决定返回值或报错契约后统一 eager 与 lowering，独立覆盖 int32/int64 和各被除数。,统一 eager/compiled 可能需改 op-plugin/CANN；仅测试 skip 不需其他模块,首个组合失败即结束；尚未跑到该方法后续被除数和 int64。,完成,batch-08-results.json#test_torchinductor.py::test_floordiv_div_by_zero_int,../npu-inductor-213-batches-20261008/batch-08-source-evidence.json#test_torchinductor.py::test_floordiv_div_by_zero_int,2026-10-08
158,09,test_torchinductor.py,test_floordiv_float_accuracy,验证浮点 floor division 在精度敏感边界输入上的结果。,基础正确性或边界回归：建议保留；按原输入、dtype、形状和断言验证 NPU，不能仅根据当前失败/跳过删除。,../npu-inductor-213-batches-20261008/batch-09-source-evidence.json#test_torchinductor.py::test_floordiv_float_accuracy,GPUTests,通过,通过,状态不变,"{""passed"": 1}",无,原测试全部选中实例的 setup/call/teardown 通过；覆盖范围沿用未变更的测试源码。,,,原方法中针对浮点 floor division 的精度边界输入及断言。,完成,batch-09-results.json#test_torchinductor.py::test_floordiv_float_accuracy,../npu-inductor-213-batches-20261008/batch-09-source-evidence.json#test_torchinductor.py::test_floordiv_float_accuracy,2026-10-08
159,09,test_torchinductor.py,test_div_precision,验证除法后 softmax 对极小除数及固定回归输入的精度。,基础正确性或边界回归：建议保留；按原输入、dtype、形状和断言验证 NPU，不能仅根据当前失败/跳过删除。,../npu-inductor-213-batches-20261008/batch-09-source-evidence.json#test_torchinductor.py::test_div_precision,GPUTests,通过,失败,回归,"{""failed"": 1}",生成模块导入/编译 worker 的 Triton 驱动选择,本组失败实例出现：PR 已使 CudaDriver.is_active() 为 False，但 PyTorch _is_backend_active 又用 torch.cuda.is_available() 兜底；迁移别名返回 True，仍构造 CudaDriver 并因缺少 libcuda.so 失败。,transfer_to_npu 还需覆盖当前 PyTorch helper 的兜底判定，并在编译 worker 中生效；保持实际 NPU driver。PR 原样方案不足。,可在 torch_npu/contrib/transfer_to_npu.py 适配；涉及当前 torch/_inductor/runtime/triton_helpers.py 的接口契约，超出测试/torch_npu._inductor 范围。,首错前的子步骤可能已执行；未完成原用例全部数值或代码断言。原有更深层问题可能被本次首错遮挡。,完成,batch-09-results.json#test_torchinductor.py::test_div_precision,../npu-inductor-213-batches-20261008/batch-09-source-evidence.json#test_torchinductor.py::test_div_precision,2026-10-08
160,09,test_torchinductor.py,test_div_presicion_accuracy,验证浮点 Tensor 除以 101 后求和的精度回归。,基础正确性或边界回归：建议保留；按原输入、dtype、形状和断言验证 NPU，不能仅根据当前失败/跳过删除。,../npu-inductor-213-batches-20261008/batch-09-source-evidence.json#test_torchinductor.py::test_div_presicion_accuracy,GPUTests,通过,通过,状态不变,"{""passed"": 1}",无,原测试全部选中实例的 setup/call/teardown 通过；覆盖范围沿用未变更的测试源码。,,,5×5 浮点输入除以 101 后求和。,完成,batch-09-results.json#test_torchinductor.py::test_div_presicion_accuracy,../npu-inductor-213-batches-20261008/batch-09-source-evidence.json#test_torchinductor.py::test_div_presicion_accuracy,2026-10-08
161,09,test_torchinductor.py,test_div_by_zero,验证正负零除数、零被除数以及运行时/常量除数产生的 Inf/NaN 语义。,基础正确性或边界回归：建议保留；按原输入、dtype、形状和断言验证 NPU，不能仅根据当前失败/跳过删除。,../npu-inductor-213-batches-20261008/batch-09-source-evidence.json#test_torchinductor.py::test_div_by_zero,GPUTests,通过,通过,状态不变,"{""passed"": 1}",无,原测试全部选中实例的 setup/call/teardown 通过；覆盖范围沿用未变更的测试源码。,,,Python/运行时正负零除数、零被除数及 Inf/NaN 结果。,完成,batch-09-results.json#test_torchinductor.py::test_div_by_zero,../npu-inductor-213-batches-20261008/batch-09-source-evidence.json#test_torchinductor.py::test_div_by_zero,2026-10-08
162,09,test_torchinductor.py,test_sum_keepdims,验证 sum 沿末维归约时 keepdim=True 保留正确维度。,基础正确性或边界回归：建议保留；按原输入、dtype、形状和断言验证 NPU，不能仅根据当前失败/跳过删除。,../npu-inductor-213-batches-20261008/batch-09-source-evidence.json#test_torchinductor.py::test_sum_keepdims,GPUTests,通过,通过,状态不变,"{""passed"": 1}",无,原测试全部选中实例的 setup/call/teardown 通过；覆盖范围沿用未变更的测试源码。,,,沿末维求和并保留维度。,完成,batch-09-results.json#test_torchinductor.py::test_sum_keepdims,../npu-inductor-213-batches-20261008/batch-09-source-evidence.json#test_torchinductor.py::test_sum_keepdims,2026-10-08
163,09,test_torchinductor.py,test_large_tensor_reduction,验证 2^32 个 int8 元素的 max 能读到末尾最大值，覆盖超过 32 位的索引。,大索引正确性：建议保留真实规模，放容量允许的定期/专项回归；缩小到 32 位范围会失去测试目的。,../npu-inductor-213-batches-20261008/batch-09-source-evidence.json#test_torchinductor.py::test_large_tensor_reduction,GPUTests,跳过,跳过,状态不变,"{""skipped"": 1}",测试装饰器内主动跳过，未进入测试函数体,"本轮异常签名/跳过原因及实例结果与基线一致：largeTensorTest 调用 _has_sufficient_memory；其仅识别 cuda/xpu/xla/cpu/mps，npu 落入 SkipTest(""Unknown device type"")。不是实际测得显存不足。",按实际 NPU 设备索引查询可用内存和进程配额，保留大张量内存门槛及 cpp_wrapper 额外分配估计；然后执行原断言。,局部测试适配：否；统一方案：torch/testing/_internal/common_device_type.py，属额外测试基础设施模块,原计划范围：2^32 个 int8 元素的 max，末元素为 2，验证 64 位索引。 实际仅执行到内存检查，未分配该大存储或验证计算结果。,完成,batch-09-results.json#test_torchinductor.py::test_large_tensor_reduction,../npu-inductor-213-batches-20261008/batch-09-source-evidence.json#test_torchinductor.py::test_large_tensor_reduction; ../npu-inductor-213-batches-20261008/runtime-source-evidence.json#torch/testing/_internal/common_device_type.py::_has_sufficient_memory; ../npu-inductor-213-batches-20261008/runtime-source-evidence.json#torch/testing/_internal/common_device_type.py::largeTensorTest,2026-10-08
164,09,test_torchinductor.py,test_large_broadcast_reduction,验证两个长度 2^16 的 int8 输入广播成 2^32 逻辑元素后归约，防止中间索引溢出。,大索引正确性：建议保留真实规模，放容量允许的定期/专项回归；缩小到 32 位范围会失去测试目的。,../npu-inductor-213-batches-20261008/batch-09-source-evidence.json#test_torchinductor.py::test_large_broadcast_reduction,GPUTests,通过,通过,状态不变,"{""passed"": 1}",无,原测试全部选中实例的 setup/call/teardown 通过；覆盖范围沿用未变更的测试源码。,,,两个 2^16 长的 int8 输入广播成 2^32 元素后取 max，验证中间索引范围。,完成,batch-09-results.json#test_torchinductor.py::test_large_broadcast_reduction,../npu-inductor-213-batches-20261008/batch-09-source-evidence.json#test_torchinductor.py::test_large_broadcast_reduction,2026-10-08
165,09,test_torchinductor.py,test_large_pointwise,验证 2^31+1 个 int8 元素的逐元素加法和全量输出，覆盖有符号 32 位索引边界。,大索引正确性：建议保留真实规模，放容量允许的定期/专项回归；缩小到 32 位范围会失去测试目的。,../npu-inductor-213-batches-20261008/batch-09-source-evidence.json#test_torchinductor.py::test_large_pointwise,GPUTests,跳过,跳过,状态不变,"{""skipped"": 1}",测试装饰器内主动跳过，未进入测试函数体,"本轮异常签名/跳过原因及实例结果与基线一致：largeTensorTest 调用 _has_sufficient_memory；其仅识别 cuda/xpu/xla/cpu/mps，npu 落入 SkipTest(""Unknown device type"")。不是实际测得显存不足。",按实际 NPU 设备索引查询可用内存和进程配额，保留大张量内存门槛及 cpp_wrapper 额外分配估计；然后执行原断言。,局部测试适配：否；统一方案：torch/testing/_internal/common_device_type.py，属额外测试基础设施模块,原计划范围：2^31+1 个 int8 元素加一并检查全部输出。 实际仅执行到内存检查，未分配该大存储或验证计算结果。,完成,batch-09-results.json#test_torchinductor.py::test_large_pointwise,../npu-inductor-213-batches-20261008/batch-09-source-evidence.json#test_torchinductor.py::test_large_pointwise; ../npu-inductor-213-batches-20261008/runtime-source-evidence.json#torch/testing/_internal/common_device_type.py::_has_sufficient_memory; ../npu-inductor-213-batches-20261008/runtime-source-evidence.json#torch/testing/_internal/common_device_type.py::largeTensorTest,2026-10-08
166,09,test_torchinductor.py,test_large_offset_pointwise,验证大存储上的大 offset view 逐元素运算不会截断地址偏移。,大索引正确性：建议保留真实规模，放容量允许的定期/专项回归；缩小到 32 位范围会失去测试目的。,../npu-inductor-213-batches-20261008/batch-09-source-evidence.json#test_torchinductor.py::test_large_offset_pointwise,GPUTests,跳过,跳过,状态不变,"{""skipped"": 1}",测试装饰器内主动跳过，未进入测试函数体,"本轮异常签名/跳过原因及实例结果与基线一致：largeTensorTest 调用 _has_sufficient_memory；其仅识别 cuda/xpu/xla/cpu/mps，npu 落入 SkipTest(""Unknown device type"")。不是实际测得显存不足。",按实际 NPU 设备索引查询可用内存和进程配额，保留大张量内存门槛及 cpp_wrapper 额外分配估计；然后执行原断言。,局部测试适配：否；统一方案：torch/testing/_internal/common_device_type.py，属额外测试基础设施模块,原计划范围：2^31+1 存储上的大 offset 视图逐元素加四。 实际仅执行到内存检查，未分配该大存储或验证计算结果。,完成,batch-09-results.json#test_torchinductor.py::test_large_offset_pointwise,../npu-inductor-213-batches-20261008/batch-09-source-evidence.json#test_torchinductor.py::test_large_offset_pointwise; ../npu-inductor-213-batches-20261008/runtime-source-evidence.json#torch/testing/_internal/common_device_type.py::_has_sufficient_memory; ../npu-inductor-213-batches-20261008/runtime-source-evidence.json#torch/testing/_internal/common_device_type.py::largeTensorTest,2026-10-08
167,09,test_torchinductor.py,test_large_strided_reduction,验证大存储 stride=32 view 的 max 正确处理超过 int32 范围的实际地址索引。,大索引正确性：建议保留真实规模，放容量允许的定期/专项回归；缩小到 32 位范围会失去测试目的。,../npu-inductor-213-batches-20261008/batch-09-source-evidence.json#test_torchinductor.py::test_large_strided_reduction,GPUTests,跳过,跳过,状态不变,"{""skipped"": 1}",测试装饰器内主动跳过，未进入测试函数体,"本轮异常签名/跳过原因及实例结果与基线一致：largeTensorTest 调用 _has_sufficient_memory；其仅识别 cuda/xpu/xla/cpu/mps，npu 落入 SkipTest(""Unknown device type"")。不是实际测得显存不足。",按实际 NPU 设备索引查询可用内存和进程配额，保留大张量内存门槛及 cpp_wrapper 额外分配估计；然后执行原断言。,局部测试适配：否；统一方案：torch/testing/_internal/common_device_type.py，属额外测试基础设施模块,原计划范围：大存储 stride=32 视图的 max，验证 stride 索引超 int32。 实际仅执行到内存检查，未分配该大存储或验证计算结果。,完成,batch-09-results.json#test_torchinductor.py::test_large_strided_reduction,../npu-inductor-213-batches-20261008/batch-09-source-evidence.json#test_torchinductor.py::test_large_strided_reduction; ../npu-inductor-213-batches-20261008/runtime-source-evidence.json#torch/testing/_internal/common_device_type.py::_has_sufficient_memory; ../npu-inductor-213-batches-20261008/runtime-source-evidence.json#torch/testing/_internal/common_device_type.py::largeTensorTest,2026-10-08
168,09,test_torchinductor.py,test_softmax,验证多个维度及加法后的 softmax 数值正确性。,基础正确性或边界回归：建议保留；按原输入、dtype、形状和断言验证 NPU，不能仅根据当前失败/跳过删除。,../npu-inductor-213-batches-20261008/batch-09-source-evidence.json#test_torchinductor.py::test_softmax,GPUTests,通过,通过,状态不变,"{""passed"": 1}",无,原测试全部选中实例的 setup/call/teardown 通过；覆盖范围沿用未变更的测试源码。,,,不同维度及相加后 softmax。,完成,batch-09-results.json#test_torchinductor.py::test_softmax,../npu-inductor-213-batches-20261008/batch-09-source-evidence.json#test_torchinductor.py::test_softmax,2026-10-08
169,09,test_torchinductor.py,test_softmax_reused_expensive_pointwise_cpu,验证 CPU 相对位置桶、embedding 与 softmax 中昂贵逐元素表达式的复用和生成代码回归。,CPU 专项：保留在社区/CPU 回归中，不计入 NPU 功能必测数量；迁移层修改影响 CPU 时应运行。,../npu-inductor-213-batches-20261008/batch-09-source-evidence.json#test_torchinductor.py::test_softmax_reused_expensive_pointwise_cpu,CpuTests,通过,通过,状态不变,"{""passed"": 1}",无,原测试全部选中实例的 setup/call/teardown 通过；覆盖范围沿用未变更的测试源码。,,,CPU 专用实例通过，不计为 NPU 功能通过。CPU 相对位置桶、embedding 和 softmax 的复用及代码生成回归；不计为 NPU 功能通过。,完成,batch-09-results.json#test_torchinductor.py::test_softmax_reused_expensive_pointwise_cpu,../npu-inductor-213-batches-20261008/batch-09-source-evidence.json#test_torchinductor.py::test_softmax_reused_expensive_pointwise_cpu,2026-10-08
170,09,test_torchinductor.py,test_log_softmax,验证多个维度及加法后的 log_softmax 数值正确性。,基础正确性或边界回归：建议保留；按原输入、dtype、形状和断言验证 NPU，不能仅根据当前失败/跳过删除。,../npu-inductor-213-batches-20261008/batch-09-source-evidence.json#test_torchinductor.py::test_log_softmax,GPUTests,通过,通过,状态不变,"{""passed"": 1}",无,原测试全部选中实例的 setup/call/teardown 通过；覆盖范围沿用未变更的测试源码。,,,不同维度及相加后 log_softmax。,完成,batch-09-results.json#test_torchinductor.py::test_log_softmax,../npu-inductor-213-batches-20261008/batch-09-source-evidence.json#test_torchinductor.py::test_log_softmax,2026-10-08
171,09,test_torchinductor.py,test_transpose,验证 t/transpose 与逐元素运算组合的布局及数值语义。,基础正确性或边界回归：建议保留；按原输入、dtype、形状和断言验证 NPU，不能仅根据当前失败/跳过删除。,../npu-inductor-213-batches-20261008/batch-09-source-evidence.json#test_torchinductor.py::test_transpose,GPUTests,通过,通过,状态不变,"{""passed"": 1}",无,原测试全部选中实例的 setup/call/teardown 通过；覆盖范围沿用未变更的测试源码。,,,t/transpose 与逐元素计算组合。,完成,batch-09-results.json#test_torchinductor.py::test_transpose,../npu-inductor-213-batches-20261008/batch-09-source-evidence.json#test_torchinductor.py::test_transpose,2026-10-08
172,09,test_torchinductor.py,test_permute1,验证五维 permute 与逐元素运算组合的索引映射。,基础正确性或边界回归：建议保留；按原输入、dtype、形状和断言验证 NPU，不能仅根据当前失败/跳过删除。,../npu-inductor-213-batches-20261008/batch-09-source-evidence.json#test_torchinductor.py::test_permute1,GPUTests,通过,通过,状态不变,"{""passed"": 1}",无,原测试全部选中实例的 setup/call/teardown 通过；覆盖范围沿用未变更的测试源码。,,,五维 permute 与逐元素计算组合。,完成,batch-09-results.json#test_torchinductor.py::test_permute1,../npu-inductor-213-batches-20261008/batch-09-source-evidence.json#test_torchinductor.py::test_permute1,2026-10-08
173,09,test_torchinductor.py,test_permute_unbacked_slice,验证从 CPU Tensor.item 获得的 unbacked 终点可用于加速器 permute 后的 slice。,基础正确性或边界回归：建议保留；按原输入、dtype、形状和断言验证 NPU，不能仅根据当前失败/跳过删除。,../npu-inductor-213-batches-20261008/batch-09-source-evidence.json#test_torchinductor.py::test_permute_unbacked_slice,GPUTests,通过,通过,状态不变,"{""passed"": 1}",无,原测试全部选中实例的 setup/call/teardown 通过；覆盖范围沿用未变更的测试源码。,,,从 CPU Tensor.item 取得 unbacked slice 终点，验证 NPU permute 后切片。,完成,batch-09-results.json#test_torchinductor.py::test_permute_unbacked_slice,../npu-inductor-213-batches-20261008/batch-09-source-evidence.json#test_torchinductor.py::test_permute_unbacked_slice,2026-10-08
174,09,test_torchinductor.py,test_expand,验证 expand 新增广播维度及 -1 保留维度的语义。,基础正确性或边界回归：建议保留；按原输入、dtype、形状和断言验证 NPU，不能仅根据当前失败/跳过删除。,../npu-inductor-213-batches-20261008/batch-09-source-evidence.json#test_torchinductor.py::test_expand,GPUTests,通过,通过,状态不变,"{""passed"": 1}",无,原测试全部选中实例的 setup/call/teardown 通过；覆盖范围沿用未变更的测试源码。,,,新增广播维度与 -1 保留维度。,完成,batch-09-results.json#test_torchinductor.py::test_expand,../npu-inductor-213-batches-20261008/batch-09-source-evidence.json#test_torchinductor.py::test_expand,2026-10-08
175,09,test_torchinductor.py,test_squeeze1,验证 squeeze 不指定维度时移除所有长度 1 的维度。,基础正确性或边界回归：建议保留；按原输入、dtype、形状和断言验证 NPU，不能仅根据当前失败/跳过删除。,../npu-inductor-213-batches-20261008/batch-09-source-evidence.json#test_torchinductor.py::test_squeeze1,GPUTests,通过,通过,状态不变,"{""passed"": 1}",无,原测试全部选中实例的 setup/call/teardown 通过；覆盖范围沿用未变更的测试源码。,,,一次移除全部 size=1 维度。,完成,batch-09-results.json#test_torchinductor.py::test_squeeze1,../npu-inductor-213-batches-20261008/batch-09-source-evidence.json#test_torchinductor.py::test_squeeze1,2026-10-08
176,09,test_torchinductor.py,test_squeeze2,验证使用正负 dim 链式 squeeze 的维度变化。,基础正确性或边界回归：建议保留；按原输入、dtype、形状和断言验证 NPU，不能仅根据当前失败/跳过删除。,../npu-inductor-213-batches-20261008/batch-09-source-evidence.json#test_torchinductor.py::test_squeeze2,GPUTests,通过,通过,状态不变,"{""passed"": 1}",无,原测试全部选中实例的 setup/call/teardown 通过；覆盖范围沿用未变更的测试源码。,,,正负维度索引链式 squeeze。,完成,batch-09-results.json#test_torchinductor.py::test_squeeze2,../npu-inductor-213-batches-20261008/batch-09-source-evidence.json#test_torchinductor.py::test_squeeze2,2026-10-08
177,09,test_torchinductor.py,test_squeeze_varargs,验证一次 squeeze 多个维度后 clone 的形状和结果。,基础正确性或边界回归：建议保留；按原输入、dtype、形状和断言验证 NPU，不能仅根据当前失败/跳过删除。,../npu-inductor-213-batches-20261008/batch-09-source-evidence.json#test_torchinductor.py::test_squeeze_varargs,GPUTests,通过,通过,状态不变,"{""passed"": 1}",无,原测试全部选中实例的 setup/call/teardown 通过；覆盖范围沿用未变更的测试源码。,,,squeeze 同时指定多个维度后 clone。,完成,batch-09-results.json#test_torchinductor.py::test_squeeze_varargs,../npu-inductor-213-batches-20261008/batch-09-source-evidence.json#test_torchinductor.py::test_squeeze_varargs,2026-10-08
178,10,test_torchinductor.py,test_simplify_loops,验证非平凡五维布局及 permute 输入相加时，循环简化不改变索引语义。,基础正确性或边界回归：建议保留；按原输入、dtype、形状和断言验证 NPU，不能仅根据当前失败/跳过删除。,../npu-inductor-213-batches-20261008/batch-10-source-evidence.json#test_torchinductor.py::test_simplify_loops,GPUTests,通过,通过,状态不变,"{""passed"": 1}",无,原测试全部选中实例的 setup/call/teardown 通过；覆盖范围沿用未变更的测试源码。,,,五维 Tensor 与 permute 输入相加，验证非平凡布局计算。,完成,batch-10-results.json#test_torchinductor.py::test_simplify_loops,../npu-inductor-213-batches-20261008/batch-10-source-evidence.json#test_torchinductor.py::test_simplify_loops,2026-10-08
179,10,test_torchinductor.py,test_unsqueeze,验证正负 dim 的 unsqueeze 与逐元素计算组合。,基础正确性或边界回归：建议保留；按原输入、dtype、形状和断言验证 NPU，不能仅根据当前失败/跳过删除。,../npu-inductor-213-batches-20261008/batch-10-source-evidence.json#test_torchinductor.py::test_unsqueeze,GPUTests,通过,通过,状态不变,"{""passed"": 1}",无,原测试全部选中实例的 setup/call/teardown 通过；覆盖范围沿用未变更的测试源码。,,,正负维度插入轴并与逐元素计算组合。,完成,batch-10-results.json#test_torchinductor.py::test_unsqueeze,../npu-inductor-213-batches-20261008/batch-10-source-evidence.json#test_torchinductor.py::test_unsqueeze,2026-10-08
180,10,test_torchinductor.py,test_unsqueeze_inplace,验证中间 Tensor 的原地 unsqueeze_ 形状修改语义。,基础正确性或边界回归：建议保留；按原输入、dtype、形状和断言验证 NPU，不能仅根据当前失败/跳过删除。,../npu-inductor-213-batches-20261008/batch-10-source-evidence.json#test_torchinductor.py::test_unsqueeze_inplace,GPUTests,通过,通过,状态不变,"{""passed"": 1}",无,原测试全部选中实例的 setup/call/teardown 通过；覆盖范围沿用未变更的测试源码。,,,中间 Tensor 的原地 unsqueeze_。,完成,batch-10-results.json#test_torchinductor.py::test_unsqueeze_inplace,../npu-inductor-213-batches-20261008/batch-10-source-evidence.json#test_torchinductor.py::test_unsqueeze_inplace,2026-10-08
181,10,test_torchinductor.py,test_addmm,验证 addmm 前后的逐元素运算与矩阵乘累加结果。,基础正确性或边界回归：建议保留；按原输入、dtype、形状和断言验证 NPU，不能仅根据当前失败/跳过删除。,../npu-inductor-213-batches-20261008/batch-10-source-evidence.json#test_torchinductor.py::test_addmm,GPUTests,通过,通过,状态不变,"{""passed"": 1}",无,原测试全部选中实例的 setup/call/teardown 通过；覆盖范围沿用未变更的测试源码。,,,8×8 addmm 前后逐元素计算。,完成,batch-10-results.json#test_torchinductor.py::test_addmm,../npu-inductor-213-batches-20261008/batch-10-source-evidence.json#test_torchinductor.py::test_addmm,2026-10-08
182,10,test_torchinductor.py,test_linear_float64,验证 float64 Linear 的结果；设备声明不支持时检查预期异常契约。,dtype 能力项：按声明的 fp64 支持范围验收；不支持时需要明确能力/错误契约，不能换 float32 后称原用例已修复。,../npu-inductor-213-batches-20261008/batch-10-source-evidence.json#test_torchinductor.py::test_linear_float64,GPUTests,失败,失败,状态不变,"{""failed"": 1}",eager Linear/addmm,本轮异常签名/跳过原因及实例结果与基线一致：aclnnAddmm 明确拒绝 DT_DOUBLE，支持 float/half/bfloat16；未进入编译结果验证。,补 fp64 addmm 能力或明确精度能力声明；不得将输入改为 float32 作为原用例修复。,是：op-plugin/CANN 或其他 fp64 实现,仅针对当前 Linear/addmm dtype 组合，不泛化为所有 float64 Tensor 操作失败。,完成,batch-10-results.json#test_torchinductor.py::test_linear_float64,../npu-inductor-213-batches-20261008/batch-10-source-evidence.json#test_torchinductor.py::test_linear_float64,2026-10-08
183,10,test_torchinductor.py,test_linear1,验证 Linear+Sigmoid 小模型的编译结果。,基础正确性或边界回归：建议保留；按原输入、dtype、形状和断言验证 NPU，不能仅根据当前失败/跳过删除。,../npu-inductor-213-batches-20261008/batch-10-source-evidence.json#test_torchinductor.py::test_linear1,GPUTests,失败,通过,转为通过,"{""passed"": 1}",无,PR 修正默认 benchmark 设备后，原 Linear 组合用例完成数值及 common 低精度比较；原重复设备断言消失。,保留 Linear 组合回归，继续覆盖多层累计误差。,,按原 common 默认检查 float32/float16 前向；未显式执行 backward。,完成,batch-10-results.json#test_torchinductor.py::test_linear1,../npu-inductor-213-batches-20261008/batch-10-source-evidence.json#test_torchinductor.py::test_linear1; ../npu-inductor-213-batches-20261008/runtime-source-evidence.json#torch/_inductor/runtime/benchmarking.py::_get_default_gpu_device_type,2026-10-08
184,10,test_torchinductor.py,test_linear2,验证四层 Linear+ReLU 的组合编译及累计数值误差。,基础正确性或边界回归：建议保留；按原输入、dtype、形状和断言验证 NPU，不能仅根据当前失败/跳过删除。,../npu-inductor-213-batches-20261008/batch-10-source-evidence.json#test_torchinductor.py::test_linear2,GPUTests,失败,通过,转为通过,"{""passed"": 1}",无,PR 修正默认 benchmark 设备后，原 Linear 组合用例完成数值及 common 低精度比较；原重复设备断言消失。,保留 Linear 组合回归，继续覆盖多层累计误差。,,按原 common 默认检查 float32/float16 前向；未显式执行 backward。,完成,batch-10-results.json#test_torchinductor.py::test_linear2,../npu-inductor-213-batches-20261008/batch-10-source-evidence.json#test_torchinductor.py::test_linear2; ../npu-inductor-213-batches-20261008/runtime-source-evidence.json#torch/_inductor/runtime/benchmarking.py::_get_default_gpu_device_type,2026-10-08
185,10,test_torchinductor.py,test_bmm1,验证两组 batch/矩阵形状的 BMM 及前后逐元素运算。,基础正确性或边界回归：建议保留；按原输入、dtype、形状和断言验证 NPU，不能仅根据当前失败/跳过删除。,../npu-inductor-213-batches-20261008/batch-10-source-evidence.json#test_torchinductor.py::test_bmm1,GPUTests,通过,通过,状态不变,"{""passed"": 1}",无,原测试全部选中实例的 setup/call/teardown 通过；覆盖范围沿用未变更的测试源码。,,,两组 batch/矩阵形状的 bmm 及前后计算；关闭低精度复测。,完成,batch-10-results.json#test_torchinductor.py::test_bmm1,../npu-inductor-213-batches-20261008/batch-10-source-evidence.json#test_torchinductor.py::test_bmm1,2026-10-08
186,10,test_torchinductor.py,test_bmm2,验证输入先 permute 后 BMM 的非连续布局语义。,基础正确性或边界回归：建议保留；按原输入、dtype、形状和断言验证 NPU，不能仅根据当前失败/跳过删除。,../npu-inductor-213-batches-20261008/batch-10-source-evidence.json#test_torchinductor.py::test_bmm2,GPUTests,通过,通过,状态不变,"{""passed"": 1}",无,原测试全部选中实例的 setup/call/teardown 通过；覆盖范围沿用未变更的测试源码。,,,输入 permute 后 bmm；关闭低精度复测。,完成,batch-10-results.json#test_torchinductor.py::test_bmm2,../npu-inductor-213-batches-20261008/batch-10-source-evidence.json#test_torchinductor.py::test_bmm2,2026-10-08
187,10,test_torchinductor.py,test_vmap_dot_decomposes_bmm,验证 vmap(dot) 的短归约分解保持数值，并且生成代码不调用 BMM 外部/回退实现。,策略专项：保留数值与动态 K 语义；是否要求分解及 K=32 阈值应由 NPU 策略决定，不直接套用 CUDA BMM 文本。,../npu-inductor-213-batches-20261008/batch-10-source-evidence.json#test_torchinductor.py::test_vmap_dot_decomposes_bmm,GPUTests,失败,失败,状态不变,"{""failed"": 1}",数值比较之后的代码策略断言,原 benchmark 重复设备阻塞已消失，首个 float16、K=3 的数值比较通过；随后无 BMM 代码断言失败，产物包含两次 extern_kernels.bmm。,依据 NPU 的小 K BMM 策略决定是否接入相应分解；保留数值断言，不能只删代码断言后宣称原 CUDA 策略已实现。,可在测试与 torch_npu._inductor 的 BMM lowering/分解策略内处理；不要求修改其他模块。,首个 dtype/K 组合之后停止，后续 dtype 和 K=32 未完成；实际已覆盖的数值与未满足的策略目标分开记录。,完成,batch-10-results.json#test_torchinductor.py::test_vmap_dot_decomposes_bmm,../npu-inductor-213-batches-20261008/batch-10-source-evidence.json#test_torchinductor.py::test_vmap_dot_decomposes_bmm; ../npu-inductor-213-batches-20261008/runtime-source-evidence.json#torch/_inductor/runtime/benchmarking.py::_get_default_gpu_device_type,2026-10-08
188,10,test_torchinductor.py,test_bmm_dot_shape_decompose_threshold,验证 dot 形状 BMM 在 K=32/33 分解阈值两侧的数值和静态/动态代码策略。,策略专项：保留数值与动态 K 语义；是否要求分解及 K=32 阈值应由 NPU 策略决定，不直接套用 CUDA BMM 文本。,../npu-inductor-213-batches-20261008/batch-10-source-evidence.json#test_torchinductor.py::test_bmm_dot_shape_decompose_threshold,GPUTests,失败,失败,状态不变,"{""failed"": 1}",生成代码策略断言,本轮异常签名/跳过原因及实例结果与基线一致：K=32 时生成 extern_kernels.bmm；原断言要求小 K 分解为点积归约。,核对 NPU lowering/分解条件，接入动态范围证明和小 K 归约策略；补 NPU 专用代码断言。,未必；可以是 NPU Inductor 内实现，但不是已确认的简单修复,K=32 数值断言已通过；代码断言失败后未继续 K=33。,完成,batch-10-results.json#test_torchinductor.py::test_bmm_dot_shape_decompose_threshold,../npu-inductor-213-batches-20261008/batch-10-source-evidence.json#test_torchinductor.py::test_bmm_dot_shape_decompose_threshold,2026-10-08
189,10,test_torchinductor.py,test_bmm_dot_shape_dynamic_k_range_spans_decompose_threshold,验证动态 K 范围跨越分解阈值时仍使用合适的符号分解策略；实际输入 K=3。,策略专项：保留数值与动态 K 语义；是否要求分解及 K=32 阈值应由 NPU 策略决定，不直接套用 CUDA BMM 文本。,../npu-inductor-213-batches-20261008/batch-10-source-evidence.json#test_torchinductor.py::test_bmm_dot_shape_dynamic_k_range_spans_decompose_threshold,GPUTests,失败,失败,状态不变,"{""failed"": 1}",生成代码策略断言,本轮异常签名/跳过原因及实例结果与基线一致：K 标为动态且范围 1..64，实际 K=3 时仍生成 extern_kernels.bmm；原断言要求分解。,核对 NPU lowering/分解条件，接入动态范围证明和小 K 归约策略；补 NPU 专用代码断言。,未必；可以是 NPU Inductor 内实现，但不是已确认的简单修复,实际 K=3 数值断言通过；范围约束不等于已实测全部 K。,完成,batch-10-results.json#test_torchinductor.py::test_bmm_dot_shape_dynamic_k_range_spans_decompose_threshold,../npu-inductor-213-batches-20261008/batch-10-source-evidence.json#test_torchinductor.py::test_bmm_dot_shape_dynamic_k_range_spans_decompose_threshold,2026-10-08
190,10,test_torchinductor.py,test_bmm_dot_shape_int_preserves_eager_error,验证整数 dot 形状 BMM 不因分解绕过 eager 的“不支持整数 BMM”异常。,错误契约回归：建议保留 eager/compiled 一致性；以 NPU 实际支持 dtype 与异常为准，不硬编码 CUDA 错误文本。,../npu-inductor-213-batches-20261008/batch-10-source-evidence.json#test_torchinductor.py::test_bmm_dot_shape_int_preserves_eager_error,GPUTests,失败,失败,状态不变,"{""failed"": 1}",eager 预期异常检查,本轮异常签名/跳过原因及实例结果与基线一致：NPU eager 拒绝 int64 BMM，返回 RuntimeError/aclnnBatchMatMul dtype 错误；测试要求 CUDA 的 NotImplementedError 及 baddbmm_cuda 文本。,为 NPU 选择正确异常类型与 dtype 错误信息，再检查 compiled 是否保留同样拒绝语义。,否,在 eager 负向断言失败，不代表需要实现 int64 Cube BMM。,完成,batch-10-results.json#test_torchinductor.py::test_bmm_dot_shape_int_preserves_eager_error,../npu-inductor-213-batches-20261008/batch-10-source-evidence.json#test_torchinductor.py::test_bmm_dot_shape_int_preserves_eager_error,2026-10-08
191,10,test_torchinductor.py,test_mixed_mm,验证 int8 权重先转激活 dtype 再做 MM 的结果，覆盖低精度输入。,基础正确性或边界回归：建议保留；按原输入、dtype、形状和断言验证 NPU，不能仅根据当前失败/跳过删除。,../npu-inductor-213-batches-20261008/batch-10-source-evidence.json#test_torchinductor.py::test_mixed_mm,GPUTests,通过,通过,状态不变,"{""passed"": 1}",无,原测试全部选中实例的 setup/call/teardown 通过；覆盖范围沿用未变更的测试源码。,,,int8 权重显式转换到激活 dtype 后 mm；不是两个原始不同 dtype 的直接 mm。,完成,batch-10-results.json#test_torchinductor.py::test_mixed_mm,../npu-inductor-213-batches-20261008/batch-10-source-evidence.json#test_torchinductor.py::test_mixed_mm,2026-10-08
192,10,test_torchinductor.py,test_mixed_mm2,验证 int8 权重转换后 MM 与 scale/bias 组合的结果。,基础正确性或边界回归：建议保留；按原输入、dtype、形状和断言验证 NPU，不能仅根据当前失败/跳过删除。,../npu-inductor-213-batches-20261008/batch-10-source-evidence.json#test_torchinductor.py::test_mixed_mm2,GPUTests,通过,通过,状态不变,"{""passed"": 1}",无,原测试全部选中实例的 setup/call/teardown 通过；覆盖范围沿用未变更的测试源码。,,,int8 权重转换后 mm，再乘 scale 加 bias。,完成,batch-10-results.json#test_torchinductor.py::test_mixed_mm2,../npu-inductor-213-batches-20261008/batch-10-source-evidence.json#test_torchinductor.py::test_mixed_mm2,2026-10-08
193,10,test_torchinductor.py,test_mixed_mm3,验证 256×256 的 int8 权重转换后 MM，覆盖不同 autotune block 候选的数值正确性。,基础正确性或边界回归：建议保留；按原输入、dtype、形状和断言验证 NPU，不能仅根据当前失败/跳过删除。,../npu-inductor-213-batches-20261008/batch-10-source-evidence.json#test_torchinductor.py::test_mixed_mm3,GPUTests,通过,通过,状态不变,"{""passed"": 1}",无,原测试全部选中实例的 setup/call/teardown 通过；覆盖范围沿用未变更的测试源码。,,,256×256 的 int8 权重转换后 mm，采用原测试 atol=0.1、rtol=0.01。,完成,batch-10-results.json#test_torchinductor.py::test_mixed_mm3,../npu-inductor-213-batches-20261008/batch-10-source-evidence.json#test_torchinductor.py::test_mixed_mm3,2026-10-08
194,10,test_torchinductor.py,test_uint4x2_mixed_mm,验证 uint8 高低 4 位拆包、reshape、转 dtype、减零点后 MM 的结果。,基础正确性或边界回归：建议保留；按原输入、dtype、形状和断言验证 NPU，不能仅根据当前失败/跳过删除。,../npu-inductor-213-batches-20261008/batch-10-source-evidence.json#test_torchinductor.py::test_uint4x2_mixed_mm,GPUTests,通过,通过,状态不变,"{""passed"": 1}",无,原测试全部选中实例的 setup/call/teardown 通过；覆盖范围沿用未变更的测试源码。,,,uint8 的高低 4 位拆包、reshape、转激活 dtype、减 8 后 mm。,完成,batch-10-results.json#test_torchinductor.py::test_uint4x2_mixed_mm,../npu-inductor-213-batches-20261008/batch-10-source-evidence.json#test_torchinductor.py::test_uint4x2_mixed_mm,2026-10-08
195,10,test_torchinductor.py,test_mm_mixed_dtype,验证原始不同 dtype 的 MM 在 eager 与 compiled 下均拒绝输入并提供对应异常。,错误契约回归：建议保留 eager/compiled 一致性；以 NPU 实际支持 dtype 与异常为准，不硬编码 CUDA 错误文本。,../npu-inductor-213-batches-20261008/batch-10-source-evidence.json#test_torchinductor.py::test_mm_mixed_dtype,GPUTests,失败,失败,状态不变,"{""failed"": 1}",eager 预期异常文本检查,本轮异常签名/跳过原因及实例结果与基线一致：原测试要求 expected ... same dtype 文本；当前 CANN Mm 对 int64 参数报告 dtype 支持列表错误，原正则不匹配。,决定兼容的错误契约；在进入 CANN 前明确验证 dtype，或为 NPU 建立精确的负向断言并继续 compiled 检查。,否,首个 eager 断言失败，compiled 和 Linear autograd 分支尚未执行。,完成,batch-10-results.json#test_torchinductor.py::test_mm_mixed_dtype,../npu-inductor-213-batches-20261008/batch-10-source-evidence.json#test_torchinductor.py::test_mm_mixed_dtype,2026-10-08
196,10,test_torchinductor.py,test_linear_mixed_dtype,验证整数输入与浮点参数 Linear 在 eager、无梯度编译和 autograd 编译下的异常契约。,错误契约回归：建议保留 eager/compiled 一致性；以 NPU 实际支持 dtype 与异常为准，不硬编码 CUDA 错误文本。,../npu-inductor-213-batches-20261008/batch-10-source-evidence.json#test_torchinductor.py::test_linear_mixed_dtype,GPUTests,失败,失败,状态不变,"{""failed"": 1}",eager 预期异常文本检查,本轮异常签名/跳过原因及实例结果与基线一致：原测试要求 expected ... same dtype 文本；当前 CANN Matmul 对 int64 参数报告 dtype 支持列表错误，原正则不匹配。,决定兼容的错误契约；在进入 CANN 前明确验证 dtype，或为 NPU 建立精确的负向断言并继续 compiled 检查。,否,首个 eager 断言失败，compiled 和 Linear autograd 分支尚未执行。,完成,batch-10-results.json#test_torchinductor.py::test_linear_mixed_dtype,../npu-inductor-213-batches-20261008/batch-10-source-evidence.json#test_torchinductor.py::test_linear_mixed_dtype,2026-10-08
197,10,test_torchinductor.py,test_linear_dynamic_maxautotune,验证 dynamic Linear 在 max_autotune、TRITON-only 配置下处理动态 batch 并保持结果。,动态 GEMM autotune 启用时必测；需验证实际 Triton 模板路径，回退 ATEN 后数值通过不代表 TRITON-only 达标。,../npu-inductor-213-batches-20261008/batch-10-source-evidence.json#test_torchinductor.py::test_linear_dynamic_maxautotune,GPUTests,跳过,跳过,状态不变,"{""skipped"": 1}",setup 装饰器,本轮异常签名/跳过原因及实例结果与基线一致：IS_BIG_GPU=False，原装饰器因 not enough SM 跳过。,建立 NPU autotune 能力条件后执行原动态 shape 及 Triton-only 路径。,当前确认的 benchmark 别名登记与动态 addmm 修改点均在 torch_npu/_inductor；完整模板修复范围仍需验证,没有进入函数体。,完成,batch-10-results.json#test_torchinductor.py::test_linear_dynamic_maxautotune,../npu-inductor-213-batches-20261008/batch-10-source-evidence.json#test_torchinductor.py::test_linear_dynamic_maxautotune,2026-10-08
198,11,test_torchinductor.py,test_scalar_input,验证 Python 整数标量 5400 作为运行参数参与 Tensor 整除。,基础正确性或边界回归：建议保留；按原输入、dtype、形状和断言验证 NPU，不能仅根据当前失败/跳过删除。,../npu-inductor-213-batches-20261008/batch-11-source-evidence.json#test_torchinductor.py::test_scalar_input,GPUTests,通过,通过,状态不变,"{""passed"": 1}",无,原测试全部选中实例的 setup/call/teardown 通过；覆盖范围沿用未变更的测试源码。,,,Python 标量 5400 作为整除除数。,完成,batch-11-results.json#test_torchinductor.py::test_scalar_input,../npu-inductor-213-batches-20261008/batch-11-source-evidence.json#test_torchinductor.py::test_scalar_input,2026-10-08
199,11,test_torchinductor.py,test_scalar_output,验证动态 embedding 函数同时返回 Tensor 和符号 shape 标量。,基础正确性或边界回归：建议保留；按原输入、dtype、形状和断言验证 NPU，不能仅根据当前失败/跳过删除。,../npu-inductor-213-batches-20261008/batch-11-source-evidence.json#test_torchinductor.py::test_scalar_output,GPUTests,通过,通过,状态不变,"{""passed"": 1}",无,原测试全部选中实例的 setup/call/teardown 通过；覆盖范围沿用未变更的测试源码。,,,动态 shape 的 embedding，返回 Tensor 与符号维度值。,完成,batch-11-results.json#test_torchinductor.py::test_scalar_output,../npu-inductor-213-batches-20261008/batch-11-source-evidence.json#test_torchinductor.py::test_scalar_output,2026-10-08
200,11,test_torchinductor.py,test_shape_prop_torch_ones,验证函数内创建 ones 与 attention_scores 广播相加时的 shape propagation。,基础正确性或边界回归：建议保留；按原输入、dtype、形状和断言验证 NPU，不能仅根据当前失败/跳过删除。,../npu-inductor-213-batches-20261008/batch-11-source-evidence.json#test_torchinductor.py::test_shape_prop_torch_ones,GPUTests,通过,通过,状态不变,"{""passed"": 1}",无,原测试全部选中实例的 setup/call/teardown 通过；覆盖范围沿用未变更的测试源码。,,,attention_scores 与函数内创建的 ones 广播相加。,完成,batch-11-results.json#test_torchinductor.py::test_shape_prop_torch_ones,../npu-inductor-213-batches-20261008/batch-11-source-evidence.json#test_torchinductor.py::test_shape_prop_torch_ones,2026-10-08
201,11,test_torchinductor.py,test_conv_bn_fuse,验证 freezing 下 1D/2D/3D Conv+BN 的组合和数值正确性，覆盖 bias/dilation/groups 变化。,Conv/BN 优化回归：NPU 支持相关推理优化时建议适配并保留；按原精度目标配置 HF32，不放宽容差代替修复。,../npu-inductor-213-batches-20261008/batch-11-source-evidence.json#test_torchinductor.py::test_conv_bn_fuse,GPUTests,跳过,跳过,状态不变,"{""skipped"": 1}",setup slowTest 装饰器,本轮异常签名/跳过原因及实例结果与基线一致：未启用 PYTORCH_TEST_WITH_SLOW；源码函数体还会在 self.device==GPU_TYPE 时跳过。,为 NPU 建立融合正确性与是否融合的独立检查；仅启用 slow 标记仍会遇到 CPU-only 条件。,否；测试局部调用已有 torch_npu.npu.aclnn.flags，无需改 runtime/CANN；未修复开启 HF32 时的算子误差,无 NPU conv-bn 执行证据。,完成,batch-11-results.json#test_torchinductor.py::test_conv_bn_fuse,../npu-inductor-213-batches-20261008/batch-11-source-evidence.json#test_torchinductor.py::test_conv_bn_fuse,2026-10-08
202,11,test_torchinductor.py,test_conv_functional_bn_fuse,验证 Conv 与 functional BatchNorm 组合的编译数值，覆盖 BN 模块的 functional 实现。,Conv/BN 优化回归：NPU 支持相关推理优化时建议适配并保留；按原精度目标配置 HF32，不放宽容差代替修复。,../npu-inductor-213-batches-20261008/batch-11-source-evidence.json#test_torchinductor.py::test_conv_functional_bn_fuse,GPUTests,跳过,跳过,状态不变,"{""skipped"": 1}",call 主动跳过,本轮异常签名/跳过原因及实例结果与基线一致：函数体检测 self.device==GPU_TYPE 后主动 SkipTest；functional BN 融合 组合没有执行。,单独适配 NPU 融合/组合测试并保留数值与代码证据。,否；仅测试中的 NPU 条件适配,仅确认装饰/函数条件，不判断 NPU 能力。,完成,batch-11-results.json#test_torchinductor.py::test_conv_functional_bn_fuse,../npu-inductor-213-batches-20261008/batch-11-source-evidence.json#test_torchinductor.py::test_conv_functional_bn_fuse,2026-10-08
203,11,test_torchinductor.py,test_conv_inference_heuristics,验证卷积推理布局启发式：分组卷积避免不必要转换，普通卷积按策略进行 channels-last 转换。,卷积布局策略专项：NPU 启用相应策略时保留等价检查；channels-last 转换顺序不必照搬 CUDA 代码字符串。,../npu-inductor-213-batches-20261008/batch-11-source-evidence.json#test_torchinductor.py::test_conv_inference_heuristics,GPUTests,失败,失败,状态不变,"{""failed"": 1}",生成代码 FileCheck,本轮异常签名/跳过原因及实例结果与基线一致：分组 Conv2d 编译执行后，代码文本找不到原测试要求的 .convolution(。,采集 NPU wrapper 调用与布局转换，按真实算子/布局检查等价意图。,未定；若需公共 channels_last 则涉及 eager/布局实现,第一段分组卷积代码检查失败；后续普通卷积及 channels-last 检查未运行。,完成,batch-11-results.json#test_torchinductor.py::test_conv_inference_heuristics,../npu-inductor-213-batches-20261008/batch-11-source-evidence.json#test_torchinductor.py::test_conv_inference_heuristics; ../npu-inductor-213-batches-20261008/runtime-source-evidence.json#torch_npu/_inductor/lowering_fallback_list.py::convolution_entries,2026-10-08
204,11,test_torchinductor.py,test_upsample_cat_conv,验证 nearest upsample、按通道 cat 和 1×1 Conv 的组合模型。,常见模型组合正确性：建议保留并适配 NPU 条件，CPU-only skip 本身不说明 NPU 不需要该覆盖。,../npu-inductor-213-batches-20261008/batch-11-source-evidence.json#test_torchinductor.py::test_upsample_cat_conv,GPUTests,跳过,跳过,状态不变,"{""skipped"": 1}",call 主动跳过,本轮异常签名/跳过原因及实例结果与基线一致：函数体检测 self.device==GPU_TYPE 后主动 SkipTest；upsample/cat/conv 组合没有执行。,单独适配 NPU 融合/组合测试并保留数值与代码证据。,否,仅确认装饰/函数条件，不判断 NPU 能力。,完成,batch-11-results.json#test_torchinductor.py::test_upsample_cat_conv,../npu-inductor-213-batches-20261008/batch-11-source-evidence.json#test_torchinductor.py::test_upsample_cat_conv,2026-10-08
205,11,test_torchinductor.py,test_aliased_buffer_reuse,验证 cat、逐元素、MM、slice 组合的别名缓冲区复用不会破坏结果；原断言不直接证明复用策略被选中。,基础正确性或边界回归：建议保留；按原输入、dtype、形状和断言验证 NPU，不能仅根据当前失败/跳过删除。,../npu-inductor-213-batches-20261008/batch-11-source-evidence.json#test_torchinductor.py::test_aliased_buffer_reuse,GPUTests,通过,通过,状态不变,"{""passed"": 1}",无,原测试全部选中实例的 setup/call/teardown 通过；覆盖范围沿用未变更的测试源码。,,,cat、加法、mm 与切片复用组合；前向结果断言本身不证明特定 buffer 复用策略被选择。,完成,batch-11-results.json#test_torchinductor.py::test_aliased_buffer_reuse,../npu-inductor-213-batches-20261008/batch-11-source-evidence.json#test_torchinductor.py::test_aliased_buffer_reuse,2026-10-08
206,11,test_torchinductor.py,test_slice_view_with_graph_break,验证数据依赖 graph break 前后的原地修改仍正确反映到共享存储的 view。,基础正确性或边界回归：建议保留；按原输入、dtype、形状和断言验证 NPU，不能仅根据当前失败/跳过删除。,../npu-inductor-213-batches-20261008/batch-11-source-evidence.json#test_torchinductor.py::test_slice_view_with_graph_break,GPUTests,通过,通过,状态不变,"{""passed"": 1}",无,原测试全部选中实例的 setup/call/teardown 通过；覆盖范围沿用未变更的测试源码。,,,数据依赖分支前后的原地修改及别名视图；允许 graph break。,完成,batch-11-results.json#test_torchinductor.py::test_slice_view_with_graph_break,../npu-inductor-213-batches-20261008/batch-11-source-evidence.json#test_torchinductor.py::test_slice_view_with_graph_break,2026-10-08
207,11,test_torchinductor.py,test_view_detach,验证 requires_grad 输入经 view.detach 后的前向返回语义；未显式验证 backward。,基础正确性或边界回归：建议保留；按原输入、dtype、形状和断言验证 NPU，不能仅根据当前失败/跳过删除。,../npu-inductor-213-batches-20261008/batch-11-source-evidence.json#test_torchinductor.py::test_view_detach,GPUTests,通过,通过,状态不变,"{""passed"": 1}",无,原测试全部选中实例的 setup/call/teardown 通过；覆盖范围沿用未变更的测试源码。,,,带 requires_grad 输入的 view.detach 前向输出，默认没有调用 backward 验证梯度。,完成,batch-11-results.json#test_torchinductor.py::test_view_detach,../npu-inductor-213-batches-20261008/batch-11-source-evidence.json#test_torchinductor.py::test_view_detach,2026-10-08
208,11,test_torchinductor.py,test_gather1,验证 expand 广播输入在正/负 dim 下 gather 的索引和值。,基础正确性或边界回归：建议保留；按原输入、dtype、形状和断言验证 NPU，不能仅根据当前失败/跳过删除。,../npu-inductor-213-batches-20261008/batch-11-source-evidence.json#test_torchinductor.py::test_gather1,GPUTests,通过,通过,状态不变,"{""passed"": 1}",无,原测试全部选中实例的 setup/call/teardown 通过；覆盖范围沿用未变更的测试源码。,,,广播输入及正负 dim 的 gather。,完成,batch-11-results.json#test_torchinductor.py::test_gather1,../npu-inductor-213-batches-20261008/batch-11-source-evidence.json#test_torchinductor.py::test_gather1,2026-10-08
209,11,test_torchinductor.py,test_gather3,验证 requires_grad 输入的 sparse_grad=True gather 可以编译并保持前向数值；AOT 会构造反向图。,sparse_grad 能力项：承诺稀疏梯度 gather 时必测；只验证前向不足以证明完整 backward。,../npu-inductor-213-batches-20261008/batch-11-source-evidence.json#test_torchinductor.py::test_gather3,GPUTests,失败,失败,状态不变,"{""failed"": 1}",AOTAutograd 联合图 Meta 推导,本轮异常签名/跳过原因及实例结果与基线一致：gather sparse_grad=True 触发 NPU npu_gather_backward__meta 的 Meta 函数，构造 sparse_coo_tensor 后在 _to_copy→prims.device_put→Tensor.to 间递归至 RecursionError。,避免 Meta 构造触发真实 CPU 迁移；检查 sparse_coo Meta 注册及 device_put 的 decomposition 重入，补带 sparse_grad 的 AOT 回归。,是：torch_npu 的 Meta 模块也在 _inductor 之外，可能涉及社区分解,eager 前向通过，联合图构造失败；原 common 默认不显式执行 backward，但 AOT 仍会推导它。,完成,batch-11-results.json#test_torchinductor.py::test_gather3,../npu-inductor-213-batches-20261008/batch-11-source-evidence.json#test_torchinductor.py::test_gather3; ../npu-inductor-213-batches-20261008/runtime-source-evidence.json#torch_npu/op_plugin/meta/_meta_registrations.py::npu_gather_backward__meta; ../npu-inductor-213-batches-20261008/runtime-source-evidence.json#torch/_decomp/decompositions.py::_to_copy; ../npu-inductor-213-batches-20261008/runtime-source-evidence.json#torch/_prims/__init__.py::_device_put_aten,2026-10-08
210,11,test_torchinductor.py,test_device_assert,验证两种输入 shape 下 reshape+sum+trunc+gather 的有效索引路径；没有主动制造越界断言。,基础正确性或边界回归：建议保留；按原输入、dtype、形状和断言验证 NPU，不能仅根据当前失败/跳过删除。,../npu-inductor-213-batches-20261008/batch-11-source-evidence.json#test_torchinductor.py::test_device_assert,GPUTests,失败,失败,状态不变,"{""failed"": 1}",compiled wrapper 执行 CANN fallback,本轮异常签名/跳过原因及实例结果与基线一致：compiled 函数在 aten.trunc.default 调用中进入 aclnnTrunc，拒绝 DT_DOUBLE。,补保留 fp64 行为的 trunc 或对应 lowering，并复测 x 长度 30/36。,否；完整 fp64 修复涉及算子/Triton 编译器,Python 先求值 compiled 参数时失败，eager 参数与第二种 shape 尚未执行。,完成,batch-11-results.json#test_torchinductor.py::test_device_assert,../npu-inductor-213-batches-20261008/batch-11-source-evidence.json#test_torchinductor.py::test_device_assert; ../npu-inductor-213-batches-20261008/runtime-source-evidence.json#torch/testing/_internal/common_dtype.py::highest_precision_float,2026-10-08
211,11,test_torchinductor.py,test_slice1,验证正负 slice 边界、超界截断和后续加法。,基础正确性或边界回归：建议保留；按原输入、dtype、形状和断言验证 NPU，不能仅根据当前失败/跳过删除。,../npu-inductor-213-batches-20261008/batch-11-source-evidence.json#test_torchinductor.py::test_slice1,GPUTests,通过,通过,状态不变,"{""passed"": 1}",无,原测试全部选中实例的 setup/call/teardown 通过；覆盖范围沿用未变更的测试源码。,,,正负切片索引、越界截断及相加。,完成,batch-11-results.json#test_torchinductor.py::test_slice1,../npu-inductor-213-batches-20261008/batch-11-source-evidence.json#test_torchinductor.py::test_slice1,2026-10-08
212,11,test_torchinductor.py,test_slice2,验证 stride=2、负索引及不同 slice 结果相加。,基础正确性或边界回归：建议保留；按原输入、dtype、形状和断言验证 NPU，不能仅根据当前失败/跳过删除。,../npu-inductor-213-batches-20261008/batch-11-source-evidence.json#test_torchinductor.py::test_slice2,GPUTests,通过,通过,状态不变,"{""passed"": 1}",无,原测试全部选中实例的 setup/call/teardown 通过；覆盖范围沿用未变更的测试源码。,,,stride=2、负索引和不同切片相加。,完成,batch-11-results.json#test_torchinductor.py::test_slice2,../npu-inductor-213-batches-20261008/batch-11-source-evidence.json#test_torchinductor.py::test_slice2,2026-10-08
213,11,test_torchinductor.py,test_slice3,验证大四维 Tensor 上 aten.slice 的负终点边界。,基础正确性或边界回归：建议保留；按原输入、dtype、形状和断言验证 NPU，不能仅根据当前失败/跳过删除。,../npu-inductor-213-batches-20261008/batch-11-source-evidence.json#test_torchinductor.py::test_slice3,GPUTests,通过,通过,状态不变,"{""passed"": 1}",无,原测试全部选中实例的 setup/call/teardown 通过；覆盖范围沿用未变更的测试源码。,,,负终点的 aten.slice；大四维输入。,完成,batch-11-results.json#test_torchinductor.py::test_slice3,../npu-inductor-213-batches-20261008/batch-11-source-evidence.json#test_torchinductor.py::test_slice3,2026-10-08
214,11,test_torchinductor.py,test_slice4,验证 start/end 超界或逆序时 slice 正确返回空结果。,基础正确性或边界回归：建议保留；按原输入、dtype、形状和断言验证 NPU，不能仅根据当前失败/跳过删除。,../npu-inductor-213-batches-20261008/batch-11-source-evidence.json#test_torchinductor.py::test_slice4,GPUTests,通过,通过,状态不变,"{""passed"": 1}",无,原测试全部选中实例的 setup/call/teardown 通过；覆盖范围沿用未变更的测试源码。,,,start/end 越界和逆序边界导致的空切片。,完成,batch-11-results.json#test_torchinductor.py::test_slice4,../npu-inductor-213-batches-20261008/batch-11-source-evidence.json#test_torchinductor.py::test_slice4,2026-10-08
215,11,test_torchinductor.py,test_split_with_list,验证按不同长度列表 split 后，各块形状和逐块运算正确。,基础正确性或边界回归：建议保留；按原输入、dtype、形状和断言验证 NPU，不能仅根据当前失败/跳过删除。,../npu-inductor-213-batches-20261008/batch-11-source-evidence.json#test_torchinductor.py::test_split_with_list,GPUTests,通过,通过,状态不变,"{""passed"": 1}",无,原测试全部选中实例的 setup/call/teardown 通过；覆盖范围沿用未变更的测试源码。,,,"[3,3,4]、[4,3,3]、[1,2,3,4] 三组分割长度及逐块计算。",完成,batch-11-results.json#test_torchinductor.py::test_split_with_list,../npu-inductor-213-batches-20261008/batch-11-source-evidence.json#test_torchinductor.py::test_split_with_list,2026-10-08
216,11,test_torchinductor.py,test_split_overload_packet_lowering,验证手工 FX 图中 aten.split overload packet 能被正确 lowering。,基础正确性或边界回归：建议保留；按原输入、dtype、形状和断言验证 NPU，不能仅根据当前失败/跳过删除。,../npu-inductor-213-batches-20261008/batch-11-source-evidence.json#test_torchinductor.py::test_split_overload_packet_lowering,GPUTests,通过,通过,状态不变,"{""passed"": 1}",无,原测试全部选中实例的 setup/call/teardown 通过；覆盖范围沿用未变更的测试源码。,,,手工 FX 图调用 aten.split overload packet 的 lowering。,完成,batch-11-results.json#test_torchinductor.py::test_split_overload_packet_lowering,../npu-inductor-213-batches-20261008/batch-11-source-evidence.json#test_torchinductor.py::test_split_overload_packet_lowering,2026-10-08
217,11,test_torchinductor.py,test_unsafe_split_empty_tensor_zero_size,验证空 Tensor 的 unsafe_split 在 split_size=0/2 下保持 eager 语义。,基础正确性或边界回归：建议保留；按原输入、dtype、形状和断言验证 NPU，不能仅根据当前失败/跳过删除。,../npu-inductor-213-batches-20261008/batch-11-source-evidence.json#test_torchinductor.py::test_unsafe_split_empty_tensor_zero_size,GPUTests,通过,通过,状态不变,"{""passed"": 1}",无,原测试全部选中实例的 setup/call/teardown 通过；覆盖范围沿用未变更的测试源码。,,,空 Tensor，split_size=0/2，每次重置 Dynamo 后比较原语义。,完成,batch-11-results.json#test_torchinductor.py::test_unsafe_split_empty_tensor_zero_size,../npu-inductor-213-batches-20261008/batch-11-source-evidence.json#test_torchinductor.py::test_unsafe_split_empty_tensor_zero_size,2026-10-08
218,12,test_torchinductor.py,test_split_empty_dim,验证中间维度为空时 split/unsafe_split 对 split_size=0/2 的结果。,基础正确性或边界回归：建议保留；按原输入、dtype、形状和断言验证 NPU，不能仅根据当前失败/跳过删除。,../npu-inductor-213-batches-20261008/batch-12-source-evidence.json#test_torchinductor.py::test_split_empty_dim,GPUTests,通过,通过,状态不变,"{""passed"": 1}",无,原测试全部选中实例的 setup/call/teardown 通过；覆盖范围沿用未变更的测试源码。,,,中间维度为空的 split/unsafe_split，split_size=0/2。,完成,batch-12-results.json#test_torchinductor.py::test_split_empty_dim,../npu-inductor-213-batches-20261008/batch-12-source-evidence.json#test_torchinductor.py::test_split_empty_dim,2026-10-08
219,12,test_torchinductor.py,test_split_size_greater_than_dim,验证 split_size 大于目标维度长度时 split/unsafe_split 的退化行为。,基础正确性或边界回归：建议保留；按原输入、dtype、形状和断言验证 NPU，不能仅根据当前失败/跳过删除。,../npu-inductor-213-batches-20261008/batch-12-source-evidence.json#test_torchinductor.py::test_split_size_greater_than_dim,GPUTests,通过,通过,状态不变,"{""passed"": 1}",无,原测试全部选中实例的 setup/call/teardown 通过；覆盖范围沿用未变更的测试源码。,,,split_size 大于维度长度的 split/unsafe_split。,完成,batch-12-results.json#test_torchinductor.py::test_split_size_greater_than_dim,../npu-inductor-213-batches-20261008/batch-12-source-evidence.json#test_torchinductor.py::test_split_size_greater_than_dim,2026-10-08
220,12,test_torchinductor.py,test_split,验证末维长度 10 按大小 3 split 的尾块及 split 前算术操作。,基础正确性或边界回归：建议保留；按原输入、dtype、形状和断言验证 NPU，不能仅根据当前失败/跳过删除。,../npu-inductor-213-batches-20261008/batch-12-source-evidence.json#test_torchinductor.py::test_split,GPUTests,通过,通过,状态不变,"{""passed"": 1}",无,原测试全部选中实例的 setup/call/teardown 通过；覆盖范围沿用未变更的测试源码。,,,末维长度 10 按大小 3 分割，含分割前相加。,完成,batch-12-results.json#test_torchinductor.py::test_split,../npu-inductor-213-batches-20261008/batch-12-source-evidence.json#test_torchinductor.py::test_split,2026-10-08
221,12,test_torchinductor.py,test_unsafe_chunk_empty_tensor,验证空 Tensor 的 unsafe_chunk 分块数量和形状，覆盖 CPU 与 NPU common 路径。,基础正确性或边界回归：建议保留；按原输入、dtype、形状和断言验证 NPU，不能仅根据当前失败/跳过删除。,../npu-inductor-213-batches-20261008/batch-12-source-evidence.json#test_torchinductor.py::test_unsafe_chunk_empty_tensor,GPUTests,通过,通过,状态不变,"{""passed"": 1}",无,原测试全部选中实例的 setup/call/teardown 通过；覆盖范围沿用未变更的测试源码。,,,空 Tensor 的 chunk 数和 shape，并经 NPU common 检查；最前部直接 torch.zeros(0) 还覆盖 CPU 路径。,完成,batch-12-results.json#test_torchinductor.py::test_unsafe_chunk_empty_tensor,../npu-inductor-213-batches-20261008/batch-12-source-evidence.json#test_torchinductor.py::test_unsafe_chunk_empty_tensor,2026-10-08
222,12,test_torchinductor.py,test_low_memory_max_pool,验证低内存 max-pool 2D/3D 的值、索引及 offset，覆盖 dilation 和 block-pointer 开关。,pooling 优化专项：保留数值和索引契约；block-pointer/低内存策略按 NPU 实现能力覆盖。,../npu-inductor-213-batches-20261008/batch-12-source-evidence.json#test_torchinductor.py::test_low_memory_max_pool,GPUTests,通过,通过,状态不变,"{""passed"": 8}",无,原测试全部选中实例的 setup/call/teardown 通过；覆盖范围沿用未变更的测试源码。,,,2D/3D、dilation=1/2、use_block_ptr=False/True 共 8 个参数实例的值、索引和 offset。,完成,batch-12-results.json#test_torchinductor.py::test_low_memory_max_pool,../npu-inductor-213-batches-20261008/batch-12-source-evidence.json#test_torchinductor.py::test_low_memory_max_pool,2026-10-08
223,12,test_torchinductor.py,test_max_unpool_empty_output,验证 MaxUnpool1d/2d/3d 因输出尺寸计算得到空维度时的边界行为。,基础正确性或边界回归：建议保留；按原输入、dtype、形状和断言验证 NPU，不能仅根据当前失败/跳过删除。,../npu-inductor-213-batches-20261008/batch-12-source-evidence.json#test_torchinductor.py::test_max_unpool_empty_output,GPUTests,失败,失败,状态不变,"{""failed"": 1}",eager MaxUnpool1d 参考结果,本轮异常签名/跳过原因及实例结果与基线一致：首个 1D 用例经 max_unpool2d 实现进入 aclnnMaxUnpool2d；outputSize 含 0 被参数校验拒绝。,在 NPU 适配层遵循 PyTorch 形状/参数契约，为合法空输出创建正确 Tensor 并避免调用要求正维度的 CANN kernel；补齐 1D/2D/3D 边界。,是：eager 算子/Meta，可能涉及 op-plugin/CANN,第一组 eager 参考结果失败，compiled 及后续 2D/3D 子用例未运行。,完成,batch-12-results.json#test_torchinductor.py::test_max_unpool_empty_output,../npu-inductor-213-batches-20261008/batch-12-source-evidence.json#test_torchinductor.py::test_max_unpool_empty_output,2026-10-08
224,12,test_torchinductor.py,test_to_dtype,验证 _to_copy/to 在 float32、float64 和 bool 间的 dtype 转换与数值语义。,dtype 能力项：按声明的 fp64 支持范围验收；不支持时需要明确能力/错误契约，不能换 float32 后称原用例已修复。,../npu-inductor-213-batches-20261008/batch-12-source-evidence.json#test_torchinductor.py::test_to_dtype,GPUTests,失败,失败,状态不变,"{""failed"": 1}",Triton/Ascend MLIR 编译,仍在 float64 的 b+1 kernel 编译失败；IR 含 f64 memref，hivm.hir.load 验证不接受 f64，与基线的类型支持缺口一致。编译命令临时路径和外层异常包装不同，不构成新归因。,补齐 double load/计算/转换或精度保持实现；改成 float32 会改变原测试目标，不能记为原用例修复。,需要 triton-ascend 编译器类型支持，超出测试与 torch_npu._inductor 的简单适配范围。,未完成该方法全部输出的 dtype、数值和设备断言。,完成,batch-12-results.json#test_torchinductor.py::test_to_dtype,../npu-inductor-213-batches-20261008/batch-12-source-evidence.json#test_torchinductor.py::test_to_dtype,2026-10-08
225,12,test_torchinductor.py,test_to_device,验证 _to_copy 的设备迁移和显式 dtype/layout；当前 NPU 实例主要覆盖 NPU→CPU。,基础正确性或边界回归：建议保留；按原输入、dtype、形状和断言验证 NPU，不能仅根据当前失败/跳过删除。,../npu-inductor-213-batches-20261008/batch-12-source-evidence.json#test_torchinductor.py::test_to_device,GPUTests,通过,通过,状态不变,"{""passed"": 1}",无,原测试全部选中实例的 setup/call/teardown 通过；覆盖范围沿用未变更的测试源码。,,,NPU common 先将输入搬到 NPU，本实例主要检查 NPU→CPU 的 _to_copy。,完成,batch-12-results.json#test_torchinductor.py::test_to_device,../npu-inductor-213-batches-20261008/batch-12-source-evidence.json#test_torchinductor.py::test_to_device,2026-10-08
226,12,test_torchinductor.py,test_to_memory_format,验证 contiguous 与 channels_last 双向转换的公开 stride、布局和结果契约。,公开布局契约：支持 channels_last 时应保留 stride/数值检查，私有 NPU format 不能自动替代该目标。,../npu-inductor-213-batches-20261008/batch-12-source-evidence.json#test_torchinductor.py::test_to_memory_format,GPUTests,失败,失败,状态不变,"{""failed"": 1}",eager Tensor.to(memory_format),本轮异常签名/跳过原因及实例结果与基线一致：首次转 torch.channels_last 时抛出 Only contiguous_format or preserve_format is supported，尚未进入 compiled 对比。,支持 channels_last 的分配/拷贝及 stride 语义，统一 eager/Meta/Inductor；同时检查与 NPU 私有格式转换的关系。,是：eager/runtime/Meta，不限于 Inductor,第一次 contiguous→channels_last 失败；反向转换与编译路径未执行。,完成,batch-12-results.json#test_torchinductor.py::test_to_memory_format,../npu-inductor-213-batches-20261008/batch-12-source-evidence.json#test_torchinductor.py::test_to_memory_format,2026-10-08
227,12,test_torchinductor.py,test_to_device_constant,验证在另一设备创建的 arange/list Tensor 常量可迁移回输入设备并参与运算。,基础正确性或边界回归：建议保留；按原输入、dtype、形状和断言验证 NPU，不能仅根据当前失败/跳过删除。,../npu-inductor-213-batches-20261008/batch-12-source-evidence.json#test_torchinductor.py::test_to_device_constant,GPUTests,通过,失败,回归,"{""failed"": 1}",生成模块导入/编译 worker 的 Triton 驱动选择,本组失败实例出现：PR 已使 CudaDriver.is_active() 为 False，但 PyTorch _is_backend_active 又用 torch.cuda.is_available() 兜底；迁移别名返回 True，仍构造 CudaDriver 并因缺少 libcuda.so 失败。,transfer_to_npu 还需覆盖当前 PyTorch helper 的兜底判定，并在编译 worker 中生效；保持实际 NPU driver。PR 原样方案不足。,可在 torch_npu/contrib/transfer_to_npu.py 适配；涉及当前 torch/_inductor/runtime/triton_helpers.py 的接口契约，超出测试/torch_npu._inductor 范围。,首错前的子步骤可能已执行；未完成原用例全部数值或代码断言。原有更深层问题可能被本次首错遮挡。,完成,batch-12-results.json#test_torchinductor.py::test_to_device_constant,../npu-inductor-213-batches-20261008/batch-12-source-evidence.json#test_torchinductor.py::test_to_device_constant,2026-10-08
228,12,test_torchinductor.py,test_to_copy_fp64_to_no_fp64_device,验证目标不支持 fp64 时先在 CPU 转 float32 再迁移，生成 kernel 不包含 fp64 指针。,无 fp64 设备的重要兼容回归：建议保留，避免在设备上分配不支持的 fp64 缓冲区；可补数值断言。,../npu-inductor-213-batches-20261008/batch-12-source-evidence.json#test_torchinductor.py::test_to_copy_fp64_to_no_fp64_device,GPUTests,通过,通过,状态不变,"{""passed"": 1}",无,原测试全部选中实例的 setup/call/teardown 通过；覆盖范围沿用未变更的测试源码。,,,mock 目标不支持 fp64，检查生成代码无 *fp64 指针；原方法没有数值 assert_close。,完成,batch-12-results.json#test_torchinductor.py::test_to_copy_fp64_to_no_fp64_device,../npu-inductor-213-batches-20261008/batch-12-source-evidence.json#test_torchinductor.py::test_to_copy_fp64_to_no_fp64_device,2026-10-08
229,12,test_torchinductor.py,test_multi_device,验证编译图中 CPU/加速器多次往返和跨设备算术顺序。,基础正确性或边界回归：建议保留；按原输入、dtype、形状和断言验证 NPU，不能仅根据当前失败/跳过删除。,../npu-inductor-213-batches-20261008/batch-12-source-evidence.json#test_torchinductor.py::test_multi_device,GPUTests,通过,通过,状态不变,"{""passed"": 1}",无,原测试全部选中实例的 setup/call/teardown 通过；覆盖范围沿用未变更的测试源码。,,,CPU/NPU 多次往返及逐步加法。,完成,batch-12-results.json#test_torchinductor.py::test_multi_device,../npu-inductor-213-batches-20261008/batch-12-source-evidence.json#test_torchinductor.py::test_multi_device,2026-10-08
230,12,test_torchinductor.py,test_multi_gpu_device,验证从默认第 0 张卡计算后复制到第 1 张卡并继续计算；需真正跨卡验证。,多卡支持时必测：必须使用真实不同设备索引；单卡或默认已为目标卡的运行不能替代跨卡/guard 验证。,../npu-inductor-213-batches-20261008/batch-12-source-evidence.json#test_torchinductor.py::test_multi_gpu_device,GPUTests,失败,失败,状态不变,"{""failed"": 1}",eager 参考结果的 NPU:0→NPU:1 复制，尚未进入编译,本轮异常签名/跳过原因及实例结果与基线一致：默认 NPU:0 的独立原用例在 Tensor.to(npu:1) 启用 peer access 时，aclrtDeviceEnablePeerAccess 返回 207001/OutOfMemoryError。初轮默认 NPU:1 的通过仅为同卡路径。关闭 transfer 包装且不使用 torch.compile 的 4 元素复制也复现同错。,检查此卡对的 peer-access 资源和驱动/CANN 诊断；环境问题恢复后先验证 eager 0→1 复制，再复测原编译用例。若定位到运行时管理错误，再修复对应层；不得把目标改为源卡绕过跨卡断言。,是：NPU runtime C++、CANN/驱动或环境,有效结果采用默认 NPU:0、全部 8 卡可见的原测试；eager 复制失败，compiled 结果和跨卡后的乘法未验证。初轮默认 NPU:1 的通过另保留，不能作为跨卡通过。,完成,batch-12-results.json#test_torchinductor.py::test_multi_gpu_device,../npu-inductor-213-batches-20261008/batch-12-source-evidence.json#test_torchinductor.py::test_multi_gpu_device; ../npu-inductor-213-batches-20261008/runtime-source-evidence.json#torch_npu/csrc/core/npu/NPUPeerToPeerAccess.cpp::enable_peer_access; ../npu-inductor-213-batches-20261008/runtime-source-evidence.json#supplemental::p2p_probe.py,2026-10-08
231,12,test_torchinductor.py,test_multi_gpu_recompile_on_index,验证输入设备索引从 0 变为 1 时触发 device-index guard 及重新编译，而非错误复用旧图。,多卡支持时必测：必须使用真实不同设备索引；单卡或默认已为目标卡的运行不能替代跨卡/guard 验证。,../npu-inductor-213-batches-20261008/batch-12-source-evidence.json#test_torchinductor.py::test_multi_gpu_recompile_on_index,GPUTests,通过,通过,状态不变,"{""passed"": 1}",无,原测试全部选中实例的 setup/call/teardown 通过；覆盖范围沿用未变更的测试源码。,,,从 NPU:0 到 NPU:1 的输入导致 device-index guard 失败及重编译；原方法不比较矩阵输出数值。,完成,batch-12-results.json#test_torchinductor.py::test_multi_gpu_recompile_on_index,../npu-inductor-213-batches-20261008/batch-12-source-evidence.json#test_torchinductor.py::test_multi_gpu_recompile_on_index,2026-10-08
232,12,test_torchinductor.py,test_unbind,验证默认和末维 unbind 的返回块及数值。,基础正确性或边界回归：建议保留；按原输入、dtype、形状和断言验证 NPU，不能仅根据当前失败/跳过删除。,../npu-inductor-213-batches-20261008/batch-12-source-evidence.json#test_torchinductor.py::test_unbind,GPUTests,通过,通过,状态不变,"{""passed"": 1}",无,原测试全部选中实例的 setup/call/teardown 通过；覆盖范围沿用未变更的测试源码。,,,默认 dim 与末维的 unbind。,完成,batch-12-results.json#test_torchinductor.py::test_unbind,../npu-inductor-213-batches-20261008/batch-12-source-evidence.json#test_torchinductor.py::test_unbind,2026-10-08
233,12,test_torchinductor.py,test_conv1d_with_permute,验证输入 permute 后的 Conv1d 组合计算。,基础正确性或边界回归：建议保留；按原输入、dtype、形状和断言验证 NPU，不能仅根据当前失败/跳过删除。,../npu-inductor-213-batches-20261008/batch-12-source-evidence.json#test_torchinductor.py::test_conv1d_with_permute,GPUTests,通过,通过,状态不变,"{""passed"": 1}",无,原测试全部选中实例的 setup/call/teardown 通过；覆盖范围沿用未变更的测试源码。,,,"[32,100,1] 输入 permute 后 Conv1d；关闭低精度复测。",完成,batch-12-results.json#test_torchinductor.py::test_conv1d_with_permute,../npu-inductor-213-batches-20261008/batch-12-source-evidence.json#test_torchinductor.py::test_conv1d_with_permute,2026-10-08
234,12,test_torchinductor.py,test_conv1d_depthwise,验证 groups=768 的 depthwise Conv1d 处理非连续 stride 输入。,基础正确性或边界回归：建议保留；按原输入、dtype、形状和断言验证 NPU，不能仅根据当前失败/跳过删除。,../npu-inductor-213-batches-20261008/batch-12-source-evidence.json#test_torchinductor.py::test_conv1d_depthwise,GPUTests,通过,通过,状态不变,"{""passed"": 1}",无,原测试全部选中实例的 setup/call/teardown 通过；覆盖范围沿用未变更的测试源码。,,,groups=768 的 Conv1d 与非连续 stride 输入；关闭低精度复测。,完成,batch-12-results.json#test_torchinductor.py::test_conv1d_depthwise,../npu-inductor-213-batches-20261008/batch-12-source-evidence.json#test_torchinductor.py::test_conv1d_depthwise,2026-10-08
235,12,test_torchinductor.py,test_convolution1,验证 Conv2d+ReLU 的编译数值正确性。,基础正确性或边界回归：建议保留；按原输入、dtype、形状和断言验证 NPU，不能仅根据当前失败/跳过删除。,../npu-inductor-213-batches-20261008/batch-12-source-evidence.json#test_torchinductor.py::test_convolution1,GPUTests,通过,通过,状态不变,"{""passed"": 1}",无,原测试全部选中实例的 setup/call/teardown 通过；覆盖范围沿用未变更的测试源码。,,,Conv2d+ReLU；采用原测试 atol=6e-5、rtol=0.001。,完成,batch-12-results.json#test_torchinductor.py::test_convolution1,../npu-inductor-213-batches-20261008/batch-12-source-evidence.json#test_torchinductor.py::test_convolution1,2026-10-08
236,12,test_torchinductor.py,test_convolution2,验证 stride=4 的转置 1D convolution 编译正确性。,基础正确性或边界回归：建议保留；按原输入、dtype、形状和断言验证 NPU，不能仅根据当前失败/跳过删除。,../npu-inductor-213-batches-20261008/batch-12-source-evidence.json#test_torchinductor.py::test_convolution2,GPUTests,通过,通过,状态不变,"{""passed"": 1}",无,原测试全部选中实例的 setup/call/teardown 通过；覆盖范围沿用未变更的测试源码。,,,stride=4 的转置 1D convolution；关闭低精度复测。,完成,batch-12-results.json#test_torchinductor.py::test_convolution2,../npu-inductor-213-batches-20261008/batch-12-source-evidence.json#test_torchinductor.py::test_convolution2,2026-10-08
237,12,test_torchinductor.py,test_convolution3,验证 Conv2d 的 stride/padding/dilation 单元素列表参数及 ReLU 组合。,基础正确性或边界回归：建议保留；按原输入、dtype、形状和断言验证 NPU，不能仅根据当前失败/跳过删除。,../npu-inductor-213-batches-20261008/batch-12-source-evidence.json#test_torchinductor.py::test_convolution3,GPUTests,通过,通过,状态不变,"{""passed"": 1}",无,原测试全部选中实例的 setup/call/teardown 通过；覆盖范围沿用未变更的测试源码。,,,stride/padding/dilation 使用单元素列表的 Conv2d+ReLU。,完成,batch-12-results.json#test_torchinductor.py::test_convolution3,../npu-inductor-213-batches-20261008/batch-12-source-evidence.json#test_torchinductor.py::test_convolution3,2026-10-08
238,13,test_torchinductor.py,test_convolution4,验证 depthwise Conv2d 后 sum 的组合结果。,基础正确性或边界回归：建议保留；按原输入、dtype、形状和断言验证 NPU，不能仅根据当前失败/跳过删除。,../npu-inductor-213-batches-20261008/batch-13-source-evidence.json#test_torchinductor.py::test_convolution4,GPUTests,通过,通过,状态不变,"{""passed"": 1}",无,原测试全部选中实例的 setup/call/teardown 通过；覆盖范围沿用未变更的测试源码。,,,depthwise Conv2d 后 sum。,完成,batch-13-results.json#test_torchinductor.py::test_convolution4,../npu-inductor-213-batches-20261008/batch-13-source-evidence.json#test_torchinductor.py::test_convolution4,2026-10-08
239,13,test_torchinductor.py,test_convolution5,验证 convolution 的 dilation 来自输入 batch size 时，动态标注及特化仍保持语义。,基础正确性或边界回归：建议保留；按原输入、dtype、形状和断言验证 NPU，不能仅根据当前失败/跳过删除。,../npu-inductor-213-batches-20261008/batch-13-source-evidence.json#test_torchinductor.py::test_convolution5,GPUTests,通过,通过,状态不变,"{""passed"": 1}",无,原测试全部选中实例的 setup/call/teardown 通过；覆盖范围沿用未变更的测试源码。,,,dilation 由输入 batch size 决定，maybe_mark_dynamic 允许该维度特化。,完成,batch-13-results.json#test_torchinductor.py::test_convolution5,../npu-inductor-213-batches-20261008/batch-13-source-evidence.json#test_torchinductor.py::test_convolution5,2026-10-08
240,14,test_unbacked_symints.py,test_equivalent_backed_unbacked,验证 cat 建立 backed/unbacked 维度等价关系后，BMM autotune 和 size hint 处理正确。,基础正确性或边界回归：建议保留；按原输入、dtype、形状和断言验证 NPU，不能仅根据当前失败/跳过删除。,../npu-inductor-213-batches-20261008/batch-14-source-evidence.json#test_unbacked_symints.py::test_equivalent_backed_unbacked,TestUnbackedSymintsNPU,失败,通过,转为通过,"{""passed"": 1}",无,原 benchmark 设备重复计数阻塞消失；cat 统一 backed/unbacked 维度后的 BMM fullgraph 编译与 eager 数值比较通过。,保留符号维度等价关系回归。,本轮 PR 的 transfer_to_npu 默认 benchmark 设备适配已解除阻塞。,原 float32 输入、动态 backed 维度和标量为7的 unbacked 维度；未显式检查梯度或多种标量值。,完成,batch-14-results.json#test_unbacked_symints.py::test_equivalent_backed_unbacked,../npu-inductor-213-batches-20261008/batch-14-source-evidence.json#test_unbacked_symints.py::test_equivalent_backed_unbacked; ../npu-inductor-213-batches-20261008/runtime-source-evidence.json#torch/_inductor/runtime/benchmarking.py::_get_default_gpu_device_type,2026-10-08
241,14,test_unbacked_symints.py,test_unbacked_linear_layer_norm_input,验证 masked_select 产生的数据依赖长度经 view 后可输入 Linear 和 LayerNorm。,基础正确性或边界回归：建议保留；按原输入、dtype、形状和断言验证 NPU，不能仅根据当前失败/跳过删除。,../npu-inductor-213-batches-20261008/batch-14-source-evidence.json#test_unbacked_symints.py::test_unbacked_linear_layer_norm_input,TestUnbackedSymintsNPU,失败,通过,转为通过,"{""passed"": 1}",无,原 benchmark 设备重复计数阻塞消失；masked_select 产生数据依赖维度后，Linear 和两个 LayerNorm 输出均通过 fullgraph/eager 比较。,保留数据依赖维度与多输出数值回归。,本轮 PR 的 transfer_to_npu 默认 benchmark 设备适配已解除阻塞。,原 float32 输入和一次随机 mask，三个前向输出；未显式执行 backward。,完成,batch-14-results.json#test_unbacked_symints.py::test_unbacked_linear_layer_norm_input,../npu-inductor-213-batches-20261008/batch-14-source-evidence.json#test_unbacked_symints.py::test_unbacked_linear_layer_norm_input; ../npu-inductor-213-batches-20261008/runtime-source-evidence.json#torch/_inductor/runtime/benchmarking.py::_get_default_gpu_device_type,2026-10-08
242,14,test_unbacked_symints.py,test_triton_kernel_with_unbacked_symint_fallback,验证 benchmark_kernel 开启时，含 unbacked SymInt 的 index_select 正确处理 SizeArg fallback。,kernel benchmark 与 unbacked shape 同时启用时必测；只测普通前向不能覆盖 SizeArg fallback。,../npu-inductor-213-batches-20261008/batch-14-source-evidence.json#test_unbacked_symints.py::test_triton_kernel_with_unbacked_symint_fallback,TestUnbackedSymintsNPU,失败,失败,状态不变,"{""failed"": 1}",Dynamo 捕获 Tensor 构造器,本轮异常签名/跳过原因及实例结果与基线一致：torch.tensor 构造时要求把 nonzero 长度表达式 u0-5 特化为具体整数，触发 GuardOnDataDependentSymNode。,在保留 CUDA→NPU 参数迁移功能的前提下，正确识别构造器和包装器身份并保留 unbacked 值的运行时物化语义。,是：torch_npu/contrib 在 _inductor 之外；可能涉及 Dynamo,在构造索引 Tensor 时失败；尚未进入 benchmark_kernel/SizeArg fallback 检查。 直接使用 __wrapped__ 别名仍被 Dynamo 标为 skipped，不能当作修复。,完成,batch-14-results.json#test_unbacked_symints.py::test_triton_kernel_with_unbacked_symint_fallback,../npu-inductor-213-batches-20261008/batch-14-source-evidence.json#test_unbacked_symints.py::test_triton_kernel_with_unbacked_symint_fallback; ../npu-inductor-213-batches-20261008/runtime-source-evidence.json#supplemental::symint_ctor_probe.py; ../npu-inductor-213-batches-20261008/runtime-source-evidence.json#supplemental::ctor_binding_probe.py,2026-10-08
243,14,test_torchinductor_dynamic_shapes.py,test_constant_fold_uniform_value_dynamic,验证动态/静态两模式下 uniform 常量折叠消除加零、乘一等 kernel，并适用于两种 shape。,常量折叠优化回归：建议保留数值及零 kernel 意图；应允许无需生成代码的合法实现。,../npu-inductor-213-batches-20261008/batch-14-source-evidence.json#test_torchinductor_dynamic_shapes.py::test_constant_fold_uniform_value_dynamic,TestInductorDynamicPRIVATEUSE1,失败,失败,状态不变,"{""failed"": 1}",测试 FileCheck 取代码列表,本轮异常签名/跳过原因及实例结果与基线一致：source_codes=[]，原测试直接访问 source_codes[0] 触发 IndexError。,无生成代码时仍执行原数值和不同 shape 断言；有代码时保留无 triton.jit 的检查。,否,原用例第一个 FileCheck 就失败，其后数值断言未运行；单独探针 6 组均验证了 x/y 数值，原状态仍为失败。,完成,batch-14-results.json#test_torchinductor_dynamic_shapes.py::test_constant_fold_uniform_value_dynamic,../npu-inductor-213-batches-20261008/batch-14-source-evidence.json#test_torchinductor_dynamic_shapes.py::test_constant_fold_uniform_value_dynamic; ../npu-inductor-213-batches-20261008/runtime-source-evidence.json#supplemental::noop_probe.py,2026-10-08
244,14,test_torchinductor_dynamic_shapes.py,test_sym_sum_unbacked,验证 Tensor.tolist 产生的 unbacked 标量序列可经 Python sum 后构造 Tensor，fullgraph 结果正确。,基础正确性或边界回归：建议保留；按原输入、dtype、形状和断言验证 NPU，不能仅根据当前失败/跳过删除。,../npu-inductor-213-batches-20261008/batch-14-source-evidence.json#test_torchinductor_dynamic_shapes.py::test_sym_sum_unbacked,TestInductorDynamicPRIVATEUSE1,失败,失败,状态不变,"{""failed"": 1}",Dynamo 捕获 Tensor 构造器,本轮异常签名/跳过原因及实例结果与基线一致：torch.tensor 构造时要求把 100 个 tolist 标量的求和表达式 特化为具体整数，触发 GuardOnDataDependentSymNode。,在保留 CUDA→NPU 参数迁移功能的前提下，正确识别构造器和包装器身份并保留 unbacked 值的运行时物化语义。,是：torch_npu/contrib 在 _inductor 之外；可能涉及 Dynamo,原方法在 torch.tensor(y) 处失败，未进入 Inductor kernel 生成。 直接使用 __wrapped__ 别名仍被 Dynamo 标为 skipped，不能当作修复。,完成,batch-14-results.json#test_torchinductor_dynamic_shapes.py::test_sym_sum_unbacked,../npu-inductor-213-batches-20261008/batch-14-source-evidence.json#test_torchinductor_dynamic_shapes.py::test_sym_sum_unbacked; ../npu-inductor-213-batches-20261008/runtime-source-evidence.json#supplemental::symint_ctor_probe.py; ../npu-inductor-213-batches-20261008/runtime-source-evidence.json#supplemental::ctor_binding_probe.py,2026-10-08
245,14,test_torchinductor_dynamic_shapes.py,test_float_item_return,验证 fullgraph 捕获 float Tensor.item 并返回 Python 标量；原测试仅检查可执行，临时适配补充值为 3.0 的断言。,标量捕获基础能力：建议保留并补返回值断言；FBCODE 条件不是 NPU 能力判据。,../npu-inductor-213-batches-20261008/batch-14-source-evidence.json#test_torchinductor_dynamic_shapes.py::test_float_item_return,TestInductorDynamicPRIVATEUSE1,跳过,跳过,状态不变,"{""skipped"": 1}",call 装饰器跳过,本轮异常签名/跳过原因及实例结果与基线一致：原用例由 skipUnless(IS_FBCODE) 限制；当前环境不是 FBCODE。,若要验证该功能，建立无 FBCODE 依赖的等价测试并保留 scalar capture 条件。,否；若暴露捕获缺口则后续可能涉及 Dynamo/Inductor,没有执行 item 编译函数；额外 CUDA 实例也同样跳过。,完成,batch-14-results.json#test_torchinductor_dynamic_shapes.py::test_float_item_return,../npu-inductor-213-batches-20261008/batch-14-source-evidence.json#test_torchinductor_dynamic_shapes.py::test_float_item_return,2026-10-08
246,14,test_torchinductor_dynamic_shapes.py,test_magic_method_lowerings_with_symbolic_scalars,验证符号标量的取模、整除、位移、比较、min/max、pow/log2 和浮点常量运算的 lowering。,基础正确性或边界回归：建议保留；按原输入、dtype、形状和断言验证 NPU，不能仅根据当前失败/跳过删除。,../npu-inductor-213-batches-20261008/batch-14-source-evidence.json#test_torchinductor_dynamic_shapes.py::test_magic_method_lowerings_with_symbolic_scalars,TestInductorDynamicPRIVATEUSE1,失败,失败,状态不变,"{""failed"": 1}",生成模块导入/编译 worker 的 Triton 驱动选择,本组失败实例出现：PR 已使 CudaDriver.is_active() 为 False，但 PyTorch _is_backend_active 又用 torch.cuda.is_available() 兜底；迁移别名返回 True，仍构造 CudaDriver 并因缺少 libcuda.so 失败。,transfer_to_npu 还需覆盖当前 PyTorch helper 的兜底判定，并在编译 worker 中生效；保持实际 NPU driver。PR 原样方案不足。,可在 torch_npu/contrib/transfer_to_npu.py 适配；涉及当前 torch/_inductor/runtime/triton_helpers.py 的接口契约，超出测试/torch_npu._inductor 范围。,首错前的子步骤可能已执行；未完成原用例全部数值或代码断言。原有更深层问题可能被本次首错遮挡。,完成,batch-14-results.json#test_torchinductor_dynamic_shapes.py::test_magic_method_lowerings_with_symbolic_scalars,../npu-inductor-213-batches-20261008/batch-14-source-evidence.json#test_torchinductor_dynamic_shapes.py::test_magic_method_lowerings_with_symbolic_scalars; ../npu-inductor-213-batches-20261008/runtime-source-evidence.json#triton/language/extra/cann/libdevice.py::pow,2026-10-08
247,14,test_torchinductor_dynamic_shapes.py,test_mark_unbacked_slice,验证带特殊 stride 且 mark_unbacked 的输入可在 reduce-overhead/fullgraph 模式下执行 sum；原测试无数值断言。,reduce-overhead 与 unbacked 输入兼容性：支持该组合时保留；建议增加明确数值检查，原测试只是执行冒烟。,../npu-inductor-213-batches-20261008/batch-14-source-evidence.json#test_torchinductor_dynamic_shapes.py::test_mark_unbacked_slice,TestInductorDynamicPRIVATEUSE1,失败,失败,状态不变,"{""failed"": 1}",生成模块导入/编译 worker 的 Triton 驱动选择,本组失败实例出现：PR 已使 CudaDriver.is_active() 为 False，但 PyTorch _is_backend_active 又用 torch.cuda.is_available() 兜底；迁移别名返回 True，仍构造 CudaDriver 并因缺少 libcuda.so 失败。,transfer_to_npu 还需覆盖当前 PyTorch helper 的兜底判定，并在编译 worker 中生效；保持实际 NPU driver。PR 原样方案不足。,可在 torch_npu/contrib/transfer_to_npu.py 适配；涉及当前 torch/_inductor/runtime/triton_helpers.py 的接口契约，超出测试/torch_npu._inductor 范围。,首错前的子步骤可能已执行；未完成原用例全部数值或代码断言。原有更深层问题可能被本次首错遮挡。,完成,batch-14-results.json#test_torchinductor_dynamic_shapes.py::test_mark_unbacked_slice,../npu-inductor-213-batches-20261008/batch-14-source-evidence.json#test_torchinductor_dynamic_shapes.py::test_mark_unbacked_slice; ../npu-inductor-213-batches-20261008/runtime-source-evidence.json#torch/_inductor/cudagraph_utils.py::check_caching_allocator_for_cudagraphs,2026-10-08
