序号,文件,原始用例名,结果,节点数,PASS,FAIL,ERROR,SKIP,XFAIL,XPASS,耗时秒,退出码,卡号,说明,环境变量,命令,实际节点,原始日志
1,test_static_triton_launcher.py,test_basic,SKIP,1,0,0,0,1,0,0,15.15,0,0,"test_basic: ('/home/l30023782/PTA_213/Community-Use-Case-Testing/v2.13.0/pytorch/test/inductor/test_static_triton_launcher.py', 172, 'Skipped: requires gpu and triton')",TORCH_TRANSFER_TO_NPU=1 TORCH_NPU_DEVICE_CAPABILITY=8.0 TORCHINDUCTOR_COMPILE_THREADS=2 OMP_NUM_THREADS=2 TORCHINDUCTOR_CACHE_DIR=/home/l30023782/PTA_213/recheck_20261010/isolated/cache/case-001 TORCHNPU_PRECOMPILE_THREADS=2 ASCEND_RT_VISIBLE_DEVICES=0,/home/l30023782/miniforge3/envs/pta_213_case/bin/python -m pytest -vs -p isolated_plugin --junitxml=/home/l30023782/PTA_213/recheck_20261010/isolated/results/case-001.xml test_static_triton_launcher.py::TestStaticTritonLauncher::test_basic,test/inductor/test_static_triton_launcher.py::TestStaticTritonLauncher::test_basic,/home/l30023782/PTA_213/recheck_20261010/isolated/results/case-001.log
2,test_static_triton_launcher.py,test_unsigned_integers,SKIP,1,0,0,0,1,0,0,15.199,0,1,"test_unsigned_integers: ('/home/l30023782/PTA_213/Community-Use-Case-Testing/v2.13.0/pytorch/test/inductor/test_static_triton_launcher.py', 204, 'Skipped: requires gpu and triton')",TORCH_TRANSFER_TO_NPU=1 TORCH_NPU_DEVICE_CAPABILITY=8.0 TORCHINDUCTOR_COMPILE_THREADS=2 OMP_NUM_THREADS=2 TORCHINDUCTOR_CACHE_DIR=/home/l30023782/PTA_213/recheck_20261010/isolated/cache/case-002 TORCHNPU_PRECOMPILE_THREADS=2 ASCEND_RT_VISIBLE_DEVICES=1,/home/l30023782/miniforge3/envs/pta_213_case/bin/python -m pytest -vs -p isolated_plugin --junitxml=/home/l30023782/PTA_213/recheck_20261010/isolated/results/case-002.xml test_static_triton_launcher.py::TestStaticTritonLauncher::test_unsigned_integers,test/inductor/test_static_triton_launcher.py::TestStaticTritonLauncher::test_unsigned_integers,/home/l30023782/PTA_213/recheck_20261010/isolated/results/case-002.log
3,test_static_triton_launcher.py,test_signed_integers,SKIP,1,0,0,0,1,0,0,15.95,0,2,"test_signed_integers: ('/home/l30023782/PTA_213/Community-Use-Case-Testing/v2.13.0/pytorch/test/inductor/test_static_triton_launcher.py', 227, 'Skipped: requires gpu and triton')",TORCH_TRANSFER_TO_NPU=1 TORCH_NPU_DEVICE_CAPABILITY=8.0 TORCHINDUCTOR_COMPILE_THREADS=2 OMP_NUM_THREADS=2 TORCHINDUCTOR_CACHE_DIR=/home/l30023782/PTA_213/recheck_20261010/isolated/cache/case-003 TORCHNPU_PRECOMPILE_THREADS=2 ASCEND_RT_VISIBLE_DEVICES=2,/home/l30023782/miniforge3/envs/pta_213_case/bin/python -m pytest -vs -p isolated_plugin --junitxml=/home/l30023782/PTA_213/recheck_20261010/isolated/results/case-003.xml test_static_triton_launcher.py::TestStaticTritonLauncher::test_signed_integers,test/inductor/test_static_triton_launcher.py::TestStaticTritonLauncher::test_signed_integers,/home/l30023782/PTA_213/recheck_20261010/isolated/results/case-003.log
4,test_static_triton_launcher.py,test_basic_1arg,SKIP,1,0,0,0,1,0,0,13.385,0,0,"test_basic_1arg: ('/home/l30023782/PTA_213/Community-Use-Case-Testing/v2.13.0/pytorch/test/inductor/test_static_triton_launcher.py', 250, 'Skipped: requires gpu and triton')",TORCH_TRANSFER_TO_NPU=1 TORCH_NPU_DEVICE_CAPABILITY=8.0 TORCHINDUCTOR_COMPILE_THREADS=2 OMP_NUM_THREADS=2 TORCHINDUCTOR_CACHE_DIR=/home/l30023782/PTA_213/recheck_20261010/isolated/cache/case-004 TORCHNPU_PRECOMPILE_THREADS=2 ASCEND_RT_VISIBLE_DEVICES=0,/home/l30023782/miniforge3/envs/pta_213_case/bin/python -m pytest -vs -p isolated_plugin --junitxml=/home/l30023782/PTA_213/recheck_20261010/isolated/results/case-004.xml test_static_triton_launcher.py::TestStaticTritonLauncher::test_basic_1arg,test/inductor/test_static_triton_launcher.py::TestStaticTritonLauncher::test_basic_1arg,/home/l30023782/PTA_213/recheck_20261010/isolated/results/case-004.log
5,test_static_triton_launcher.py,test_constexpr,SKIP,1,0,0,0,1,0,0,13.485,0,1,"test_constexpr: ('/home/l30023782/PTA_213/Community-Use-Case-Testing/v2.13.0/pytorch/test/inductor/test_static_triton_launcher.py', 274, 'Skipped: requires gpu and triton')",TORCH_TRANSFER_TO_NPU=1 TORCH_NPU_DEVICE_CAPABILITY=8.0 TORCHINDUCTOR_COMPILE_THREADS=2 OMP_NUM_THREADS=2 TORCHINDUCTOR_CACHE_DIR=/home/l30023782/PTA_213/recheck_20261010/isolated/cache/case-005 TORCHNPU_PRECOMPILE_THREADS=2 ASCEND_RT_VISIBLE_DEVICES=1,/home/l30023782/miniforge3/envs/pta_213_case/bin/python -m pytest -vs -p isolated_plugin --junitxml=/home/l30023782/PTA_213/recheck_20261010/isolated/results/case-005.xml test_static_triton_launcher.py::TestStaticTritonLauncher::test_constexpr,test/inductor/test_static_triton_launcher.py::TestStaticTritonLauncher::test_constexpr,/home/l30023782/PTA_213/recheck_20261010/isolated/results/case-005.log
6,test_static_triton_launcher.py,test_implied_constant,SKIP,1,0,0,0,1,0,0,13.334,0,2,"test_implied_constant: ('/home/l30023782/PTA_213/Community-Use-Case-Testing/v2.13.0/pytorch/test/inductor/test_static_triton_launcher.py', 302, 'Skipped: requires gpu and triton')",TORCH_TRANSFER_TO_NPU=1 TORCH_NPU_DEVICE_CAPABILITY=8.0 TORCHINDUCTOR_COMPILE_THREADS=2 OMP_NUM_THREADS=2 TORCHINDUCTOR_CACHE_DIR=/home/l30023782/PTA_213/recheck_20261010/isolated/cache/case-006 TORCHNPU_PRECOMPILE_THREADS=2 ASCEND_RT_VISIBLE_DEVICES=2,/home/l30023782/miniforge3/envs/pta_213_case/bin/python -m pytest -vs -p isolated_plugin --junitxml=/home/l30023782/PTA_213/recheck_20261010/isolated/results/case-006.xml test_static_triton_launcher.py::TestStaticTritonLauncher::test_implied_constant,test/inductor/test_static_triton_launcher.py::TestStaticTritonLauncher::test_implied_constant,/home/l30023782/PTA_213/recheck_20261010/isolated/results/case-006.log
7,test_static_triton_launcher.py,test_kernel_no_args,SKIP,1,0,0,0,1,0,0,13.157,0,0,"test_kernel_no_args: ('/home/l30023782/PTA_213/Community-Use-Case-Testing/v2.13.0/pytorch/test/inductor/test_static_triton_launcher.py', 354, 'Skipped: requires gpu and triton')",TORCH_TRANSFER_TO_NPU=1 TORCH_NPU_DEVICE_CAPABILITY=8.0 TORCHINDUCTOR_COMPILE_THREADS=2 OMP_NUM_THREADS=2 TORCHINDUCTOR_CACHE_DIR=/home/l30023782/PTA_213/recheck_20261010/isolated/cache/case-007 TORCHNPU_PRECOMPILE_THREADS=2 ASCEND_RT_VISIBLE_DEVICES=0,/home/l30023782/miniforge3/envs/pta_213_case/bin/python -m pytest -vs -p isolated_plugin --junitxml=/home/l30023782/PTA_213/recheck_20261010/isolated/results/case-007.xml test_static_triton_launcher.py::TestStaticTritonLauncher::test_kernel_no_args,test/inductor/test_static_triton_launcher.py::TestStaticTritonLauncher::test_kernel_no_args,/home/l30023782/PTA_213/recheck_20261010/isolated/results/case-007.log
8,test_static_triton_launcher.py,test_high_shared_mem,SKIP,1,0,0,0,1,0,0,13.207,0,1,"test_high_shared_mem: ('/home/l30023782/PTA_213/Community-Use-Case-Testing/v2.13.0/pytorch/test/inductor/test_static_triton_launcher.py', 366, 'Skipped: requires gpu and triton')",TORCH_TRANSFER_TO_NPU=1 TORCH_NPU_DEVICE_CAPABILITY=8.0 TORCHINDUCTOR_COMPILE_THREADS=2 OMP_NUM_THREADS=2 TORCHINDUCTOR_CACHE_DIR=/home/l30023782/PTA_213/recheck_20261010/isolated/cache/case-008 TORCHNPU_PRECOMPILE_THREADS=2 ASCEND_RT_VISIBLE_DEVICES=1,/home/l30023782/miniforge3/envs/pta_213_case/bin/python -m pytest -vs -p isolated_plugin --junitxml=/home/l30023782/PTA_213/recheck_20261010/isolated/results/case-008.xml test_static_triton_launcher.py::TestStaticTritonLauncher::test_high_shared_mem,test/inductor/test_static_triton_launcher.py::TestStaticTritonLauncher::test_high_shared_mem,/home/l30023782/PTA_213/recheck_20261010/isolated/results/case-008.log
9,test_static_triton_launcher.py,test_too_high_shared_mem,SKIP,1,0,0,0,1,0,0,13.286,0,2,"test_too_high_shared_mem: ('/home/l30023782/PTA_213/Community-Use-Case-Testing/v2.13.0/pytorch/test/inductor/test_static_triton_launcher.py', 389, 'Skipped: requires gpu and triton')",TORCH_TRANSFER_TO_NPU=1 TORCH_NPU_DEVICE_CAPABILITY=8.0 TORCHINDUCTOR_COMPILE_THREADS=2 OMP_NUM_THREADS=2 TORCHINDUCTOR_CACHE_DIR=/home/l30023782/PTA_213/recheck_20261010/isolated/cache/case-009 TORCHNPU_PRECOMPILE_THREADS=2 ASCEND_RT_VISIBLE_DEVICES=2,/home/l30023782/miniforge3/envs/pta_213_case/bin/python -m pytest -vs -p isolated_plugin --junitxml=/home/l30023782/PTA_213/recheck_20261010/isolated/results/case-009.xml test_static_triton_launcher.py::TestStaticTritonLauncher::test_too_high_shared_mem,test/inductor/test_static_triton_launcher.py::TestStaticTritonLauncher::test_too_high_shared_mem,/home/l30023782/PTA_213/recheck_20261010/isolated/results/case-009.log
10,test_static_triton_launcher.py,test_kernel_empty_tensor,SKIP,1,0,0,0,1,0,0,13.11,0,0,"test_kernel_empty_tensor: ('/home/l30023782/PTA_213/Community-Use-Case-Testing/v2.13.0/pytorch/test/inductor/test_static_triton_launcher.py', 409, 'Skipped: requires gpu and triton')",TORCH_TRANSFER_TO_NPU=1 TORCH_NPU_DEVICE_CAPABILITY=8.0 TORCHINDUCTOR_COMPILE_THREADS=2 OMP_NUM_THREADS=2 TORCHINDUCTOR_CACHE_DIR=/home/l30023782/PTA_213/recheck_20261010/isolated/cache/case-010 TORCHNPU_PRECOMPILE_THREADS=2 ASCEND_RT_VISIBLE_DEVICES=0,/home/l30023782/miniforge3/envs/pta_213_case/bin/python -m pytest -vs -p isolated_plugin --junitxml=/home/l30023782/PTA_213/recheck_20261010/isolated/results/case-010.xml test_static_triton_launcher.py::TestStaticTritonLauncher::test_kernel_empty_tensor,test/inductor/test_static_triton_launcher.py::TestStaticTritonLauncher::test_kernel_empty_tensor,/home/l30023782/PTA_213/recheck_20261010/isolated/results/case-010.log
11,test_static_triton_launcher.py,test_kernel_many_args,SKIP,1,0,0,0,1,0,0,13.26,0,1,"test_kernel_many_args: ('/home/l30023782/PTA_213/Community-Use-Case-Testing/v2.13.0/pytorch/test/inductor/test_static_triton_launcher.py', 469, 'Skipped: requires gpu and triton')",TORCH_TRANSFER_TO_NPU=1 TORCH_NPU_DEVICE_CAPABILITY=8.0 TORCHINDUCTOR_COMPILE_THREADS=2 OMP_NUM_THREADS=2 TORCHINDUCTOR_CACHE_DIR=/home/l30023782/PTA_213/recheck_20261010/isolated/cache/case-011 TORCHNPU_PRECOMPILE_THREADS=2 ASCEND_RT_VISIBLE_DEVICES=1,/home/l30023782/miniforge3/envs/pta_213_case/bin/python -m pytest -vs -p isolated_plugin --junitxml=/home/l30023782/PTA_213/recheck_20261010/isolated/results/case-011.xml test_static_triton_launcher.py::TestStaticTritonLauncher::test_kernel_many_args,test/inductor/test_static_triton_launcher.py::TestStaticTritonLauncher::test_kernel_many_args,/home/l30023782/PTA_213/recheck_20261010/isolated/results/case-011.log
12,test_static_triton_launcher.py,test_launcher_keeps_module_owner_alive_until_release,SKIP,1,0,0,0,1,0,0,13.633,0,2,"test_launcher_keeps_module_owner_alive_until_release: ('/home/l30023782/PTA_213/Community-Use-Case-Testing/v2.13.0/pytorch/test/inductor/test_static_triton_launcher.py', 499, 'Skipped: requires gpu and triton')",TORCH_TRANSFER_TO_NPU=1 TORCH_NPU_DEVICE_CAPABILITY=8.0 TORCHINDUCTOR_COMPILE_THREADS=2 OMP_NUM_THREADS=2 TORCHINDUCTOR_CACHE_DIR=/home/l30023782/PTA_213/recheck_20261010/isolated/cache/case-012 TORCHNPU_PRECOMPILE_THREADS=2 ASCEND_RT_VISIBLE_DEVICES=2,/home/l30023782/miniforge3/envs/pta_213_case/bin/python -m pytest -vs -p isolated_plugin --junitxml=/home/l30023782/PTA_213/recheck_20261010/isolated/results/case-012.xml test_static_triton_launcher.py::TestStaticTritonLauncher::test_launcher_keeps_module_owner_alive_until_release,test/inductor/test_static_triton_launcher.py::TestStaticTritonLauncher::test_launcher_keeps_module_owner_alive_until_release,/home/l30023782/PTA_213/recheck_20261010/isolated/results/case-012.log
13,test_static_triton_launcher.py,test_basic_compile,SKIP,1,0,0,0,1,0,0,14.26,0,0,"test_basic_compile: ('/home/l30023782/PTA_213/Community-Use-Case-Testing/v2.13.0/pytorch/test/inductor/test_static_triton_launcher.py', 559, 'Skipped: requires gpu and triton')",TORCH_TRANSFER_TO_NPU=1 TORCH_NPU_DEVICE_CAPABILITY=8.0 TORCHINDUCTOR_COMPILE_THREADS=2 OMP_NUM_THREADS=2 TORCHINDUCTOR_CACHE_DIR=/home/l30023782/PTA_213/recheck_20261010/isolated/cache/case-013 TORCHNPU_PRECOMPILE_THREADS=2 ASCEND_RT_VISIBLE_DEVICES=0,/home/l30023782/miniforge3/envs/pta_213_case/bin/python -m pytest -vs -p isolated_plugin --junitxml=/home/l30023782/PTA_213/recheck_20261010/isolated/results/case-013.xml test_static_triton_launcher.py::TestStaticTritonCompileResult::test_basic_compile,test/inductor/test_static_triton_launcher.py::TestStaticTritonCompileResult::test_basic_compile,/home/l30023782/PTA_213/recheck_20261010/isolated/results/case-013.log
14,test_static_triton_launcher.py,test_incompatible_code,SKIP,1,0,0,0,1,0,0,13.232,0,1,"test_incompatible_code: ('/home/l30023782/PTA_213/Community-Use-Case-Testing/v2.13.0/pytorch/test/inductor/test_static_triton_launcher.py', 569, 'Skipped: requires gpu and triton')",TORCH_TRANSFER_TO_NPU=1 TORCH_NPU_DEVICE_CAPABILITY=8.0 TORCHINDUCTOR_COMPILE_THREADS=2 OMP_NUM_THREADS=2 TORCHINDUCTOR_CACHE_DIR=/home/l30023782/PTA_213/recheck_20261010/isolated/cache/case-014 TORCHNPU_PRECOMPILE_THREADS=2 ASCEND_RT_VISIBLE_DEVICES=1,/home/l30023782/miniforge3/envs/pta_213_case/bin/python -m pytest -vs -p isolated_plugin --junitxml=/home/l30023782/PTA_213/recheck_20261010/isolated/results/case-014.xml test_static_triton_launcher.py::TestStaticTritonCompileResult::test_incompatible_code,test/inductor/test_static_triton_launcher.py::TestStaticTritonCompileResult::test_incompatible_code,/home/l30023782/PTA_213/recheck_20261010/isolated/results/case-014.log
15,test_static_triton_launcher.py,test_static_launch_user_defined_triton_kernels,SKIP,1,0,0,0,1,0,0,13.258,0,2,"test_static_launch_user_defined_triton_kernels: ('/home/l30023782/PTA_213/Community-Use-Case-Testing/v2.13.0/pytorch/test/inductor/test_static_triton_launcher.py', 591, 'Skipped: requires gpu and triton')",TORCH_TRANSFER_TO_NPU=1 TORCH_NPU_DEVICE_CAPABILITY=8.0 TORCHINDUCTOR_COMPILE_THREADS=2 OMP_NUM_THREADS=2 TORCHINDUCTOR_CACHE_DIR=/home/l30023782/PTA_213/recheck_20261010/isolated/cache/case-015 TORCHNPU_PRECOMPILE_THREADS=2 ASCEND_RT_VISIBLE_DEVICES=2,/home/l30023782/miniforge3/envs/pta_213_case/bin/python -m pytest -vs -p isolated_plugin --junitxml=/home/l30023782/PTA_213/recheck_20261010/isolated/results/case-015.xml test_static_triton_launcher.py::TestStaticTritonCompileResult::test_static_launch_user_defined_triton_kernels,test/inductor/test_static_triton_launcher.py::TestStaticTritonCompileResult::test_static_launch_user_defined_triton_kernels,/home/l30023782/PTA_213/recheck_20261010/isolated/results/case-015.log
16,test_static_triton_launcher.py,test_empty_tensor,SKIP,1,0,0,0,1,0,0,14.486,0,1,"test_empty_tensor: ('/home/l30023782/PTA_213/Community-Use-Case-Testing/v2.13.0/pytorch/test/inductor/test_static_triton_launcher.py', 611, 'Skipped: requires gpu and triton')",TORCH_TRANSFER_TO_NPU=1 TORCH_NPU_DEVICE_CAPABILITY=8.0 TORCHINDUCTOR_COMPILE_THREADS=2 OMP_NUM_THREADS=2 TORCHINDUCTOR_CACHE_DIR=/home/l30023782/PTA_213/recheck_20261010/isolated/cache/case-016 TORCHNPU_PRECOMPILE_THREADS=2 ASCEND_RT_VISIBLE_DEVICES=1,/home/l30023782/miniforge3/envs/pta_213_case/bin/python -m pytest -vs -p isolated_plugin --junitxml=/home/l30023782/PTA_213/recheck_20261010/isolated/results/case-016.xml test_static_triton_launcher.py::TestStaticTritonCompileResult::test_empty_tensor,test/inductor/test_static_triton_launcher.py::TestStaticTritonCompileResult::test_empty_tensor,/home/l30023782/PTA_213/recheck_20261010/isolated/results/case-016.log
17,test_static_triton_launcher.py,test_any,SKIP,1,0,0,0,1,0,0,14.235,0,0,"test_any: ('/home/l30023782/PTA_213/Community-Use-Case-Testing/v2.13.0/pytorch/test/inductor/test_static_triton_launcher.py', 622, 'Skipped: requires gpu and triton')",TORCH_TRANSFER_TO_NPU=1 TORCH_NPU_DEVICE_CAPABILITY=8.0 TORCHINDUCTOR_COMPILE_THREADS=2 OMP_NUM_THREADS=2 TORCHINDUCTOR_CACHE_DIR=/home/l30023782/PTA_213/recheck_20261010/isolated/cache/case-017 TORCHNPU_PRECOMPILE_THREADS=2 ASCEND_RT_VISIBLE_DEVICES=0,/home/l30023782/miniforge3/envs/pta_213_case/bin/python -m pytest -vs -p isolated_plugin --junitxml=/home/l30023782/PTA_213/recheck_20261010/isolated/results/case-017.xml test_static_triton_launcher.py::TestStaticTritonCompileResult::test_any,test/inductor/test_static_triton_launcher.py::TestStaticTritonCompileResult::test_any,/home/l30023782/PTA_213/recheck_20261010/isolated/results/case-017.log
18,test_static_triton_launcher.py,test_disable_static_triton_launcher,SKIP,1,0,0,0,1,0,0,13.108,0,2,"test_disable_static_triton_launcher: ('/home/l30023782/PTA_213/Community-Use-Case-Testing/v2.13.0/pytorch/test/inductor/test_static_triton_launcher.py', 641, 'Skipped: requires gpu and triton')",TORCH_TRANSFER_TO_NPU=1 TORCH_NPU_DEVICE_CAPABILITY=8.0 TORCHINDUCTOR_COMPILE_THREADS=2 OMP_NUM_THREADS=2 TORCHINDUCTOR_CACHE_DIR=/home/l30023782/PTA_213/recheck_20261010/isolated/cache/case-018 TORCHNPU_PRECOMPILE_THREADS=2 ASCEND_RT_VISIBLE_DEVICES=2,/home/l30023782/miniforge3/envs/pta_213_case/bin/python -m pytest -vs -p isolated_plugin --junitxml=/home/l30023782/PTA_213/recheck_20261010/isolated/results/case-018.xml test_static_triton_launcher.py::TestStaticTritonCompileResult::test_disable_static_triton_launcher,test/inductor/test_static_triton_launcher.py::TestStaticTritonCompileResult::test_disable_static_triton_launcher,/home/l30023782/PTA_213/recheck_20261010/isolated/results/case-018.log
19,test_static_triton_launcher.py,test_basic,SKIP,1,0,0,0,1,0,0,13.334,0,2,"test_basic: ('/home/l30023782/PTA_213/Community-Use-Case-Testing/v2.13.0/pytorch/test/inductor/test_static_triton_launcher.py', 715, 'Skipped: requires gpu and triton')",TORCH_TRANSFER_TO_NPU=1 TORCH_NPU_DEVICE_CAPABILITY=8.0 TORCHINDUCTOR_COMPILE_THREADS=2 OMP_NUM_THREADS=2 TORCHINDUCTOR_CACHE_DIR=/home/l30023782/PTA_213/recheck_20261010/isolated/cache/case-019 TORCHNPU_PRECOMPILE_THREADS=2 ASCEND_RT_VISIBLE_DEVICES=2,/home/l30023782/miniforge3/envs/pta_213_case/bin/python -m pytest -vs -p isolated_plugin --junitxml=/home/l30023782/PTA_213/recheck_20261010/isolated/results/case-019.xml test_static_triton_launcher.py::TestFastCudaLauncher::test_basic,test/inductor/test_static_triton_launcher.py::TestFastCudaLauncher::test_basic,/home/l30023782/PTA_213/recheck_20261010/isolated/results/case-019.log
20,test_static_triton_launcher.py,test_multiple_tensor_args,SKIP,1,0,0,0,1,0,0,14.162,0,1,"test_multiple_tensor_args: ('/home/l30023782/PTA_213/Community-Use-Case-Testing/v2.13.0/pytorch/test/inductor/test_static_triton_launcher.py', 735, 'Skipped: requires gpu and triton')",TORCH_TRANSFER_TO_NPU=1 TORCH_NPU_DEVICE_CAPABILITY=8.0 TORCHINDUCTOR_COMPILE_THREADS=2 OMP_NUM_THREADS=2 TORCHINDUCTOR_CACHE_DIR=/home/l30023782/PTA_213/recheck_20261010/isolated/cache/case-020 TORCHNPU_PRECOMPILE_THREADS=2 ASCEND_RT_VISIBLE_DEVICES=1,/home/l30023782/miniforge3/envs/pta_213_case/bin/python -m pytest -vs -p isolated_plugin --junitxml=/home/l30023782/PTA_213/recheck_20261010/isolated/results/case-020.xml test_static_triton_launcher.py::TestFastCudaLauncher::test_multiple_tensor_args,test/inductor/test_static_triton_launcher.py::TestFastCudaLauncher::test_multiple_tensor_args,/home/l30023782/PTA_213/recheck_20261010/isolated/results/case-020.log
21,test_static_triton_launcher.py,test_zero_grid,SKIP,1,0,0,0,1,0,0,13.285,0,0,"test_zero_grid: ('/home/l30023782/PTA_213/Community-Use-Case-Testing/v2.13.0/pytorch/test/inductor/test_static_triton_launcher.py', 757, 'Skipped: requires gpu and triton')",TORCH_TRANSFER_TO_NPU=1 TORCH_NPU_DEVICE_CAPABILITY=8.0 TORCHINDUCTOR_COMPILE_THREADS=2 OMP_NUM_THREADS=2 TORCHINDUCTOR_CACHE_DIR=/home/l30023782/PTA_213/recheck_20261010/isolated/cache/case-021 TORCHNPU_PRECOMPILE_THREADS=2 ASCEND_RT_VISIBLE_DEVICES=0,/home/l30023782/miniforge3/envs/pta_213_case/bin/python -m pytest -vs -p isolated_plugin --junitxml=/home/l30023782/PTA_213/recheck_20261010/isolated/results/case-021.xml test_static_triton_launcher.py::TestFastCudaLauncher::test_zero_grid,test/inductor/test_static_triton_launcher.py::TestFastCudaLauncher::test_zero_grid,/home/l30023782/PTA_213/recheck_20261010/isolated/results/case-021.log
22,test_static_triton_launcher.py,test_wrong_arg_count,SKIP,1,0,0,0,1,0,0,13.323,0,2,"test_wrong_arg_count: ('/home/l30023782/PTA_213/Community-Use-Case-Testing/v2.13.0/pytorch/test/inductor/test_static_triton_launcher.py', 776, 'Skipped: requires gpu and triton')",TORCH_TRANSFER_TO_NPU=1 TORCH_NPU_DEVICE_CAPABILITY=8.0 TORCHINDUCTOR_COMPILE_THREADS=2 OMP_NUM_THREADS=2 TORCHINDUCTOR_CACHE_DIR=/home/l30023782/PTA_213/recheck_20261010/isolated/cache/case-022 TORCHNPU_PRECOMPILE_THREADS=2 ASCEND_RT_VISIBLE_DEVICES=2,/home/l30023782/miniforge3/envs/pta_213_case/bin/python -m pytest -vs -p isolated_plugin --junitxml=/home/l30023782/PTA_213/recheck_20261010/isolated/results/case-022.xml test_static_triton_launcher.py::TestFastCudaLauncher::test_wrong_arg_count,test/inductor/test_static_triton_launcher.py::TestFastCudaLauncher::test_wrong_arg_count,/home/l30023782/PTA_213/recheck_20261010/isolated/results/case-022.log
23,test_static_triton_launcher.py,test_too_many_args_raises_value_error,SKIP,1,0,0,0,1,0,0,13.171,0,0,"test_too_many_args_raises_value_error: ('/home/l30023782/PTA_213/Community-Use-Case-Testing/v2.13.0/pytorch/test/inductor/test_static_triton_launcher.py', 794, 'Skipped: requires gpu and triton')",TORCH_TRANSFER_TO_NPU=1 TORCH_NPU_DEVICE_CAPABILITY=8.0 TORCHINDUCTOR_COMPILE_THREADS=2 OMP_NUM_THREADS=2 TORCHINDUCTOR_CACHE_DIR=/home/l30023782/PTA_213/recheck_20261010/isolated/cache/case-023 TORCHNPU_PRECOMPILE_THREADS=2 ASCEND_RT_VISIBLE_DEVICES=0,/home/l30023782/miniforge3/envs/pta_213_case/bin/python -m pytest -vs -p isolated_plugin --junitxml=/home/l30023782/PTA_213/recheck_20261010/isolated/results/case-023.xml test_static_triton_launcher.py::TestFastCudaLauncher::test_too_many_args_raises_value_error,test/inductor/test_static_triton_launcher.py::TestFastCudaLauncher::test_too_many_args_raises_value_error,/home/l30023782/PTA_213/recheck_20261010/isolated/results/case-023.log
24,test_static_triton_launcher.py,test_basic_compile,SKIP,1,0,0,0,1,0,0,13.321,0,1,"test_basic_compile: ('/home/l30023782/PTA_213/Community-Use-Case-Testing/v2.13.0/pytorch/test/inductor/test_static_triton_launcher.py', 843, 'Skipped: requires gpu and triton')",TORCH_TRANSFER_TO_NPU=1 TORCH_NPU_DEVICE_CAPABILITY=8.0 TORCHINDUCTOR_COMPILE_THREADS=2 OMP_NUM_THREADS=2 TORCHINDUCTOR_CACHE_DIR=/home/l30023782/PTA_213/recheck_20261010/isolated/cache/case-024 TORCHNPU_PRECOMPILE_THREADS=2 ASCEND_RT_VISIBLE_DEVICES=1,/home/l30023782/miniforge3/envs/pta_213_case/bin/python -m pytest -vs -p isolated_plugin --junitxml=/home/l30023782/PTA_213/recheck_20261010/isolated/results/case-024.xml test_static_triton_launcher.py::TestFastCudaLauncherCompileResult::test_basic_compile,test/inductor/test_static_triton_launcher.py::TestFastCudaLauncherCompileResult::test_basic_compile,/home/l30023782/PTA_213/recheck_20261010/isolated/results/case-024.log
25,test_static_triton_launcher.py,test_disable_fast_launcher,SKIP,1,0,0,0,1,0,0,14.425,0,2,"test_disable_fast_launcher: ('/home/l30023782/PTA_213/Community-Use-Case-Testing/v2.13.0/pytorch/test/inductor/test_static_triton_launcher.py', 867, 'Skipped: requires gpu and triton')",TORCH_TRANSFER_TO_NPU=1 TORCH_NPU_DEVICE_CAPABILITY=8.0 TORCHINDUCTOR_COMPILE_THREADS=2 OMP_NUM_THREADS=2 TORCHINDUCTOR_CACHE_DIR=/home/l30023782/PTA_213/recheck_20261010/isolated/cache/case-025 TORCHNPU_PRECOMPILE_THREADS=2 ASCEND_RT_VISIBLE_DEVICES=2,/home/l30023782/miniforge3/envs/pta_213_case/bin/python -m pytest -vs -p isolated_plugin --junitxml=/home/l30023782/PTA_213/recheck_20261010/isolated/results/case-025.xml test_static_triton_launcher.py::TestFastCudaLauncherCompileResult::test_disable_fast_launcher,test/inductor/test_static_triton_launcher.py::TestFastCudaLauncherCompileResult::test_disable_fast_launcher,/home/l30023782/PTA_213/recheck_20261010/isolated/results/case-025.log
26,test_lookup_table.py,test_lookup_mismatch,SKIP,1,0,0,0,1,0,0,13.022,0,0,"test_lookup_mismatch: ('/home/l30023782/PTA_213/Community-Use-Case-Testing/v2.13.0/pytorch/test/inductor/test_lookup_table.py', 185, 'Skipped: CUDA not available')",TORCH_TRANSFER_TO_NPU=1 TORCH_NPU_DEVICE_CAPABILITY=8.0 TORCHINDUCTOR_COMPILE_THREADS=2 OMP_NUM_THREADS=2 TORCHINDUCTOR_CACHE_DIR=/home/l30023782/PTA_213/recheck_20261010/isolated/cache/case-026 TORCHNPU_PRECOMPILE_THREADS=2 ASCEND_RT_VISIBLE_DEVICES=0,/home/l30023782/miniforge3/envs/pta_213_case/bin/python -m pytest -vs -p isolated_plugin --junitxml=/home/l30023782/PTA_213/recheck_20261010/isolated/results/case-026.xml test_lookup_table.py::TestLookupTable::test_lookup_mismatch,test/inductor/test_lookup_table.py::TestLookupTable::test_lookup_mismatch,/home/l30023782/PTA_213/recheck_20261010/isolated/results/case-026.log
27,test_lookup_table.py,test_successful_lookup_with_template_filtering,SKIP,1,0,0,0,1,0,0,13.348,0,1,"test_successful_lookup_with_template_filtering: ('/home/l30023782/PTA_213/Community-Use-Case-Testing/v2.13.0/pytorch/test/inductor/test_lookup_table.py', 202, 'Skipped: CUDA not available')",TORCH_TRANSFER_TO_NPU=1 TORCH_NPU_DEVICE_CAPABILITY=8.0 TORCHINDUCTOR_COMPILE_THREADS=2 OMP_NUM_THREADS=2 TORCHINDUCTOR_CACHE_DIR=/home/l30023782/PTA_213/recheck_20261010/isolated/cache/case-027 TORCHNPU_PRECOMPILE_THREADS=2 ASCEND_RT_VISIBLE_DEVICES=1,/home/l30023782/miniforge3/envs/pta_213_case/bin/python -m pytest -vs -p isolated_plugin --junitxml=/home/l30023782/PTA_213/recheck_20261010/isolated/results/case-027.xml test_lookup_table.py::TestLookupTable::test_successful_lookup_with_template_filtering,test/inductor/test_lookup_table.py::TestLookupTable::test_successful_lookup_with_template_filtering,/home/l30023782/PTA_213/recheck_20261010/isolated/results/case-027.log
28,test_lookup_table.py,test_empty_table,SKIP,1,0,0,0,1,0,0,14.363,0,0,"test_empty_table: ('/home/l30023782/PTA_213/Community-Use-Case-Testing/v2.13.0/pytorch/test/inductor/test_lookup_table.py', 247, 'Skipped: CUDA not available')",TORCH_TRANSFER_TO_NPU=1 TORCH_NPU_DEVICE_CAPABILITY=8.0 TORCHINDUCTOR_COMPILE_THREADS=2 OMP_NUM_THREADS=2 TORCHINDUCTOR_CACHE_DIR=/home/l30023782/PTA_213/recheck_20261010/isolated/cache/case-028 TORCHNPU_PRECOMPILE_THREADS=2 ASCEND_RT_VISIBLE_DEVICES=0,/home/l30023782/miniforge3/envs/pta_213_case/bin/python -m pytest -vs -p isolated_plugin --junitxml=/home/l30023782/PTA_213/recheck_20261010/isolated/results/case-028.xml test_lookup_table.py::TestLookupTable::test_empty_table,test/inductor/test_lookup_table.py::TestLookupTable::test_empty_table,/home/l30023782/PTA_213/recheck_20261010/isolated/results/case-028.log
29,test_lookup_table.py,test_validation_error,SKIP,1,0,0,0,1,0,0,13.183,0,2,"test_validation_error: ('/home/l30023782/PTA_213/Community-Use-Case-Testing/v2.13.0/pytorch/test/inductor/test_lookup_table.py', 258, 'Skipped: CUDA not available')",TORCH_TRANSFER_TO_NPU=1 TORCH_NPU_DEVICE_CAPABILITY=8.0 TORCHINDUCTOR_COMPILE_THREADS=2 OMP_NUM_THREADS=2 TORCHINDUCTOR_CACHE_DIR=/home/l30023782/PTA_213/recheck_20261010/isolated/cache/case-029 TORCHNPU_PRECOMPILE_THREADS=2 ASCEND_RT_VISIBLE_DEVICES=2,/home/l30023782/miniforge3/envs/pta_213_case/bin/python -m pytest -vs -p isolated_plugin --junitxml=/home/l30023782/PTA_213/recheck_20261010/isolated/results/case-029.xml test_lookup_table.py::TestLookupTable::test_validation_error,test/inductor/test_lookup_table.py::TestLookupTable::test_validation_error,/home/l30023782/PTA_213/recheck_20261010/isolated/results/case-029.log
30,test_lookup_table.py,test_cpu_input_returns_empty,SKIP,1,0,0,0,1,0,0,14.388,0,1,"test_cpu_input_returns_empty: ('/home/l30023782/PTA_213/Community-Use-Case-Testing/v2.13.0/pytorch/test/inductor/test_lookup_table.py', 273, 'Skipped: CUDA not available')",TORCH_TRANSFER_TO_NPU=1 TORCH_NPU_DEVICE_CAPABILITY=8.0 TORCHINDUCTOR_COMPILE_THREADS=2 OMP_NUM_THREADS=2 TORCHINDUCTOR_CACHE_DIR=/home/l30023782/PTA_213/recheck_20261010/isolated/cache/case-030 TORCHNPU_PRECOMPILE_THREADS=2 ASCEND_RT_VISIBLE_DEVICES=1,/home/l30023782/miniforge3/envs/pta_213_case/bin/python -m pytest -vs -p isolated_plugin --junitxml=/home/l30023782/PTA_213/recheck_20261010/isolated/results/case-030.xml test_lookup_table.py::TestLookupTable::test_cpu_input_returns_empty,test/inductor/test_lookup_table.py::TestLookupTable::test_cpu_input_returns_empty,/home/l30023782/PTA_213/recheck_20261010/isolated/results/case-030.log
31,test_lookup_table.py,test_multiple_calls_work,SKIP,1,0,0,0,1,0,0,13.409,0,2,"test_multiple_calls_work: ('/home/l30023782/PTA_213/Community-Use-Case-Testing/v2.13.0/pytorch/test/inductor/test_lookup_table.py', 289, 'Skipped: CUDA not available')",TORCH_TRANSFER_TO_NPU=1 TORCH_NPU_DEVICE_CAPABILITY=8.0 TORCHINDUCTOR_COMPILE_THREADS=2 OMP_NUM_THREADS=2 TORCHINDUCTOR_CACHE_DIR=/home/l30023782/PTA_213/recheck_20261010/isolated/cache/case-031 TORCHNPU_PRECOMPILE_THREADS=2 ASCEND_RT_VISIBLE_DEVICES=2,/home/l30023782/miniforge3/envs/pta_213_case/bin/python -m pytest -vs -p isolated_plugin --junitxml=/home/l30023782/PTA_213/recheck_20261010/isolated/results/case-031.xml test_lookup_table.py::TestLookupTable::test_multiple_calls_work,test/inductor/test_lookup_table.py::TestLookupTable::test_multiple_calls_work,/home/l30023782/PTA_213/recheck_20261010/isolated/results/case-031.log
32,test_lookup_table.py,test_batch_lookup_mixed_entries,SKIP,1,0,0,0,1,0,0,14.258,0,0,"test_batch_lookup_mixed_entries: ('/home/l30023782/PTA_213/Community-Use-Case-Testing/v2.13.0/pytorch/test/inductor/test_lookup_table.py', 327, 'Skipped: CUDA not available')",TORCH_TRANSFER_TO_NPU=1 TORCH_NPU_DEVICE_CAPABILITY=8.0 TORCHINDUCTOR_COMPILE_THREADS=2 OMP_NUM_THREADS=2 TORCHINDUCTOR_CACHE_DIR=/home/l30023782/PTA_213/recheck_20261010/isolated/cache/case-032 TORCHNPU_PRECOMPILE_THREADS=2 ASCEND_RT_VISIBLE_DEVICES=0,/home/l30023782/miniforge3/envs/pta_213_case/bin/python -m pytest -vs -p isolated_plugin --junitxml=/home/l30023782/PTA_213/recheck_20261010/isolated/results/case-032.xml test_lookup_table.py::TestLookupTable::test_batch_lookup_mixed_entries,test/inductor/test_lookup_table.py::TestLookupTable::test_batch_lookup_mixed_entries,/home/l30023782/PTA_213/recheck_20261010/isolated/results/case-032.log
33,test_lookup_table.py,test_template_hash_checking,SKIP,5,0,0,0,5,0,0,14.11,0,1,"test_template_hash_checking_config_hash2_template_hash_hash123_expected_kept_True: ('/home/l30023782/PTA_213/Community-Use-Case-Testing/v2.13.0/pytorch/test/inductor/test_lookup_table.py', 359, 'Skipped: CUDA not available')
test_template_hash_checking_config_hash4_template_hash4_expected_kept_True: ('/home/l30023782/PTA_213/Community-Use-Case-Testing/v2.13.0/pytorch/test/inductor/test_lookup_table.py', 359, 'Skipped: CUDA not available')
test_template_hash_checking_config_hash_hash123_template_hash3_expected_kept_True: ('/home/l30023782/PTA_213/Community-Use-Case-Testing/v2.13.0/pytorch/test/inductor/test_lookup_table.py', 359, 'Skipped: CUDA not available')
test_template_hash_checking_config_hash_hash123_template_hash_hash123_expected_kept_True: ('/home/l30023782/PTA_213/Community-Use-Case-Testing/v2.13.0/pytorch/test/inductor/test_lookup_table.py', 359, 'Skipped: CUDA not available')
test_template_hash_checking_config_hash_hash123_template_hash_hash456_expected_kept_False: ('/home/l30023782/PTA_213/Community-Use-Case-Testing/v2.13.0/pytorch/test/inductor/test_lookup_table.py', 359, 'Skipped: CUDA not available')",TORCH_TRANSFER_TO_NPU=1 TORCH_NPU_DEVICE_CAPABILITY=8.0 TORCHINDUCTOR_COMPILE_THREADS=2 OMP_NUM_THREADS=2 TORCHINDUCTOR_CACHE_DIR=/home/l30023782/PTA_213/recheck_20261010/isolated/cache/case-033 TORCHNPU_PRECOMPILE_THREADS=2 ASCEND_RT_VISIBLE_DEVICES=1,/home/l30023782/miniforge3/envs/pta_213_case/bin/python -m pytest -vs -p isolated_plugin --junitxml=/home/l30023782/PTA_213/recheck_20261010/isolated/results/case-033.xml test_lookup_table.py::TestLookupTable::test_template_hash_checking_config_hash2_template_hash_hash123_expected_kept_True test_lookup_table.py::TestLookupTable::test_template_hash_checking_config_hash4_template_hash4_expected_kept_True test_lookup_table.py::TestLookupTable::test_template_hash_checking_config_hash_hash123_template_hash3_expected_kept_True test_lookup_table.py::TestLookupTable::test_template_hash_checking_config_hash_hash123_template_hash_hash123_expected_kept_True test_lookup_table.py::TestLookupTable::test_template_hash_checking_config_hash_hash123_template_hash_hash456_expected_kept_False,"test/inductor/test_lookup_table.py::TestLookupTable::test_template_hash_checking_config_hash2_template_hash_hash123_expected_kept_True
test/inductor/test_lookup_table.py::TestLookupTable::test_template_hash_checking_config_hash4_template_hash4_expected_kept_True
test/inductor/test_lookup_table.py::TestLookupTable::test_template_hash_checking_config_hash_hash123_template_hash3_expected_kept_True
test/inductor/test_lookup_table.py::TestLookupTable::test_template_hash_checking_config_hash_hash123_template_hash_hash123_expected_kept_True
test/inductor/test_lookup_table.py::TestLookupTable::test_template_hash_checking_config_hash_hash123_template_hash_hash456_expected_kept_False",/home/l30023782/PTA_213/recheck_20261010/isolated/results/case-033.log
34,test_lookup_table.py,test_template_hash_checking_disabled,SKIP,1,0,0,0,1,0,0,13.335,0,2,"test_template_hash_checking_disabled: ('/home/l30023782/PTA_213/Community-Use-Case-Testing/v2.13.0/pytorch/test/inductor/test_lookup_table.py', 408, 'Skipped: CUDA not available')",TORCH_TRANSFER_TO_NPU=1 TORCH_NPU_DEVICE_CAPABILITY=8.0 TORCHINDUCTOR_COMPILE_THREADS=2 OMP_NUM_THREADS=2 TORCHINDUCTOR_CACHE_DIR=/home/l30023782/PTA_213/recheck_20261010/isolated/cache/case-034 TORCHNPU_PRECOMPILE_THREADS=2 ASCEND_RT_VISIBLE_DEVICES=2,/home/l30023782/miniforge3/envs/pta_213_case/bin/python -m pytest -vs -p isolated_plugin --junitxml=/home/l30023782/PTA_213/recheck_20261010/isolated/results/case-034.xml test_lookup_table.py::TestLookupTable::test_template_hash_checking_disabled,test/inductor/test_lookup_table.py::TestLookupTable::test_template_hash_checking_disabled,/home/l30023782/PTA_213/recheck_20261010/isolated/results/case-034.log
35,test_lookup_table.py,test_template_hash_mixed_scenarios,SKIP,1,0,0,0,1,0,0,13.283,0,0,"test_template_hash_mixed_scenarios: ('/home/l30023782/PTA_213/Community-Use-Case-Testing/v2.13.0/pytorch/test/inductor/test_lookup_table.py', 441, 'Skipped: CUDA not available')",TORCH_TRANSFER_TO_NPU=1 TORCH_NPU_DEVICE_CAPABILITY=8.0 TORCHINDUCTOR_COMPILE_THREADS=2 OMP_NUM_THREADS=2 TORCHINDUCTOR_CACHE_DIR=/home/l30023782/PTA_213/recheck_20261010/isolated/cache/case-035 TORCHNPU_PRECOMPILE_THREADS=2 ASCEND_RT_VISIBLE_DEVICES=0,/home/l30023782/miniforge3/envs/pta_213_case/bin/python -m pytest -vs -p isolated_plugin --junitxml=/home/l30023782/PTA_213/recheck_20261010/isolated/results/case-035.xml test_lookup_table.py::TestLookupTable::test_template_hash_mixed_scenarios,test/inductor/test_lookup_table.py::TestLookupTable::test_template_hash_mixed_scenarios,/home/l30023782/PTA_213/recheck_20261010/isolated/results/case-035.log
36,test_lookup_table.py,test_hash_checking_disabled_edge_cases,SKIP,4,0,0,0,4,0,0,13.383,0,1,"test_hash_checking_disabled_edge_cases_config_hash3_description_missing hash field: ('/home/l30023782/PTA_213/Community-Use-Case-Testing/v2.13.0/pytorch/test/inductor/test_lookup_table.py', 486, 'Skipped: CUDA not available')
test_hash_checking_disabled_edge_cases_config_hash_12345_description_non-string hash: ('/home/l30023782/PTA_213/Community-Use-Case-Testing/v2.13.0/pytorch/test/inductor/test_lookup_table.py', 486, 'Skipped: CUDA not available')
test_hash_checking_disabled_edge_cases_config_hash__description_empty string hash: ('/home/l30023782/PTA_213/Community-Use-Case-Testing/v2.13.0/pytorch/test/inductor/test_lookup_table.py', 486, 'Skipped: CUDA not available')
test_hash_checking_disabled_edge_cases_config_hash_definitely_malformed_hash_!@#$%_description_malformed hash: ('/home/l30023782/PTA_213/Community-Use-Case-Testing/v2.13.0/pytorch/test/inductor/test_lookup_table.py', 486, 'Skipped: CUDA not available')",TORCH_TRANSFER_TO_NPU=1 TORCH_NPU_DEVICE_CAPABILITY=8.0 TORCHINDUCTOR_COMPILE_THREADS=2 OMP_NUM_THREADS=2 TORCHINDUCTOR_CACHE_DIR=/home/l30023782/PTA_213/recheck_20261010/isolated/cache/case-036 TORCHNPU_PRECOMPILE_THREADS=2 ASCEND_RT_VISIBLE_DEVICES=1,/home/l30023782/miniforge3/envs/pta_213_case/bin/python -m pytest -vs -p isolated_plugin --junitxml=/home/l30023782/PTA_213/recheck_20261010/isolated/results/case-036.xml 'test_lookup_table.py::TestLookupTable::test_hash_checking_disabled_edge_cases_config_hash3_description_missing hash field' 'test_lookup_table.py::TestLookupTable::test_hash_checking_disabled_edge_cases_config_hash_12345_description_non-string hash' 'test_lookup_table.py::TestLookupTable::test_hash_checking_disabled_edge_cases_config_hash__description_empty string hash' 'test_lookup_table.py::TestLookupTable::test_hash_checking_disabled_edge_cases_config_hash_definitely_malformed_hash_!@#$%_description_malformed hash',"test/inductor/test_lookup_table.py::TestLookupTable::test_hash_checking_disabled_edge_cases_config_hash3_description_missing hash field
test/inductor/test_lookup_table.py::TestLookupTable::test_hash_checking_disabled_edge_cases_config_hash_12345_description_non-string hash
test/inductor/test_lookup_table.py::TestLookupTable::test_hash_checking_disabled_edge_cases_config_hash__description_empty string hash
test/inductor/test_lookup_table.py::TestLookupTable::test_hash_checking_disabled_edge_cases_config_hash_definitely_malformed_hash_!@#$%_description_malformed hash",/home/l30023782/PTA_213/recheck_20261010/isolated/results/case-036.log
37,test_lookup_table.py,test_device_key_lookup_scenarios,SKIP,4,0,0,0,4,0,0,12.958,0,2,"test_device_key_lookup_scenarios_table_has_device_key_False_lookup_device_matches_False_expected_found_True: ('/home/l30023782/PTA_213/Community-Use-Case-Testing/v2.13.0/pytorch/test/inductor/test_lookup_table.py', 541, 'Skipped: CUDA not available')
test_device_key_lookup_scenarios_table_has_device_key_False_lookup_device_matches_True_expected_found_True: ('/home/l30023782/PTA_213/Community-Use-Case-Testing/v2.13.0/pytorch/test/inductor/test_lookup_table.py', 541, 'Skipped: CUDA not available')
test_device_key_lookup_scenarios_table_has_device_key_True_lookup_device_matches_False_expected_found_False: ('/home/l30023782/PTA_213/Community-Use-Case-Testing/v2.13.0/pytorch/test/inductor/test_lookup_table.py', 541, 'Skipped: CUDA not available')
test_device_key_lookup_scenarios_table_has_device_key_True_lookup_device_matches_True_expected_found_True: ('/home/l30023782/PTA_213/Community-Use-Case-Testing/v2.13.0/pytorch/test/inductor/test_lookup_table.py', 541, 'Skipped: CUDA not available')",TORCH_TRANSFER_TO_NPU=1 TORCH_NPU_DEVICE_CAPABILITY=8.0 TORCHINDUCTOR_COMPILE_THREADS=2 OMP_NUM_THREADS=2 TORCHINDUCTOR_CACHE_DIR=/home/l30023782/PTA_213/recheck_20261010/isolated/cache/case-037 TORCHNPU_PRECOMPILE_THREADS=2 ASCEND_RT_VISIBLE_DEVICES=2,/home/l30023782/miniforge3/envs/pta_213_case/bin/python -m pytest -vs -p isolated_plugin --junitxml=/home/l30023782/PTA_213/recheck_20261010/isolated/results/case-037.xml test_lookup_table.py::TestLookupTable::test_device_key_lookup_scenarios_table_has_device_key_False_lookup_device_matches_False_expected_found_True test_lookup_table.py::TestLookupTable::test_device_key_lookup_scenarios_table_has_device_key_False_lookup_device_matches_True_expected_found_True test_lookup_table.py::TestLookupTable::test_device_key_lookup_scenarios_table_has_device_key_True_lookup_device_matches_False_expected_found_False test_lookup_table.py::TestLookupTable::test_device_key_lookup_scenarios_table_has_device_key_True_lookup_device_matches_True_expected_found_True,"test/inductor/test_lookup_table.py::TestLookupTable::test_device_key_lookup_scenarios_table_has_device_key_False_lookup_device_matches_False_expected_found_True
test/inductor/test_lookup_table.py::TestLookupTable::test_device_key_lookup_scenarios_table_has_device_key_False_lookup_device_matches_True_expected_found_True
test/inductor/test_lookup_table.py::TestLookupTable::test_device_key_lookup_scenarios_table_has_device_key_True_lookup_device_matches_False_expected_found_False
test/inductor/test_lookup_table.py::TestLookupTable::test_device_key_lookup_scenarios_table_has_device_key_True_lookup_device_matches_True_expected_found_True",/home/l30023782/PTA_213/recheck_20261010/isolated/results/case-037.log
38,test_lookup_table.py,test_device_key_priority,SKIP,1,0,0,0,1,0,0,13.185,0,0,"test_device_key_priority: ('/home/l30023782/PTA_213/Community-Use-Case-Testing/v2.13.0/pytorch/test/inductor/test_lookup_table.py', 628, 'Skipped: CUDA not available')",TORCH_TRANSFER_TO_NPU=1 TORCH_NPU_DEVICE_CAPABILITY=8.0 TORCHINDUCTOR_COMPILE_THREADS=2 OMP_NUM_THREADS=2 TORCHINDUCTOR_CACHE_DIR=/home/l30023782/PTA_213/recheck_20261010/isolated/cache/case-038 TORCHNPU_PRECOMPILE_THREADS=2 ASCEND_RT_VISIBLE_DEVICES=0,/home/l30023782/miniforge3/envs/pta_213_case/bin/python -m pytest -vs -p isolated_plugin --junitxml=/home/l30023782/PTA_213/recheck_20261010/isolated/results/case-038.xml test_lookup_table.py::TestLookupTable::test_device_key_priority,test/inductor/test_lookup_table.py::TestLookupTable::test_device_key_priority,/home/l30023782/PTA_213/recheck_20261010/isolated/results/case-038.log
39,test_lookup_table.py,test_make_lookup_key_variants,SKIP,1,0,0,0,1,0,0,13.383,0,1,"test_make_lookup_key_variants: ('/home/l30023782/PTA_213/Community-Use-Case-Testing/v2.13.0/pytorch/test/inductor/test_lookup_table.py', 672, 'Skipped: CUDA not available')",TORCH_TRANSFER_TO_NPU=1 TORCH_NPU_DEVICE_CAPABILITY=8.0 TORCHINDUCTOR_COMPILE_THREADS=2 OMP_NUM_THREADS=2 TORCHINDUCTOR_CACHE_DIR=/home/l30023782/PTA_213/recheck_20261010/isolated/cache/case-039 TORCHNPU_PRECOMPILE_THREADS=2 ASCEND_RT_VISIBLE_DEVICES=1,/home/l30023782/miniforge3/envs/pta_213_case/bin/python -m pytest -vs -p isolated_plugin --junitxml=/home/l30023782/PTA_213/recheck_20261010/isolated/results/case-039.xml test_lookup_table.py::TestLookupTable::test_make_lookup_key_variants,test/inductor/test_lookup_table.py::TestLookupTable::test_make_lookup_key_variants,/home/l30023782/PTA_213/recheck_20261010/isolated/results/case-039.log
40,test_lookup_table.py,test_no_lookup_table_entry_autotune_modes,SKIP,2,0,0,0,2,0,0,14.414,0,2,"test_no_lookup_table_entry_autotune_modes_max_autotune_False: ('/home/l30023782/PTA_213/Community-Use-Case-Testing/v2.13.0/pytorch/test/inductor/test_lookup_table.py', 871, 'Skipped: CUDA not available')
test_no_lookup_table_entry_autotune_modes_max_autotune_True: ('/home/l30023782/PTA_213/Community-Use-Case-Testing/v2.13.0/pytorch/test/inductor/test_lookup_table.py', 871, 'Skipped: CUDA not available')",TORCH_TRANSFER_TO_NPU=1 TORCH_NPU_DEVICE_CAPABILITY=8.0 TORCHINDUCTOR_COMPILE_THREADS=2 OMP_NUM_THREADS=2 TORCHINDUCTOR_CACHE_DIR=/home/l30023782/PTA_213/recheck_20261010/isolated/cache/case-040 TORCHNPU_PRECOMPILE_THREADS=2 ASCEND_RT_VISIBLE_DEVICES=2,/home/l30023782/miniforge3/envs/pta_213_case/bin/python -m pytest -vs -p isolated_plugin --junitxml=/home/l30023782/PTA_213/recheck_20261010/isolated/results/case-040.xml test_lookup_table.py::TestLookupTableE2E::test_no_lookup_table_entry_autotune_modes_max_autotune_False test_lookup_table.py::TestLookupTableE2E::test_no_lookup_table_entry_autotune_modes_max_autotune_True,"test/inductor/test_lookup_table.py::TestLookupTableE2E::test_no_lookup_table_entry_autotune_modes_max_autotune_False
test/inductor/test_lookup_table.py::TestLookupTableE2E::test_no_lookup_table_entry_autotune_modes_max_autotune_True",/home/l30023782/PTA_213/recheck_20261010/isolated/results/case-040.log
41,test_lookup_table.py,test_valid_lookup_table_entry,SKIP,4,0,0,0,4,0,0,13.336,0,0,"test_valid_lookup_table_entry_operation_addmm: ('/home/l30023782/PTA_213/Community-Use-Case-Testing/v2.13.0/pytorch/test/inductor/test_lookup_table.py', 916, 'Skipped: CUDA not available')
test_valid_lookup_table_entry_operation_bmm: ('/home/l30023782/PTA_213/Community-Use-Case-Testing/v2.13.0/pytorch/test/inductor/test_lookup_table.py', 916, 'Skipped: CUDA not available')
test_valid_lookup_table_entry_operation_mm: ('/home/l30023782/PTA_213/Community-Use-Case-Testing/v2.13.0/pytorch/test/inductor/test_lookup_table.py', 916, 'Skipped: CUDA not available')
test_valid_lookup_table_entry_operation_mm_plus_mm: ('/home/l30023782/PTA_213/Community-Use-Case-Testing/v2.13.0/pytorch/test/inductor/test_lookup_table.py', 916, 'Skipped: CUDA not available')",TORCH_TRANSFER_TO_NPU=1 TORCH_NPU_DEVICE_CAPABILITY=8.0 TORCHINDUCTOR_COMPILE_THREADS=2 OMP_NUM_THREADS=2 TORCHINDUCTOR_CACHE_DIR=/home/l30023782/PTA_213/recheck_20261010/isolated/cache/case-041 TORCHNPU_PRECOMPILE_THREADS=2 ASCEND_RT_VISIBLE_DEVICES=0,/home/l30023782/miniforge3/envs/pta_213_case/bin/python -m pytest -vs -p isolated_plugin --junitxml=/home/l30023782/PTA_213/recheck_20261010/isolated/results/case-041.xml test_lookup_table.py::TestLookupTableE2E::test_valid_lookup_table_entry_operation_addmm test_lookup_table.py::TestLookupTableE2E::test_valid_lookup_table_entry_operation_bmm test_lookup_table.py::TestLookupTableE2E::test_valid_lookup_table_entry_operation_mm test_lookup_table.py::TestLookupTableE2E::test_valid_lookup_table_entry_operation_mm_plus_mm,"test/inductor/test_lookup_table.py::TestLookupTableE2E::test_valid_lookup_table_entry_operation_addmm
test/inductor/test_lookup_table.py::TestLookupTableE2E::test_valid_lookup_table_entry_operation_bmm
test/inductor/test_lookup_table.py::TestLookupTableE2E::test_valid_lookup_table_entry_operation_mm
test/inductor/test_lookup_table.py::TestLookupTableE2E::test_valid_lookup_table_entry_operation_mm_plus_mm",/home/l30023782/PTA_213/recheck_20261010/isolated/results/case-041.log
42,test_lookup_table.py,test_tma_lookup_table_entry,SKIP,2,0,0,0,2,0,0,14.389,0,1,"test_tma_lookup_table_entry_operation_addmm: ('/home/l30023782/PTA_213/Community-Use-Case-Testing/v2.13.0/pytorch/test/inductor/test_lookup_table.py', 952, 'Skipped: CUDA not available')
test_tma_lookup_table_entry_operation_mm: ('/home/l30023782/PTA_213/Community-Use-Case-Testing/v2.13.0/pytorch/test/inductor/test_lookup_table.py', 952, 'Skipped: CUDA not available')",TORCH_TRANSFER_TO_NPU=1 TORCH_NPU_DEVICE_CAPABILITY=8.0 TORCHINDUCTOR_COMPILE_THREADS=2 OMP_NUM_THREADS=2 TORCHINDUCTOR_CACHE_DIR=/home/l30023782/PTA_213/recheck_20261010/isolated/cache/case-042 TORCHNPU_PRECOMPILE_THREADS=2 ASCEND_RT_VISIBLE_DEVICES=1,/home/l30023782/miniforge3/envs/pta_213_case/bin/python -m pytest -vs -p isolated_plugin --junitxml=/home/l30023782/PTA_213/recheck_20261010/isolated/results/case-042.xml test_lookup_table.py::TestLookupTableE2E::test_tma_lookup_table_entry_operation_addmm test_lookup_table.py::TestLookupTableE2E::test_tma_lookup_table_entry_operation_mm,"test/inductor/test_lookup_table.py::TestLookupTableE2E::test_tma_lookup_table_entry_operation_addmm
test/inductor/test_lookup_table.py::TestLookupTableE2E::test_tma_lookup_table_entry_operation_mm",/home/l30023782/PTA_213/recheck_20261010/isolated/results/case-042.log
43,test_lookup_table.py,test_decompose_k_lookup_table_entry,SKIP,1,0,0,0,1,0,0,13.231,0,2,"test_decompose_k_lookup_table_entry: ('/home/l30023782/PTA_213/Community-Use-Case-Testing/v2.13.0/pytorch/test/inductor/test_lookup_table.py', 984, 'Skipped: CUDA not available')",TORCH_TRANSFER_TO_NPU=1 TORCH_NPU_DEVICE_CAPABILITY=8.0 TORCHINDUCTOR_COMPILE_THREADS=2 OMP_NUM_THREADS=2 TORCHINDUCTOR_CACHE_DIR=/home/l30023782/PTA_213/recheck_20261010/isolated/cache/case-043 TORCHNPU_PRECOMPILE_THREADS=2 ASCEND_RT_VISIBLE_DEVICES=2,/home/l30023782/miniforge3/envs/pta_213_case/bin/python -m pytest -vs -p isolated_plugin --junitxml=/home/l30023782/PTA_213/recheck_20261010/isolated/results/case-043.xml test_lookup_table.py::TestLookupTableE2E::test_decompose_k_lookup_table_entry,test/inductor/test_lookup_table.py::TestLookupTableE2E::test_decompose_k_lookup_table_entry,/home/l30023782/PTA_213/recheck_20261010/isolated/results/case-043.log
44,test_lookup_table.py,test_bias_addmm_lookup_table_entry,SKIP,1,0,0,0,1,0,0,13.263,0,0,"test_bias_addmm_lookup_table_entry: ('/home/l30023782/PTA_213/Community-Use-Case-Testing/v2.13.0/pytorch/test/inductor/test_lookup_table.py', 1004, 'Skipped: CUDA not available')",TORCH_TRANSFER_TO_NPU=1 TORCH_NPU_DEVICE_CAPABILITY=8.0 TORCHINDUCTOR_COMPILE_THREADS=2 OMP_NUM_THREADS=2 TORCHINDUCTOR_CACHE_DIR=/home/l30023782/PTA_213/recheck_20261010/isolated/cache/case-044 TORCHNPU_PRECOMPILE_THREADS=2 ASCEND_RT_VISIBLE_DEVICES=0,/home/l30023782/miniforge3/envs/pta_213_case/bin/python -m pytest -vs -p isolated_plugin --junitxml=/home/l30023782/PTA_213/recheck_20261010/isolated/results/case-044.xml test_lookup_table.py::TestLookupTableE2E::test_bias_addmm_lookup_table_entry,test/inductor/test_lookup_table.py::TestLookupTableE2E::test_bias_addmm_lookup_table_entry,/home/l30023782/PTA_213/recheck_20261010/isolated/results/case-044.log
45,test_lookup_table.py,test_multiple_configs_same_template,SKIP,1,0,0,0,1,0,0,13.384,0,1,"test_multiple_configs_same_template: ('/home/l30023782/PTA_213/Community-Use-Case-Testing/v2.13.0/pytorch/test/inductor/test_lookup_table.py', 1037, 'Skipped: CUDA not available')",TORCH_TRANSFER_TO_NPU=1 TORCH_NPU_DEVICE_CAPABILITY=8.0 TORCHINDUCTOR_COMPILE_THREADS=2 OMP_NUM_THREADS=2 TORCHINDUCTOR_CACHE_DIR=/home/l30023782/PTA_213/recheck_20261010/isolated/cache/case-045 TORCHNPU_PRECOMPILE_THREADS=2 ASCEND_RT_VISIBLE_DEVICES=1,/home/l30023782/miniforge3/envs/pta_213_case/bin/python -m pytest -vs -p isolated_plugin --junitxml=/home/l30023782/PTA_213/recheck_20261010/isolated/results/case-045.xml test_lookup_table.py::TestLookupTableE2E::test_multiple_configs_same_template,test/inductor/test_lookup_table.py::TestLookupTableE2E::test_multiple_configs_same_template,/home/l30023782/PTA_213/recheck_20261010/isolated/results/case-045.log
46,test_lookup_table.py,test_mixed_template_configs,SKIP,1,0,0,0,1,0,0,13.472,0,2,"test_mixed_template_configs: ('/home/l30023782/PTA_213/Community-Use-Case-Testing/v2.13.0/pytorch/test/inductor/test_lookup_table.py', 1063, 'Skipped: CUDA not available')",TORCH_TRANSFER_TO_NPU=1 TORCH_NPU_DEVICE_CAPABILITY=8.0 TORCHINDUCTOR_COMPILE_THREADS=2 OMP_NUM_THREADS=2 TORCHINDUCTOR_CACHE_DIR=/home/l30023782/PTA_213/recheck_20261010/isolated/cache/case-046 TORCHNPU_PRECOMPILE_THREADS=2 ASCEND_RT_VISIBLE_DEVICES=2,/home/l30023782/miniforge3/envs/pta_213_case/bin/python -m pytest -vs -p isolated_plugin --junitxml=/home/l30023782/PTA_213/recheck_20261010/isolated/results/case-046.xml test_lookup_table.py::TestLookupTableE2E::test_mixed_template_configs,test/inductor/test_lookup_table.py::TestLookupTableE2E::test_mixed_template_configs,/home/l30023782/PTA_213/recheck_20261010/isolated/results/case-046.log
47,test_lookup_table.py,test_template_hash_filtering_e2e,SKIP,1,0,0,0,1,0,0,14.308,0,0,"test_template_hash_filtering_e2e: ('/home/l30023782/PTA_213/Community-Use-Case-Testing/v2.13.0/pytorch/test/inductor/test_lookup_table.py', 1085, 'Skipped: CUDA not available')",TORCH_TRANSFER_TO_NPU=1 TORCH_NPU_DEVICE_CAPABILITY=8.0 TORCHINDUCTOR_COMPILE_THREADS=2 OMP_NUM_THREADS=2 TORCHINDUCTOR_CACHE_DIR=/home/l30023782/PTA_213/recheck_20261010/isolated/cache/case-047 TORCHNPU_PRECOMPILE_THREADS=2 ASCEND_RT_VISIBLE_DEVICES=0,/home/l30023782/miniforge3/envs/pta_213_case/bin/python -m pytest -vs -p isolated_plugin --junitxml=/home/l30023782/PTA_213/recheck_20261010/isolated/results/case-047.xml test_lookup_table.py::TestLookupTableE2E::test_template_hash_filtering_e2e,test/inductor/test_lookup_table.py::TestLookupTableE2E::test_template_hash_filtering_e2e,/home/l30023782/PTA_213/recheck_20261010/isolated/results/case-047.log
48,test_utils.py,test_flops_fx,FAIL,1,0,1,0,0,0,0,9.022,1,1,"test_flops_fx_npu: ValueError: not enough values to unpack (expected 2, got 1)",TORCH_TRANSFER_TO_NPU=1 TORCH_NPU_DEVICE_CAPABILITY=8.0 TORCHINDUCTOR_COMPILE_THREADS=2 OMP_NUM_THREADS=2 TORCHINDUCTOR_CACHE_DIR=/home/l30023782/PTA_213/recheck_20261010/isolated/cache/case-048 TORCHNPU_PRECOMPILE_THREADS=2 ASCEND_RT_VISIBLE_DEVICES=1,/home/l30023782/miniforge3/envs/pta_213_case/bin/python -m pytest -vs -p isolated_plugin --junitxml=/home/l30023782/PTA_213/recheck_20261010/isolated/results/case-048.xml test_utils.py::TestUtilsPRIVATEUSE1::test_flops_fx_npu,test/inductor/test_utils.py::TestUtilsPRIVATEUSE1::test_flops_fx_npu,/home/l30023782/PTA_213/recheck_20261010/isolated/results/case-048.log
49,test_utils.py,test_get_device_tflops,XFAIL,3,0,0,0,0,3,0,9.363,0,1,"test_get_device_tflops_npu_bfloat16: raise XFailed(reason) | _pytest.outcomes.XFailed: Triton not available (device='npu')
test_get_device_tflops_npu_float16: raise XFailed(reason) | _pytest.outcomes.XFailed: Triton not available (device='npu')
test_get_device_tflops_npu_float32: raise XFailed(reason) | _pytest.outcomes.XFailed: Triton not available (device='npu')",TORCH_TRANSFER_TO_NPU=1 TORCH_NPU_DEVICE_CAPABILITY=8.0 TORCHINDUCTOR_COMPILE_THREADS=2 OMP_NUM_THREADS=2 TORCHINDUCTOR_CACHE_DIR=/home/l30023782/PTA_213/recheck_20261010/isolated/cache/case-049 TORCHNPU_PRECOMPILE_THREADS=2 ASCEND_RT_VISIBLE_DEVICES=1,/home/l30023782/miniforge3/envs/pta_213_case/bin/python -m pytest -vs -p isolated_plugin --junitxml=/home/l30023782/PTA_213/recheck_20261010/isolated/results/case-049.xml test_utils.py::TestUtilsPRIVATEUSE1::test_get_device_tflops_npu_bfloat16 test_utils.py::TestUtilsPRIVATEUSE1::test_get_device_tflops_npu_float16 test_utils.py::TestUtilsPRIVATEUSE1::test_get_device_tflops_npu_float32,"test/inductor/test_utils.py::TestUtilsPRIVATEUSE1::test_get_device_tflops_npu_bfloat16
test/inductor/test_utils.py::TestUtilsPRIVATEUSE1::test_get_device_tflops_npu_float16
test/inductor/test_utils.py::TestUtilsPRIVATEUSE1::test_get_device_tflops_npu_float32",/home/l30023782/PTA_213/recheck_20261010/isolated/results/case-049.log
50,test_utils.py,test_ensure_fp4_dtype_registered,SKIP,1,0,0,0,1,0,0,10.163,0,2,"test_ensure_fp4_dtype_registered: ('/home/l30023782/PTA_213/Community-Use-Case-Testing/v2.13.0/pytorch/test/inductor/test_utils.py', 353, 'Skipped: requires CUDA and cutlass_api')",TORCH_TRANSFER_TO_NPU=1 TORCH_NPU_DEVICE_CAPABILITY=8.0 TORCHINDUCTOR_COMPILE_THREADS=2 OMP_NUM_THREADS=2 TORCHINDUCTOR_CACHE_DIR=/home/l30023782/PTA_213/recheck_20261010/isolated/cache/case-050 TORCHNPU_PRECOMPILE_THREADS=2 ASCEND_RT_VISIBLE_DEVICES=2,/home/l30023782/miniforge3/envs/pta_213_case/bin/python -m pytest -vs -p isolated_plugin --junitxml=/home/l30023782/PTA_213/recheck_20261010/isolated/results/case-050.xml test_utils.py::TestFP4Support::test_ensure_fp4_dtype_registered,test/inductor/test_utils.py::TestFP4Support::test_ensure_fp4_dtype_registered,/home/l30023782/PTA_213/recheck_20261010/isolated/results/case-050.log
51,test_inplacing_pass.py,test_dont_modify_live,FAIL,1,0,1,0,0,0,0,13.382,1,0,"test_dont_modify_live: RuntimeError: Expected all tensors to be on the same device. Expected NPU tensor, please check whether the input tensor device is correct.",TORCH_TRANSFER_TO_NPU=1 TORCH_NPU_DEVICE_CAPABILITY=8.0 TORCHINDUCTOR_COMPILE_THREADS=2 OMP_NUM_THREADS=2 TORCHINDUCTOR_CACHE_DIR=/home/l30023782/PTA_213/recheck_20261010/isolated/cache/case-051 TORCHNPU_PRECOMPILE_THREADS=2 ASCEND_RT_VISIBLE_DEVICES=0,/home/l30023782/miniforge3/envs/pta_213_case/bin/python -m pytest -vs -p isolated_plugin --junitxml=/home/l30023782/PTA_213/recheck_20261010/isolated/results/case-051.xml test_inplacing_pass.py::TestReinplacingPassCorrectness::test_dont_modify_live,test/inductor/test_inplacing_pass.py::TestReinplacingPassCorrectness::test_dont_modify_live,/home/l30023782/PTA_213/recheck_20261010/isolated/results/case-051.log
52,test_inplacing_pass.py,test_dont_modify_view_of_live,FAIL,1,0,1,0,0,0,0,13.247,1,1,"test_dont_modify_view_of_live: RuntimeError: Expected all tensors to be on the same device. Expected NPU tensor, please check whether the input tensor device is correct.",TORCH_TRANSFER_TO_NPU=1 TORCH_NPU_DEVICE_CAPABILITY=8.0 TORCHINDUCTOR_COMPILE_THREADS=2 OMP_NUM_THREADS=2 TORCHINDUCTOR_CACHE_DIR=/home/l30023782/PTA_213/recheck_20261010/isolated/cache/case-052 TORCHNPU_PRECOMPILE_THREADS=2 ASCEND_RT_VISIBLE_DEVICES=1,/home/l30023782/miniforge3/envs/pta_213_case/bin/python -m pytest -vs -p isolated_plugin --junitxml=/home/l30023782/PTA_213/recheck_20261010/isolated/results/case-052.xml test_inplacing_pass.py::TestReinplacingPassCorrectness::test_dont_modify_view_of_live,test/inductor/test_inplacing_pass.py::TestReinplacingPassCorrectness::test_dont_modify_view_of_live,/home/l30023782/PTA_213/recheck_20261010/isolated/results/case-052.log
53,test_inplacing_pass.py,test_dont_modify_input,FAIL,1,0,1,0,0,0,0,14.264,1,2,"test_dont_modify_input: RuntimeError: Expected all tensors to be on the same device. Expected NPU tensor, please check whether the input tensor device is correct.",TORCH_TRANSFER_TO_NPU=1 TORCH_NPU_DEVICE_CAPABILITY=8.0 TORCHINDUCTOR_COMPILE_THREADS=2 OMP_NUM_THREADS=2 TORCHINDUCTOR_CACHE_DIR=/home/l30023782/PTA_213/recheck_20261010/isolated/cache/case-053 TORCHNPU_PRECOMPILE_THREADS=2 ASCEND_RT_VISIBLE_DEVICES=2,/home/l30023782/miniforge3/envs/pta_213_case/bin/python -m pytest -vs -p isolated_plugin --junitxml=/home/l30023782/PTA_213/recheck_20261010/isolated/results/case-053.xml test_inplacing_pass.py::TestReinplacingPassCorrectness::test_dont_modify_input,test/inductor/test_inplacing_pass.py::TestReinplacingPassCorrectness::test_dont_modify_input,/home/l30023782/PTA_213/recheck_20261010/isolated/results/case-053.log
54,test_inplacing_pass.py,test_should_modify_inner,FAIL,1,0,1,0,0,0,0,13.136,1,0,"test_should_modify_inner: RuntimeError: Expected all tensors to be on the same device. Expected NPU tensor, please check whether the input tensor device is correct.",TORCH_TRANSFER_TO_NPU=1 TORCH_NPU_DEVICE_CAPABILITY=8.0 TORCHINDUCTOR_COMPILE_THREADS=2 OMP_NUM_THREADS=2 TORCHINDUCTOR_CACHE_DIR=/home/l30023782/PTA_213/recheck_20261010/isolated/cache/case-054 TORCHNPU_PRECOMPILE_THREADS=2 ASCEND_RT_VISIBLE_DEVICES=0,/home/l30023782/miniforge3/envs/pta_213_case/bin/python -m pytest -vs -p isolated_plugin --junitxml=/home/l30023782/PTA_213/recheck_20261010/isolated/results/case-054.xml test_inplacing_pass.py::TestReinplacingPassCorrectness::test_should_modify_inner,test/inductor/test_inplacing_pass.py::TestReinplacingPassCorrectness::test_should_modify_inner,/home/l30023782/PTA_213/recheck_20261010/isolated/results/case-054.log
55,test_inplacing_pass.py,test_should_modify_input,FAIL,1,0,1,0,0,0,0,14.239,1,1,"test_should_modify_input: RuntimeError: Expected all tensors to be on the same device. Expected NPU tensor, please check whether the input tensor device is correct.",TORCH_TRANSFER_TO_NPU=1 TORCH_NPU_DEVICE_CAPABILITY=8.0 TORCHINDUCTOR_COMPILE_THREADS=2 OMP_NUM_THREADS=2 TORCHINDUCTOR_CACHE_DIR=/home/l30023782/PTA_213/recheck_20261010/isolated/cache/case-055 TORCHNPU_PRECOMPILE_THREADS=2 ASCEND_RT_VISIBLE_DEVICES=1,/home/l30023782/miniforge3/envs/pta_213_case/bin/python -m pytest -vs -p isolated_plugin --junitxml=/home/l30023782/PTA_213/recheck_20261010/isolated/results/case-055.xml test_inplacing_pass.py::TestReinplacingPassCorrectness::test_should_modify_input,test/inductor/test_inplacing_pass.py::TestReinplacingPassCorrectness::test_should_modify_input,/home/l30023782/PTA_213/recheck_20261010/isolated/results/case-055.log
56,test_inplacing_pass.py,test_multi_output_intermediate,PASS,1,1,0,0,0,0,0,26.693,0,2,,TORCH_TRANSFER_TO_NPU=1 TORCH_NPU_DEVICE_CAPABILITY=8.0 TORCHINDUCTOR_COMPILE_THREADS=2 OMP_NUM_THREADS=2 TORCHINDUCTOR_CACHE_DIR=/home/l30023782/PTA_213/recheck_20261010/isolated/cache/case-056 TORCHNPU_PRECOMPILE_THREADS=2 ASCEND_RT_VISIBLE_DEVICES=2,/home/l30023782/miniforge3/envs/pta_213_case/bin/python -m pytest -vs -p isolated_plugin --junitxml=/home/l30023782/PTA_213/recheck_20261010/isolated/results/case-056.xml test_inplacing_pass.py::TestReinplacingPassCorrectness::test_multi_output_intermediate,test/inductor/test_inplacing_pass.py::TestReinplacingPassCorrectness::test_multi_output_intermediate,/home/l30023782/PTA_213/recheck_20261010/isolated/results/case-056.log
57,test_inplacing_pass.py,test_multiple_mutations,PASS,1,1,0,0,0,0,0,17.39,0,0,,TORCH_TRANSFER_TO_NPU=1 TORCH_NPU_DEVICE_CAPABILITY=8.0 TORCHINDUCTOR_COMPILE_THREADS=2 OMP_NUM_THREADS=2 TORCHINDUCTOR_CACHE_DIR=/home/l30023782/PTA_213/recheck_20261010/isolated/cache/case-057 TORCHNPU_PRECOMPILE_THREADS=2 ASCEND_RT_VISIBLE_DEVICES=0,/home/l30023782/miniforge3/envs/pta_213_case/bin/python -m pytest -vs -p isolated_plugin --junitxml=/home/l30023782/PTA_213/recheck_20261010/isolated/results/case-057.xml test_inplacing_pass.py::TestReinplacingPassCorrectness::test_multiple_mutations,test/inductor/test_inplacing_pass.py::TestReinplacingPassCorrectness::test_multiple_mutations,/home/l30023782/PTA_213/recheck_20261010/isolated/results/case-057.log
58,test_inplacing_pass.py,test_multiple_intermediate,PASS,1,1,0,0,0,0,0,17.172,0,1,,TORCH_TRANSFER_TO_NPU=1 TORCH_NPU_DEVICE_CAPABILITY=8.0 TORCHINDUCTOR_COMPILE_THREADS=2 OMP_NUM_THREADS=2 TORCHINDUCTOR_CACHE_DIR=/home/l30023782/PTA_213/recheck_20261010/isolated/cache/case-058 TORCHNPU_PRECOMPILE_THREADS=2 ASCEND_RT_VISIBLE_DEVICES=1,/home/l30023782/miniforge3/envs/pta_213_case/bin/python -m pytest -vs -p isolated_plugin --junitxml=/home/l30023782/PTA_213/recheck_20261010/isolated/results/case-058.xml test_inplacing_pass.py::TestReinplacingPassCorrectness::test_multiple_intermediate,test/inductor/test_inplacing_pass.py::TestReinplacingPassCorrectness::test_multiple_intermediate,/home/l30023782/PTA_213/recheck_20261010/isolated/results/case-058.log
59,test_inplacing_pass.py,test_lists_functionalize_v2,PASS,1,1,0,0,0,0,0,17.523,0,0,,TORCH_TRANSFER_TO_NPU=1 TORCH_NPU_DEVICE_CAPABILITY=8.0 TORCHINDUCTOR_COMPILE_THREADS=2 OMP_NUM_THREADS=2 TORCHINDUCTOR_CACHE_DIR=/home/l30023782/PTA_213/recheck_20261010/isolated/cache/case-059 TORCHNPU_PRECOMPILE_THREADS=2 ASCEND_RT_VISIBLE_DEVICES=0,/home/l30023782/miniforge3/envs/pta_213_case/bin/python -m pytest -vs -p isolated_plugin --junitxml=/home/l30023782/PTA_213/recheck_20261010/isolated/results/case-059.xml test_inplacing_pass.py::TestReinplacingPassCorrectness::test_lists_functionalize_v2,test/inductor/test_inplacing_pass.py::TestReinplacingPassCorrectness::test_lists_functionalize_v2,/home/l30023782/PTA_213/recheck_20261010/isolated/results/case-059.log
60,test_inplacing_pass.py,test_lists_old_functionalize,PASS,1,1,0,0,0,0,0,30.178,0,2,,TORCH_TRANSFER_TO_NPU=1 TORCH_NPU_DEVICE_CAPABILITY=8.0 TORCHINDUCTOR_COMPILE_THREADS=2 OMP_NUM_THREADS=2 TORCHINDUCTOR_CACHE_DIR=/home/l30023782/PTA_213/recheck_20261010/isolated/cache/case-060 TORCHNPU_PRECOMPILE_THREADS=2 ASCEND_RT_VISIBLE_DEVICES=2,/home/l30023782/miniforge3/envs/pta_213_case/bin/python -m pytest -vs -p isolated_plugin --junitxml=/home/l30023782/PTA_213/recheck_20261010/isolated/results/case-060.xml test_inplacing_pass.py::TestReinplacingPassCorrectness::test_lists_old_functionalize,test/inductor/test_inplacing_pass.py::TestReinplacingPassCorrectness::test_lists_old_functionalize,/home/l30023782/PTA_213/recheck_20261010/isolated/results/case-060.log
61,test_inplacing_pass.py,test_partitioner_recomputes_factory,PASS,2,2,0,0,0,0,0,16.312,0,1,,TORCH_TRANSFER_TO_NPU=1 TORCH_NPU_DEVICE_CAPABILITY=8.0 TORCHINDUCTOR_COMPILE_THREADS=2 OMP_NUM_THREADS=2 TORCHINDUCTOR_CACHE_DIR=/home/l30023782/PTA_213/recheck_20261010/isolated/cache/case-061 TORCHNPU_PRECOMPILE_THREADS=2 ASCEND_RT_VISIBLE_DEVICES=1,/home/l30023782/miniforge3/envs/pta_213_case/bin/python -m pytest -vs -p isolated_plugin --junitxml=/home/l30023782/PTA_213/recheck_20261010/isolated/results/case-061.xml test_inplacing_pass.py::TestReinplacingPassCorrectness::test_partitioner_recomputes_factory_empty_like_sin_op test_inplacing_pass.py::TestReinplacingPassCorrectness::test_partitioner_recomputes_factory_empty_like_sin_triton,"test/inductor/test_inplacing_pass.py::TestReinplacingPassCorrectness::test_partitioner_recomputes_factory_empty_like_sin_op
test/inductor/test_inplacing_pass.py::TestReinplacingPassCorrectness::test_partitioner_recomputes_factory_empty_like_sin_triton",/home/l30023782/PTA_213/recheck_20261010/isolated/results/case-061.log
62,test_inductor_annotations.py,test_no_annotations,SKIP,1,0,0,0,1,0,0,13.208,0,0,"test_no_annotations: ('/home/l30023782/PTA_213/Community-Use-Case-Testing/v2.13.0/pytorch/test/inductor/test_inductor_annotations.py', 29, 'Skipped: requires cuda and triton')",TORCH_TRANSFER_TO_NPU=1 TORCH_NPU_DEVICE_CAPABILITY=8.0 TORCHINDUCTOR_COMPILE_THREADS=2 OMP_NUM_THREADS=2 TORCHINDUCTOR_CACHE_DIR=/home/l30023782/PTA_213/recheck_20261010/isolated/cache/case-062 TORCHNPU_PRECOMPILE_THREADS=2 ASCEND_RT_VISIBLE_DEVICES=0,/home/l30023782/miniforge3/envs/pta_213_case/bin/python -m pytest -vs -p isolated_plugin --junitxml=/home/l30023782/PTA_213/recheck_20261010/isolated/results/case-062.xml test_inductor_annotations.py::InductorAnnotationTestCase::test_no_annotations,test/inductor/test_inductor_annotations.py::InductorAnnotationTestCase::test_no_annotations,/home/l30023782/PTA_213/recheck_20261010/isolated/results/case-062.log
63,test_inductor_annotations.py,test_training_annotation,SKIP,1,0,0,0,1,0,0,13.235,0,1,"test_training_annotation: ('/home/l30023782/PTA_213/Community-Use-Case-Testing/v2.13.0/pytorch/test/inductor/test_inductor_annotations.py', 36, 'Skipped: requires cuda and triton')",TORCH_TRANSFER_TO_NPU=1 TORCH_NPU_DEVICE_CAPABILITY=8.0 TORCHINDUCTOR_COMPILE_THREADS=2 OMP_NUM_THREADS=2 TORCHINDUCTOR_CACHE_DIR=/home/l30023782/PTA_213/recheck_20261010/isolated/cache/case-063 TORCHNPU_PRECOMPILE_THREADS=2 ASCEND_RT_VISIBLE_DEVICES=1,/home/l30023782/miniforge3/envs/pta_213_case/bin/python -m pytest -vs -p isolated_plugin --junitxml=/home/l30023782/PTA_213/recheck_20261010/isolated/results/case-063.xml test_inductor_annotations.py::InductorAnnotationTestCase::test_training_annotation,test/inductor/test_inductor_annotations.py::InductorAnnotationTestCase::test_training_annotation,/home/l30023782/PTA_213/recheck_20261010/isolated/results/case-063.log
64,test_alignment.py,test_unaligned_input,PASS,1,1,0,0,0,0,0,35.338,0,0,,TORCH_TRANSFER_TO_NPU=1 TORCH_NPU_DEVICE_CAPABILITY=8.0 TORCHINDUCTOR_COMPILE_THREADS=2 OMP_NUM_THREADS=2 TORCHINDUCTOR_CACHE_DIR=/home/l30023782/PTA_213/recheck_20261010/isolated/cache/case-064 TORCHNPU_PRECOMPILE_THREADS=2 ASCEND_RT_VISIBLE_DEVICES=0,/home/l30023782/miniforge3/envs/pta_213_case/bin/python -m pytest -vs -p isolated_plugin --junitxml=/home/l30023782/PTA_213/recheck_20261010/isolated/results/case-064.xml test_alignment.py::NPUTests::test_unaligned_input_npu,test/inductor/test_alignment.py::NPUTests::test_unaligned_input_npu,/home/l30023782/PTA_213/recheck_20261010/isolated/results/case-064.log
65,test_alignment.py,test_unaligned_input_2d,PASS,1,1,0,0,0,0,0,37.619,0,2,,TORCH_TRANSFER_TO_NPU=1 TORCH_NPU_DEVICE_CAPABILITY=8.0 TORCHINDUCTOR_COMPILE_THREADS=2 OMP_NUM_THREADS=2 TORCHINDUCTOR_CACHE_DIR=/home/l30023782/PTA_213/recheck_20261010/isolated/cache/case-065 TORCHNPU_PRECOMPILE_THREADS=2 ASCEND_RT_VISIBLE_DEVICES=2,/home/l30023782/miniforge3/envs/pta_213_case/bin/python -m pytest -vs -p isolated_plugin --junitxml=/home/l30023782/PTA_213/recheck_20261010/isolated/results/case-065.xml test_alignment.py::NPUTests::test_unaligned_input_2d_npu,test/inductor/test_alignment.py::NPUTests::test_unaligned_input_2d_npu,/home/l30023782/PTA_213/recheck_20261010/isolated/results/case-065.log
66,test_alignment.py,test_alignment_without_custom_op,PASS,1,1,0,0,0,0,0,36.517,0,1,,TORCH_TRANSFER_TO_NPU=1 TORCH_NPU_DEVICE_CAPABILITY=8.0 TORCHINDUCTOR_COMPILE_THREADS=2 OMP_NUM_THREADS=2 TORCHINDUCTOR_CACHE_DIR=/home/l30023782/PTA_213/recheck_20261010/isolated/cache/case-066 TORCHNPU_PRECOMPILE_THREADS=2 ASCEND_RT_VISIBLE_DEVICES=1,/home/l30023782/miniforge3/envs/pta_213_case/bin/python -m pytest -vs -p isolated_plugin --junitxml=/home/l30023782/PTA_213/recheck_20261010/isolated/results/case-066.xml test_alignment.py::NPUTests::test_alignment_without_custom_op_npu,test/inductor/test_alignment.py::NPUTests::test_alignment_without_custom_op_npu,/home/l30023782/PTA_213/recheck_20261010/isolated/results/case-066.log
67,test_alignment.py,test_no_align_for_custom_op,PASS,1,1,0,0,0,0,0,59.558,0,0,,TORCH_TRANSFER_TO_NPU=1 TORCH_NPU_DEVICE_CAPABILITY=8.0 TORCHINDUCTOR_COMPILE_THREADS=2 OMP_NUM_THREADS=2 TORCHINDUCTOR_CACHE_DIR=/home/l30023782/PTA_213/recheck_20261010/isolated/cache/case-067 TORCHNPU_PRECOMPILE_THREADS=2 ASCEND_RT_VISIBLE_DEVICES=0,/home/l30023782/miniforge3/envs/pta_213_case/bin/python -m pytest -vs -p isolated_plugin --junitxml=/home/l30023782/PTA_213/recheck_20261010/isolated/results/case-067.xml test_alignment.py::NPUTests::test_no_align_for_custom_op_npu,test/inductor/test_alignment.py::NPUTests::test_no_align_for_custom_op_npu,/home/l30023782/PTA_213/recheck_20261010/isolated/results/case-067.log
68,test_alignment.py,test_no_align_for_custom_op_2d,FAIL,1,0,1,0,0,0,0,108.405,1,1,"test_no_align_for_custom_op_2d_npu: AssertionError: expected size 1024==1024, stride 1024==1040 at dim=0",TORCH_TRANSFER_TO_NPU=1 TORCH_NPU_DEVICE_CAPABILITY=8.0 TORCHINDUCTOR_COMPILE_THREADS=2 OMP_NUM_THREADS=2 TORCHINDUCTOR_CACHE_DIR=/home/l30023782/PTA_213/recheck_20261010/isolated/cache/case-068 TORCHNPU_PRECOMPILE_THREADS=2 ASCEND_RT_VISIBLE_DEVICES=1,/home/l30023782/miniforge3/envs/pta_213_case/bin/python -m pytest -vs -p isolated_plugin --junitxml=/home/l30023782/PTA_213/recheck_20261010/isolated/results/case-068.xml test_alignment.py::NPUTests::test_no_align_for_custom_op_2d_npu,test/inductor/test_alignment.py::NPUTests::test_no_align_for_custom_op_2d_npu,/home/l30023782/PTA_213/recheck_20261010/isolated/results/case-068.log
69,test_alignment.py,test_incorrect_meta_for_custom_op_2d,FAIL,1,0,1,0,0,0,0,108.734,1,2,"test_incorrect_meta_for_custom_op_2d_npu: AssertionError: expected size 1024==1024, stride 1024==1040 at dim=0 | AssertionError: ""Expect the tensor to be 16 bytes aligned. Fail due to storage_offset=1 itemsize=4"" does not match ""expected size 1024==1024, stride 1024==1040 at dim=0",TORCH_TRANSFER_TO_NPU=1 TORCH_NPU_DEVICE_CAPABILITY=8.0 TORCHINDUCTOR_COMPILE_THREADS=2 OMP_NUM_THREADS=2 TORCHINDUCTOR_CACHE_DIR=/home/l30023782/PTA_213/recheck_20261010/isolated/cache/case-069 TORCHNPU_PRECOMPILE_THREADS=2 ASCEND_RT_VISIBLE_DEVICES=2,/home/l30023782/miniforge3/envs/pta_213_case/bin/python -m pytest -vs -p isolated_plugin --junitxml=/home/l30023782/PTA_213/recheck_20261010/isolated/results/case-069.xml test_alignment.py::NPUTests::test_incorrect_meta_for_custom_op_2d_npu,test/inductor/test_alignment.py::NPUTests::test_incorrect_meta_for_custom_op_2d_npu,/home/l30023782/PTA_213/recheck_20261010/isolated/results/case-069.log
70,test_alignment.py,test_slice,PASS,1,1,0,0,0,0,0,65.222,0,0,,TORCH_TRANSFER_TO_NPU=1 TORCH_NPU_DEVICE_CAPABILITY=8.0 TORCHINDUCTOR_COMPILE_THREADS=2 OMP_NUM_THREADS=2 TORCHINDUCTOR_CACHE_DIR=/home/l30023782/PTA_213/recheck_20261010/isolated/cache/case-070 TORCHNPU_PRECOMPILE_THREADS=2 ASCEND_RT_VISIBLE_DEVICES=0,/home/l30023782/miniforge3/envs/pta_213_case/bin/python -m pytest -vs -p isolated_plugin --junitxml=/home/l30023782/PTA_213/recheck_20261010/isolated/results/case-070.xml test_alignment.py::NPUTests::test_slice_npu,test/inductor/test_alignment.py::NPUTests::test_slice_npu,/home/l30023782/PTA_213/recheck_20261010/isolated/results/case-070.log
71,test_alignment.py,test_view_dtype_slice,PASS,1,1,0,0,0,0,0,40.267,0,1,,TORCH_TRANSFER_TO_NPU=1 TORCH_NPU_DEVICE_CAPABILITY=8.0 TORCHINDUCTOR_COMPILE_THREADS=2 OMP_NUM_THREADS=2 TORCHINDUCTOR_CACHE_DIR=/home/l30023782/PTA_213/recheck_20261010/isolated/cache/case-071 TORCHNPU_PRECOMPILE_THREADS=2 ASCEND_RT_VISIBLE_DEVICES=1,/home/l30023782/miniforge3/envs/pta_213_case/bin/python -m pytest -vs -p isolated_plugin --junitxml=/home/l30023782/PTA_213/recheck_20261010/isolated/results/case-071.xml test_alignment.py::NPUTests::test_view_dtype_slice_npu,test/inductor/test_alignment.py::NPUTests::test_view_dtype_slice_npu,/home/l30023782/PTA_213/recheck_20261010/isolated/results/case-071.log
72,test_alignment.py,test_slice_view_dtype,PASS,3,3,0,0,0,0,0,120.912,0,2,,TORCH_TRANSFER_TO_NPU=1 TORCH_NPU_DEVICE_CAPABILITY=8.0 TORCHINDUCTOR_COMPILE_THREADS=2 OMP_NUM_THREADS=2 TORCHINDUCTOR_CACHE_DIR=/home/l30023782/PTA_213/recheck_20261010/isolated/cache/case-072 TORCHNPU_PRECOMPILE_THREADS=2 ASCEND_RT_VISIBLE_DEVICES=2,/home/l30023782/miniforge3/envs/pta_213_case/bin/python -m pytest -vs -p isolated_plugin --junitxml=/home/l30023782/PTA_213/recheck_20261010/isolated/results/case-072.xml test_alignment.py::NPUTests::test_slice_view_dtype_size_1024_npu test_alignment.py::NPUTests::test_slice_view_dtype_size_1048576_npu test_alignment.py::NPUTests::test_slice_view_dtype_size_128_npu,"test/inductor/test_alignment.py::NPUTests::test_slice_view_dtype_size_1024_npu
test/inductor/test_alignment.py::NPUTests::test_slice_view_dtype_size_1048576_npu
test/inductor/test_alignment.py::NPUTests::test_slice_view_dtype_size_128_npu",/home/l30023782/PTA_213/recheck_20261010/isolated/results/case-072.log
73,test_alignment.py,test_Q4_K_dequantization,FAIL,1,0,1,0,0,0,0,14.008,1,0,"test_Q4_K_dequantization_npu: RuntimeError: __rshift__:third_party/op-plugin/op_plugin/ops/opapi/__Rshift__KernelNpuOpApi.cpp:26 NPU function error: call aclnnRightShift failed, error code is 507899",TORCH_TRANSFER_TO_NPU=1 TORCH_NPU_DEVICE_CAPABILITY=8.0 TORCHINDUCTOR_COMPILE_THREADS=2 OMP_NUM_THREADS=2 TORCHINDUCTOR_CACHE_DIR=/home/l30023782/PTA_213/recheck_20261010/isolated/cache/case-073 TORCHNPU_PRECOMPILE_THREADS=2 ASCEND_RT_VISIBLE_DEVICES=0,/home/l30023782/miniforge3/envs/pta_213_case/bin/python -m pytest -vs -p isolated_plugin --junitxml=/home/l30023782/PTA_213/recheck_20261010/isolated/results/case-073.xml test_alignment.py::NPUTests::test_Q4_K_dequantization_npu,test/inductor/test_alignment.py::NPUTests::test_Q4_K_dequantization_npu,/home/l30023782/PTA_213/recheck_20261010/isolated/results/case-073.log
74,test_smoke.py,test_mlp,PASS,1,1,0,0,0,0,0,32.383,0,0,,TORCH_TRANSFER_TO_NPU=1 TORCH_NPU_DEVICE_CAPABILITY=8.0 TORCHINDUCTOR_COMPILE_THREADS=2 OMP_NUM_THREADS=2 TORCHINDUCTOR_CACHE_DIR=/home/l30023782/PTA_213/recheck_20261010/isolated/cache/case-074 TORCHNPU_PRECOMPILE_THREADS=2 ASCEND_RT_VISIBLE_DEVICES=0,/home/l30023782/miniforge3/envs/pta_213_case/bin/python -m pytest -vs -p isolated_plugin --junitxml=/home/l30023782/PTA_213/recheck_20261010/isolated/results/case-074.xml test_smoke.py::SmokeTest::test_mlp,test/inductor/test_smoke.py::SmokeTest::test_mlp,/home/l30023782/PTA_213/recheck_20261010/isolated/results/case-074.log
75,test_smoke.py,test_compile_decorator,FAIL,1,0,1,0,0,0,0,86.999,1,1,test_compile_decorator: torch._inductor.exc.InductorError: AttributeError: module 'torch._C' has no attribute '_cuda_cudaCachingAllocator_is_enabled',TORCH_TRANSFER_TO_NPU=1 TORCH_NPU_DEVICE_CAPABILITY=8.0 TORCHINDUCTOR_COMPILE_THREADS=2 OMP_NUM_THREADS=2 TORCHINDUCTOR_CACHE_DIR=/home/l30023782/PTA_213/recheck_20261010/isolated/cache/case-075 TORCHNPU_PRECOMPILE_THREADS=2 ASCEND_RT_VISIBLE_DEVICES=1,/home/l30023782/miniforge3/envs/pta_213_case/bin/python -m pytest -vs -p isolated_plugin --junitxml=/home/l30023782/PTA_213/recheck_20261010/isolated/results/case-075.xml test_smoke.py::SmokeTest::test_compile_decorator,test/inductor/test_smoke.py::SmokeTest::test_compile_decorator,/home/l30023782/PTA_213/recheck_20261010/isolated/results/case-075.log
76,test_benchmarking.py,test_benchmark_smoke,SKIP,2,0,0,0,2,0,0,22.308,0,0,"test_benchmark_smoke_benchmarker_cls0_device_npu: ('/home/l30023782/PTA_213/Community-Use-Case-Testing/v2.13.0/pytorch/test/inductor/test_benchmarking.py', 60, 'Skipped: requires CPU and GPU')
test_benchmark_smoke_benchmarker_cls1_device_npu: ('/home/l30023782/PTA_213/Community-Use-Case-Testing/v2.13.0/pytorch/test/inductor/test_benchmarking.py', 60, 'Skipped: requires CPU and GPU')",TORCH_TRANSFER_TO_NPU=1 TORCH_NPU_DEVICE_CAPABILITY=8.0 TORCHINDUCTOR_COMPILE_THREADS=2 OMP_NUM_THREADS=2 TORCHINDUCTOR_CACHE_DIR=/home/l30023782/PTA_213/recheck_20261010/isolated/cache/case-076 TORCHNPU_PRECOMPILE_THREADS=2 ASCEND_RT_VISIBLE_DEVICES=0,/home/l30023782/miniforge3/envs/pta_213_case/bin/python -m pytest -vs -p isolated_plugin --junitxml=/home/l30023782/PTA_213/recheck_20261010/isolated/results/case-076.xml test_benchmarking.py::TestBenchmarker::test_benchmark_smoke_benchmarker_cls0_device_npu test_benchmarking.py::TestBenchmarker::test_benchmark_smoke_benchmarker_cls1_device_npu,"test/inductor/test_benchmarking.py::TestBenchmarker::test_benchmark_smoke_benchmarker_cls0_device_npu
test/inductor/test_benchmarking.py::TestBenchmarker::test_benchmark_smoke_benchmarker_cls1_device_npu",/home/l30023782/PTA_213/recheck_20261010/isolated/results/case-076.log
77,test_benchmarking.py,test_benchmark_gpu_smoke,SKIP,2,0,0,0,2,0,0,30.174,0,0,"test_benchmark_gpu_smoke_benchmarker_cls0: ('/home/l30023782/PTA_213/Community-Use-Case-Testing/v2.13.0/pytorch/test/inductor/test_benchmarking.py', 90, 'Skipped: requires GPU')
test_benchmark_gpu_smoke_benchmarker_cls1: ('/home/l30023782/PTA_213/Community-Use-Case-Testing/v2.13.0/pytorch/test/inductor/test_benchmarking.py', 90, 'Skipped: requires GPU')",TORCH_TRANSFER_TO_NPU=1 TORCH_NPU_DEVICE_CAPABILITY=8.0 TORCHINDUCTOR_COMPILE_THREADS=2 OMP_NUM_THREADS=2 TORCHINDUCTOR_CACHE_DIR=/home/l30023782/PTA_213/recheck_20261010/isolated/cache/case-077 TORCHNPU_PRECOMPILE_THREADS=2 ASCEND_RT_VISIBLE_DEVICES=0,/home/l30023782/miniforge3/envs/pta_213_case/bin/python -m pytest -vs -p isolated_plugin --junitxml=/home/l30023782/PTA_213/recheck_20261010/isolated/results/case-077.xml test_benchmarking.py::TestBenchmarker::test_benchmark_gpu_smoke_benchmarker_cls0 test_benchmarking.py::TestBenchmarker::test_benchmark_gpu_smoke_benchmarker_cls1,"test/inductor/test_benchmarking.py::TestBenchmarker::test_benchmark_gpu_smoke_benchmarker_cls0
test/inductor/test_benchmarking.py::TestBenchmarker::test_benchmark_gpu_smoke_benchmarker_cls1",/home/l30023782/PTA_213/recheck_20261010/isolated/results/case-077.log
78,test_benchmarking.py,test_benchmark_safely_infers_device_no_devices,XFAIL,2,0,0,0,0,2,0,33.009,0,0,"test_benchmark_safely_infers_device_no_devices_benchmarker_cls0: raise XFailed(reason) | _pytest.outcomes.XFailed
test_benchmark_safely_infers_device_no_devices_benchmarker_cls1: raise XFailed(reason) | _pytest.outcomes.XFailed",TORCH_TRANSFER_TO_NPU=1 TORCH_NPU_DEVICE_CAPABILITY=8.0 TORCHINDUCTOR_COMPILE_THREADS=2 OMP_NUM_THREADS=2 TORCHINDUCTOR_CACHE_DIR=/home/l30023782/PTA_213/recheck_20261010/isolated/cache/case-078 TORCHNPU_PRECOMPILE_THREADS=2 ASCEND_RT_VISIBLE_DEVICES=0,/home/l30023782/miniforge3/envs/pta_213_case/bin/python -m pytest -vs -p isolated_plugin --junitxml=/home/l30023782/PTA_213/recheck_20261010/isolated/results/case-078.xml test_benchmarking.py::TestBenchmarker::test_benchmark_safely_infers_device_no_devices_benchmarker_cls0 test_benchmarking.py::TestBenchmarker::test_benchmark_safely_infers_device_no_devices_benchmarker_cls1,"test/inductor/test_benchmarking.py::TestBenchmarker::test_benchmark_safely_infers_device_no_devices_benchmarker_cls0
test/inductor/test_benchmarking.py::TestBenchmarker::test_benchmark_safely_infers_device_no_devices_benchmarker_cls1",/home/l30023782/PTA_213/recheck_20261010/isolated/results/case-078.log
79,test_benchmarking.py,test_benchmark_safely_infers_device_many_devices,SKIP,2,0,0,0,2,0,0,24.387,0,2,"test_benchmark_safely_infers_device_many_devices_benchmarker_cls0: ('/home/l30023782/PTA_213/Community-Use-Case-Testing/v2.13.0/pytorch/test/inductor/test_benchmarking.py', 113, 'Skipped: requires CPU and GPU')
test_benchmark_safely_infers_device_many_devices_benchmarker_cls1: ('/home/l30023782/PTA_213/Community-Use-Case-Testing/v2.13.0/pytorch/test/inductor/test_benchmarking.py', 113, 'Skipped: requires CPU and GPU')",TORCH_TRANSFER_TO_NPU=1 TORCH_NPU_DEVICE_CAPABILITY=8.0 TORCHINDUCTOR_COMPILE_THREADS=2 OMP_NUM_THREADS=2 TORCHINDUCTOR_CACHE_DIR=/home/l30023782/PTA_213/recheck_20261010/isolated/cache/case-079 TORCHNPU_PRECOMPILE_THREADS=2 ASCEND_RT_VISIBLE_DEVICES=2,/home/l30023782/miniforge3/envs/pta_213_case/bin/python -m pytest -vs -p isolated_plugin --junitxml=/home/l30023782/PTA_213/recheck_20261010/isolated/results/case-079.xml test_benchmarking.py::TestBenchmarker::test_benchmark_safely_infers_device_many_devices_benchmarker_cls0 test_benchmarking.py::TestBenchmarker::test_benchmark_safely_infers_device_many_devices_benchmarker_cls1,"test/inductor/test_benchmarking.py::TestBenchmarker::test_benchmark_safely_infers_device_many_devices_benchmarker_cls0
test/inductor/test_benchmarking.py::TestBenchmarker::test_benchmark_safely_infers_device_many_devices_benchmarker_cls1",/home/l30023782/PTA_213/recheck_20261010/isolated/results/case-079.log
80,test_benchmarking.py,test_benchmark_warmup_and_rep_defaults,SKIP,1,0,0,0,1,0,0,18.988,0,1,"test_benchmark_warmup_and_rep_defaults: ('/home/l30023782/PTA_213/Community-Use-Case-Testing/v2.13.0/pytorch/test/inductor/test_benchmarking.py', 125, 'Skipped: requires GPU')",TORCH_TRANSFER_TO_NPU=1 TORCH_NPU_DEVICE_CAPABILITY=8.0 TORCHINDUCTOR_COMPILE_THREADS=2 OMP_NUM_THREADS=2 TORCHINDUCTOR_CACHE_DIR=/home/l30023782/PTA_213/recheck_20261010/isolated/cache/case-080 TORCHNPU_PRECOMPILE_THREADS=2 ASCEND_RT_VISIBLE_DEVICES=1,/home/l30023782/miniforge3/envs/pta_213_case/bin/python -m pytest -vs -p isolated_plugin --junitxml=/home/l30023782/PTA_213/recheck_20261010/isolated/results/case-080.xml test_benchmarking.py::TestBenchmarker::test_benchmark_warmup_and_rep_defaults,test/inductor/test_benchmarking.py::TestBenchmarker::test_benchmark_warmup_and_rep_defaults,/home/l30023782/PTA_213/recheck_20261010/isolated/results/case-080.log
81,test_benchmarking.py,test_benchmark_warmup_and_rep_custom_values,SKIP,1,0,0,0,1,0,0,29.253,0,0,"test_benchmark_warmup_and_rep_custom_values: ('/home/l30023782/PTA_213/Community-Use-Case-Testing/v2.13.0/pytorch/test/inductor/test_benchmarking.py', 143, 'Skipped: requires GPU')",TORCH_TRANSFER_TO_NPU=1 TORCH_NPU_DEVICE_CAPABILITY=8.0 TORCHINDUCTOR_COMPILE_THREADS=2 OMP_NUM_THREADS=2 TORCHINDUCTOR_CACHE_DIR=/home/l30023782/PTA_213/recheck_20261010/isolated/cache/case-081 TORCHNPU_PRECOMPILE_THREADS=2 ASCEND_RT_VISIBLE_DEVICES=0,/home/l30023782/miniforge3/envs/pta_213_case/bin/python -m pytest -vs -p isolated_plugin --junitxml=/home/l30023782/PTA_213/recheck_20261010/isolated/results/case-081.xml test_benchmarking.py::TestBenchmarker::test_benchmark_warmup_and_rep_custom_values,test/inductor/test_benchmarking.py::TestBenchmarker::test_benchmark_warmup_and_rep_custom_values,/home/l30023782/PTA_213/recheck_20261010/isolated/results/case-081.log
82,test_benchmarking.py,test_torch_profiler_benchmarker_reuses_inductor_helpers,SKIP,2,0,0,0,2,0,0,30.731,0,1,"test_torch_profiler_benchmarker_reuses_inductor_helpers_hip_value0_expected_buffer_size_bytes_1024: ('/home/l30023782/PTA_213/Community-Use-Case-Testing/v2.13.0/pytorch/test/inductor/test_benchmarking.py', 495, 'Skipped: requires GPU')
test_torch_profiler_benchmarker_reuses_inductor_helpers_hip_value_mock-hip_expected_buffer_size_bytes_268435456: ('/home/l30023782/PTA_213/Community-Use-Case-Testing/v2.13.0/pytorch/test/inductor/test_benchmarking.py', 495, 'Skipped: requires GPU')",TORCH_TRANSFER_TO_NPU=1 TORCH_NPU_DEVICE_CAPABILITY=8.0 TORCHINDUCTOR_COMPILE_THREADS=2 OMP_NUM_THREADS=2 TORCHINDUCTOR_CACHE_DIR=/home/l30023782/PTA_213/recheck_20261010/isolated/cache/case-082 TORCHNPU_PRECOMPILE_THREADS=2 ASCEND_RT_VISIBLE_DEVICES=1,/home/l30023782/miniforge3/envs/pta_213_case/bin/python -m pytest -vs -p isolated_plugin --junitxml=/home/l30023782/PTA_213/recheck_20261010/isolated/results/case-082.xml test_benchmarking.py::TestBenchmarker::test_torch_profiler_benchmarker_reuses_inductor_helpers_hip_value0_expected_buffer_size_bytes_1024 test_benchmarking.py::TestBenchmarker::test_torch_profiler_benchmarker_reuses_inductor_helpers_hip_value_mock-hip_expected_buffer_size_bytes_268435456,"test/inductor/test_benchmarking.py::TestBenchmarker::test_torch_profiler_benchmarker_reuses_inductor_helpers_hip_value0_expected_buffer_size_bytes_1024
test/inductor/test_benchmarking.py::TestBenchmarker::test_torch_profiler_benchmarker_reuses_inductor_helpers_hip_value_mock-hip_expected_buffer_size_bytes_268435456",/home/l30023782/PTA_213/recheck_20261010/isolated/results/case-082.log
83,test_efficient_conv_bn_eval.py,test_conv_bn_eval,NOT_COLLECTED,0,0,0,0,0,0,0,29.486,5,2,当前源码中 test_conv_bn_eval 是 test_basic 内部函数，不能由 pytest 独立收集。,TORCH_TRANSFER_TO_NPU=1 TORCH_NPU_DEVICE_CAPABILITY=8.0 TORCHINDUCTOR_COMPILE_THREADS=2 OMP_NUM_THREADS=2 TORCHINDUCTOR_CACHE_DIR=/home/l30023782/PTA_213/recheck_20261010/isolated/cache/case-083 TORCHNPU_PRECOMPILE_THREADS=2 ASCEND_RT_VISIBLE_DEVICES=2,/home/l30023782/miniforge3/envs/pta_213_case/bin/python -m pytest -vs -p isolated_plugin --junitxml=/home/l30023782/PTA_213/recheck_20261010/isolated/results/case-083.xml test_efficient_conv_bn_eval.py -k test_conv_bn_eval,,/home/l30023782/PTA_213/recheck_20261010/isolated/results/case-083.log
84,test_inplace_padding.py,test_skip_pad_due_to_fusion,PASS,1,1,0,0,0,0,0,45.992,0,0,,TORCH_TRANSFER_TO_NPU=1 TORCH_NPU_DEVICE_CAPABILITY=8.0 TORCHINDUCTOR_COMPILE_THREADS=2 OMP_NUM_THREADS=2 TORCHINDUCTOR_CACHE_DIR=/home/l30023782/PTA_213/recheck_20261010/isolated/cache/case-084 TORCHNPU_PRECOMPILE_THREADS=2 ASCEND_RT_VISIBLE_DEVICES=0,/home/l30023782/miniforge3/envs/pta_213_case/bin/python -m pytest -vs -p isolated_plugin --junitxml=/home/l30023782/PTA_213/recheck_20261010/isolated/results/case-084.xml test_inplace_padding.py::InplacePaddingTest::test_skip_pad_due_to_fusion,test/inductor/test_inplace_padding.py::InplacePaddingTest::test_skip_pad_due_to_fusion,/home/l30023782/PTA_213/recheck_20261010/isolated/results/case-084.log
85,test_inplace_padding.py,test_skip_pad_input,PASS,1,1,0,0,0,0,0,29.64,0,2,,TORCH_TRANSFER_TO_NPU=1 TORCH_NPU_DEVICE_CAPABILITY=8.0 TORCHINDUCTOR_COMPILE_THREADS=2 OMP_NUM_THREADS=2 TORCHINDUCTOR_CACHE_DIR=/home/l30023782/PTA_213/recheck_20261010/isolated/cache/case-085 TORCHNPU_PRECOMPILE_THREADS=2 ASCEND_RT_VISIBLE_DEVICES=2,/home/l30023782/miniforge3/envs/pta_213_case/bin/python -m pytest -vs -p isolated_plugin --junitxml=/home/l30023782/PTA_213/recheck_20261010/isolated/results/case-085.xml test_inplace_padding.py::InplacePaddingTest::test_skip_pad_input,test/inductor/test_inplace_padding.py::InplacePaddingTest::test_skip_pad_input,/home/l30023782/PTA_213/recheck_20261010/isolated/results/case-085.log
86,test_inplace_padding.py,test_pad_non_zero,FAIL,1,0,1,0,0,0,0,96.473,1,1,"test_pad_non_zero: RuntimeError: Expected to find regex ""empty_strided.*\\(\\(2048, 2048\\), \\(2048, 1\\), torch.float32\\).as_strided\\(\\(2048, 2047\\), \\(2048, 1\\)\\)"" but did not find it",TORCH_TRANSFER_TO_NPU=1 TORCH_NPU_DEVICE_CAPABILITY=8.0 TORCHINDUCTOR_COMPILE_THREADS=2 OMP_NUM_THREADS=2 TORCHINDUCTOR_CACHE_DIR=/home/l30023782/PTA_213/recheck_20261010/isolated/cache/case-086 TORCHNPU_PRECOMPILE_THREADS=2 ASCEND_RT_VISIBLE_DEVICES=1,/home/l30023782/miniforge3/envs/pta_213_case/bin/python -m pytest -vs -p isolated_plugin --junitxml=/home/l30023782/PTA_213/recheck_20261010/isolated/results/case-086.xml test_inplace_padding.py::InplacePaddingTest::test_pad_non_zero,test/inductor/test_inplace_padding.py::InplacePaddingTest::test_pad_non_zero,/home/l30023782/PTA_213/recheck_20261010/isolated/results/case-086.log
87,test_inplace_padding.py,test_pad_non_zero_cpp_wrapper,FAIL,1,0,1,0,0,0,0,91.514,1,2,"test_pad_non_zero_cpp_wrapper: torch._inductor.exc.InductorError: RuntimeError: Expected to find ""buf0 = generate_example_value((2048, 2047), (2048, 1), \'npu:0\', torch.float32, 0, (2048, 2048))"" but did not find it",TORCH_TRANSFER_TO_NPU=1 TORCH_NPU_DEVICE_CAPABILITY=8.0 TORCHINDUCTOR_COMPILE_THREADS=2 OMP_NUM_THREADS=2 TORCHINDUCTOR_CACHE_DIR=/home/l30023782/PTA_213/recheck_20261010/isolated/cache/case-087 TORCHNPU_PRECOMPILE_THREADS=2 ASCEND_RT_VISIBLE_DEVICES=2,/home/l30023782/miniforge3/envs/pta_213_case/bin/python -m pytest -vs -p isolated_plugin --junitxml=/home/l30023782/PTA_213/recheck_20261010/isolated/results/case-087.xml test_inplace_padding.py::InplacePaddingTest::test_pad_non_zero_cpp_wrapper,test/inductor/test_inplace_padding.py::InplacePaddingTest::test_pad_non_zero_cpp_wrapper,/home/l30023782/PTA_213/recheck_20261010/isolated/results/case-087.log
88,test_inplace_padding.py,test_pad_too_large,PASS,1,1,0,0,0,0,0,18.901,0,0,,TORCH_TRANSFER_TO_NPU=1 TORCH_NPU_DEVICE_CAPABILITY=8.0 TORCHINDUCTOR_COMPILE_THREADS=2 OMP_NUM_THREADS=2 TORCHINDUCTOR_CACHE_DIR=/home/l30023782/PTA_213/recheck_20261010/isolated/cache/case-088 TORCHNPU_PRECOMPILE_THREADS=2 ASCEND_RT_VISIBLE_DEVICES=0,/home/l30023782/miniforge3/envs/pta_213_case/bin/python -m pytest -vs -p isolated_plugin --junitxml=/home/l30023782/PTA_213/recheck_20261010/isolated/results/case-088.xml test_inplace_padding.py::InplacePaddingTest::test_pad_too_large,test/inductor/test_inplace_padding.py::InplacePaddingTest::test_pad_too_large,/home/l30023782/PTA_213/recheck_20261010/isolated/results/case-088.log
89,test_inplace_padding.py,test_mutating_padding_input,FAIL,1,0,1,0,0,0,0,117.804,1,0,test_mutating_padding_input: AssertionError: Scalars are not equal! | Expected 1 but got 0.,TORCH_TRANSFER_TO_NPU=1 TORCH_NPU_DEVICE_CAPABILITY=8.0 TORCHINDUCTOR_COMPILE_THREADS=2 OMP_NUM_THREADS=2 TORCHINDUCTOR_CACHE_DIR=/home/l30023782/PTA_213/recheck_20261010/isolated/cache/case-089 TORCHNPU_PRECOMPILE_THREADS=2 ASCEND_RT_VISIBLE_DEVICES=0,/home/l30023782/miniforge3/envs/pta_213_case/bin/python -m pytest -vs -p isolated_plugin --junitxml=/home/l30023782/PTA_213/recheck_20261010/isolated/results/case-089.xml test_inplace_padding.py::InplacePaddingTest::test_mutating_padding_input,test/inductor/test_inplace_padding.py::InplacePaddingTest::test_mutating_padding_input,/home/l30023782/PTA_213/recheck_20261010/isolated/results/case-089.log
90,test_inplace_padding.py,test_mutating_padding_output,PASS,1,1,0,0,0,0,0,98.78,0,1,,TORCH_TRANSFER_TO_NPU=1 TORCH_NPU_DEVICE_CAPABILITY=8.0 TORCHINDUCTOR_COMPILE_THREADS=2 OMP_NUM_THREADS=2 TORCHINDUCTOR_CACHE_DIR=/home/l30023782/PTA_213/recheck_20261010/isolated/cache/case-090 TORCHNPU_PRECOMPILE_THREADS=2 ASCEND_RT_VISIBLE_DEVICES=1,/home/l30023782/miniforge3/envs/pta_213_case/bin/python -m pytest -vs -p isolated_plugin --junitxml=/home/l30023782/PTA_213/recheck_20261010/isolated/results/case-090.xml test_inplace_padding.py::InplacePaddingTest::test_mutating_padding_output,test/inductor/test_inplace_padding.py::InplacePaddingTest::test_mutating_padding_output,/home/l30023782/PTA_213/recheck_20261010/isolated/results/case-090.log
91,test_inplace_padding.py,test_linear_and_cel,FAIL,1,0,1,0,0,0,0,291.679,1,2,test_linear_and_cel: AssertionError: Scalars are not equal! | Expected 1 but got 0.,TORCH_TRANSFER_TO_NPU=1 TORCH_NPU_DEVICE_CAPABILITY=8.0 TORCHINDUCTOR_COMPILE_THREADS=2 OMP_NUM_THREADS=2 TORCHINDUCTOR_CACHE_DIR=/home/l30023782/PTA_213/recheck_20261010/isolated/cache/case-091 TORCHNPU_PRECOMPILE_THREADS=2 ASCEND_RT_VISIBLE_DEVICES=2,/home/l30023782/miniforge3/envs/pta_213_case/bin/python -m pytest -vs -p isolated_plugin --junitxml=/home/l30023782/PTA_213/recheck_20261010/isolated/results/case-091.xml test_inplace_padding.py::InplacePaddingTest::test_linear_and_cel,test/inductor/test_inplace_padding.py::InplacePaddingTest::test_linear_and_cel,/home/l30023782/PTA_213/recheck_20261010/isolated/results/case-091.log
92,test_inplace_padding.py,test_linear_and_cel_max_autotune,FAIL,1,0,1,0,0,0,0,590.457,1,0,test_linear_and_cel_max_autotune: torch._inductor.exc.InductorError: TimeoutError: 110 (of 462) futures unfinished,TORCH_TRANSFER_TO_NPU=1 TORCH_NPU_DEVICE_CAPABILITY=8.0 TORCHINDUCTOR_COMPILE_THREADS=2 OMP_NUM_THREADS=2 TORCHINDUCTOR_CACHE_DIR=/home/l30023782/PTA_213/recheck_20261010/isolated/cache/case-092 TORCHNPU_PRECOMPILE_THREADS=2 ASCEND_RT_VISIBLE_DEVICES=0,/home/l30023782/miniforge3/envs/pta_213_case/bin/python -m pytest -vs -p isolated_plugin --junitxml=/home/l30023782/PTA_213/recheck_20261010/isolated/results/case-092.xml test_inplace_padding.py::InplacePaddingTest::test_linear_and_cel_max_autotune,test/inductor/test_inplace_padding.py::InplacePaddingTest::test_linear_and_cel_max_autotune,/home/l30023782/PTA_213/recheck_20261010/isolated/results/case-092.log
93,test_triton_extension_backend.py,test_open_device_registration,FAIL,1,0,1,0,0,0,0,63.335,1,1,test_open_device_registration: RuntimeError: The runtime module of 'npu' has already been registered with '<module 'torch_npu.npu' from '/home/l30023782/miniforge3/envs/pta_213_case/lib/python3.11/site-packages/torch_npu/npu/__init__.py'>',TORCH_TRANSFER_TO_NPU=1 TORCH_NPU_DEVICE_CAPABILITY=8.0 TORCHINDUCTOR_COMPILE_THREADS=2 OMP_NUM_THREADS=2 TORCHINDUCTOR_CACHE_DIR=/home/l30023782/PTA_213/recheck_20261010/isolated/cache/case-093 TORCHNPU_PRECOMPILE_THREADS=2 ASCEND_RT_VISIBLE_DEVICES=1,/home/l30023782/miniforge3/envs/pta_213_case/bin/python -m pytest -vs -p isolated_plugin --junitxml=/home/l30023782/PTA_213/recheck_20261010/isolated/results/case-093.xml test_triton_extension_backend.py::TritonExtensionBackendTests::test_open_device_registration,test/inductor/test_triton_extension_backend.py::TritonExtensionBackendTests::test_open_device_registration,/home/l30023782/PTA_213/recheck_20261010/isolated/results/case-093.log
94,test_triton_extension_backend.py,test_codegen_with_custom_heuristics_module,SKIP,1,0,0,0,1,0,0,28.076,0,1,"test_codegen_with_custom_heuristics_module: ('/home/l30023782/PTA_213/Community-Use-Case-Testing/v2.13.0/pytorch/test/inductor/test_triton_extension_backend.py', 223, 'Skipped: Requires Triton backend.')",TORCH_TRANSFER_TO_NPU=1 TORCH_NPU_DEVICE_CAPABILITY=8.0 TORCHINDUCTOR_COMPILE_THREADS=2 OMP_NUM_THREADS=2 TORCHINDUCTOR_CACHE_DIR=/home/l30023782/PTA_213/recheck_20261010/isolated/cache/case-094 TORCHNPU_PRECOMPILE_THREADS=2 ASCEND_RT_VISIBLE_DEVICES=1,/home/l30023782/miniforge3/envs/pta_213_case/bin/python -m pytest -vs -p isolated_plugin --junitxml=/home/l30023782/PTA_213/recheck_20261010/isolated/results/case-094.xml test_triton_extension_backend.py::TritonExtensionBackendTests::test_codegen_with_custom_heuristics_module,test/inductor/test_triton_extension_backend.py::TritonExtensionBackendTests::test_codegen_with_custom_heuristics_module,/home/l30023782/PTA_213/recheck_20261010/isolated/results/case-094.log
95,test_triton_extension_backend.py,test_codegen_with_custom_heuristics_module_udtk,SKIP,1,0,0,0,1,0,0,28.022,0,1,"test_codegen_with_custom_heuristics_module_udtk: ('/home/l30023782/PTA_213/Community-Use-Case-Testing/v2.13.0/pytorch/test/inductor/test_triton_extension_backend.py', 239, 'Skipped: Requires Triton backend.')",TORCH_TRANSFER_TO_NPU=1 TORCH_NPU_DEVICE_CAPABILITY=8.0 TORCHINDUCTOR_COMPILE_THREADS=2 OMP_NUM_THREADS=2 TORCHINDUCTOR_CACHE_DIR=/home/l30023782/PTA_213/recheck_20261010/isolated/cache/case-095 TORCHNPU_PRECOMPILE_THREADS=2 ASCEND_RT_VISIBLE_DEVICES=1,/home/l30023782/miniforge3/envs/pta_213_case/bin/python -m pytest -vs -p isolated_plugin --junitxml=/home/l30023782/PTA_213/recheck_20261010/isolated/results/case-095.xml test_triton_extension_backend.py::TritonExtensionBackendTests::test_codegen_with_custom_heuristics_module_udtk,test/inductor/test_triton_extension_backend.py::TritonExtensionBackendTests::test_codegen_with_custom_heuristics_module_udtk,/home/l30023782/PTA_213/recheck_20261010/isolated/results/case-095.log
96,test_compile_subprocess.py,test_progressive,SKIP,1,0,0,0,1,0,0,13.661,0,1,"test_progressive: ('/home/l30023782/PTA_213/Community-Use-Case-Testing/v2.13.0/pytorch/test/inductor/test_compile_subprocess.py', 128, 'Skipped: Skipping triton backend only since not big GPU (not enough SM)')",TORCH_TRANSFER_TO_NPU=1 TORCH_NPU_DEVICE_CAPABILITY=8.0 TORCHINDUCTOR_COMPILE_THREADS=2 OMP_NUM_THREADS=2 TORCHINDUCTOR_CACHE_DIR=/home/l30023782/PTA_213/recheck_20261010/isolated/cache/case-096 TORCHNPU_PRECOMPILE_THREADS=2 ASCEND_RT_VISIBLE_DEVICES=1,/home/l30023782/miniforge3/envs/pta_213_case/bin/python -m pytest -vs -p isolated_plugin --junitxml=/home/l30023782/PTA_213/recheck_20261010/isolated/results/case-096.xml test_compile_subprocess.py::TestSubprocess::test_progressive,test/inductor/test_compile_subprocess.py::TestSubprocess::test_progressive,/home/l30023782/PTA_213/recheck_20261010/isolated/results/case-096.log
97,test_compile_subprocess.py,test_async,FAIL,1,0,1,0,0,0,0,32.282,1,1,test_async: torch._inductor.compile_worker.subproc_pool.SubprocException: An exception occurred in a subprocess: | AssertionError: Only OpOverload to make the clean up easier,TORCH_TRANSFER_TO_NPU=1 TORCH_NPU_DEVICE_CAPABILITY=8.0 TORCHINDUCTOR_COMPILE_THREADS=2 OMP_NUM_THREADS=2 TORCHINDUCTOR_CACHE_DIR=/home/l30023782/PTA_213/recheck_20261010/isolated/cache/case-097 TORCHNPU_PRECOMPILE_THREADS=2 ASCEND_RT_VISIBLE_DEVICES=1,/home/l30023782/miniforge3/envs/pta_213_case/bin/python -m pytest -vs -p isolated_plugin --junitxml=/home/l30023782/PTA_213/recheck_20261010/isolated/results/case-097.xml test_compile_subprocess.py::TestSubprocess::test_async,test/inductor/test_compile_subprocess.py::TestSubprocess::test_async,/home/l30023782/PTA_213/recheck_20261010/isolated/results/case-097.log
98,test_torchinductor.py,test_comparison_scalar_type_promotion_bf16,PASS,1,1,0,0,0,0,0,25.025,0,1,,TORCH_TRANSFER_TO_NPU=1 TORCH_NPU_DEVICE_CAPABILITY=8.0 TORCHINDUCTOR_COMPILE_THREADS=2 OMP_NUM_THREADS=2 TORCHINDUCTOR_CACHE_DIR=/home/l30023782/PTA_213/recheck_20261010/isolated/cache/case-098 TORCHNPU_PRECOMPILE_THREADS=2 ASCEND_RT_VISIBLE_DEVICES=1,/home/l30023782/miniforge3/envs/pta_213_case/bin/python -m pytest -vs -p isolated_plugin --junitxml=/home/l30023782/PTA_213/recheck_20261010/isolated/results/case-098.xml test_torchinductor.py::GPUTests::test_comparison_scalar_type_promotion_bf16_npu,test/inductor/test_torchinductor.py::GPUTests::test_comparison_scalar_type_promotion_bf16_npu,/home/l30023782/PTA_213/recheck_20261010/isolated/results/case-098.log
99,test_torchinductor.py,test_dist,PASS,1,1,0,0,0,0,0,26.933,0,1,,TORCH_TRANSFER_TO_NPU=1 TORCH_NPU_DEVICE_CAPABILITY=8.0 TORCHINDUCTOR_COMPILE_THREADS=2 OMP_NUM_THREADS=2 TORCHINDUCTOR_CACHE_DIR=/home/l30023782/PTA_213/recheck_20261010/isolated/cache/case-099 TORCHNPU_PRECOMPILE_THREADS=2 ASCEND_RT_VISIBLE_DEVICES=1,/home/l30023782/miniforge3/envs/pta_213_case/bin/python -m pytest -vs -p isolated_plugin --junitxml=/home/l30023782/PTA_213/recheck_20261010/isolated/results/case-099.xml test_torchinductor.py::GPUTests::test_dist_npu,test/inductor/test_torchinductor.py::GPUTests::test_dist_npu,/home/l30023782/PTA_213/recheck_20261010/isolated/results/case-099.log
100,test_torchinductor.py,test_norm_constant_overflow,PASS,1,1,0,0,0,0,0,75.305,0,2,,TORCH_TRANSFER_TO_NPU=1 TORCH_NPU_DEVICE_CAPABILITY=8.0 TORCHINDUCTOR_COMPILE_THREADS=2 OMP_NUM_THREADS=2 TORCHINDUCTOR_CACHE_DIR=/home/l30023782/PTA_213/recheck_20261010/isolated/cache/case-100 TORCHNPU_PRECOMPILE_THREADS=2 ASCEND_RT_VISIBLE_DEVICES=2,/home/l30023782/miniforge3/envs/pta_213_case/bin/python -m pytest -vs -p isolated_plugin --junitxml=/home/l30023782/PTA_213/recheck_20261010/isolated/results/case-100.xml test_torchinductor.py::GPUTests::test_norm_constant_overflow_npu,test/inductor/test_torchinductor.py::GPUTests::test_norm_constant_overflow_npu,/home/l30023782/PTA_213/recheck_20261010/isolated/results/case-100.log
101,test_torchinductor.py,test_dist_bf16,PASS,1,1,0,0,0,0,0,26.771,0,1,,TORCH_TRANSFER_TO_NPU=1 TORCH_NPU_DEVICE_CAPABILITY=8.0 TORCHINDUCTOR_COMPILE_THREADS=2 OMP_NUM_THREADS=2 TORCHINDUCTOR_CACHE_DIR=/home/l30023782/PTA_213/recheck_20261010/isolated/cache/case-101 TORCHNPU_PRECOMPILE_THREADS=2 ASCEND_RT_VISIBLE_DEVICES=1,/home/l30023782/miniforge3/envs/pta_213_case/bin/python -m pytest -vs -p isolated_plugin --junitxml=/home/l30023782/PTA_213/recheck_20261010/isolated/results/case-101.xml test_torchinductor.py::GPUTests::test_dist_bf16_npu,test/inductor/test_torchinductor.py::GPUTests::test_dist_bf16_npu,/home/l30023782/PTA_213/recheck_20261010/isolated/results/case-101.log
102,test_torchinductor.py,test_arange1,PASS,1,1,0,0,0,0,0,217.212,0,1,,TORCH_TRANSFER_TO_NPU=1 TORCH_NPU_DEVICE_CAPABILITY=8.0 TORCHINDUCTOR_COMPILE_THREADS=2 OMP_NUM_THREADS=2 TORCHINDUCTOR_CACHE_DIR=/home/l30023782/PTA_213/recheck_20261010/isolated/cache/case-102 TORCHNPU_PRECOMPILE_THREADS=2 ASCEND_RT_VISIBLE_DEVICES=1,/home/l30023782/miniforge3/envs/pta_213_case/bin/python -m pytest -vs -p isolated_plugin --junitxml=/home/l30023782/PTA_213/recheck_20261010/isolated/results/case-102.xml test_torchinductor.py::GPUTests::test_arange1_npu,test/inductor/test_torchinductor.py::GPUTests::test_arange1_npu,/home/l30023782/PTA_213/recheck_20261010/isolated/results/case-102.log
103,test_torchinductor.py,test_arange2,PASS,1,1,0,0,0,0,0,114.94,0,2,,TORCH_TRANSFER_TO_NPU=1 TORCH_NPU_DEVICE_CAPABILITY=8.0 TORCHINDUCTOR_COMPILE_THREADS=2 OMP_NUM_THREADS=2 TORCHINDUCTOR_CACHE_DIR=/home/l30023782/PTA_213/recheck_20261010/isolated/cache/case-103 TORCHNPU_PRECOMPILE_THREADS=2 ASCEND_RT_VISIBLE_DEVICES=2,/home/l30023782/miniforge3/envs/pta_213_case/bin/python -m pytest -vs -p isolated_plugin --junitxml=/home/l30023782/PTA_213/recheck_20261010/isolated/results/case-103.xml test_torchinductor.py::GPUTests::test_arange2_npu,test/inductor/test_torchinductor.py::GPUTests::test_arange2_npu,/home/l30023782/PTA_213/recheck_20261010/isolated/results/case-103.log
104,test_torchinductor.py,test_arange3,PASS,1,1,0,0,0,0,0,158.41,0,2,,TORCH_TRANSFER_TO_NPU=1 TORCH_NPU_DEVICE_CAPABILITY=8.0 TORCHINDUCTOR_COMPILE_THREADS=2 OMP_NUM_THREADS=2 TORCHINDUCTOR_CACHE_DIR=/home/l30023782/PTA_213/recheck_20261010/isolated/cache/case-104 TORCHNPU_PRECOMPILE_THREADS=2 ASCEND_RT_VISIBLE_DEVICES=2,/home/l30023782/miniforge3/envs/pta_213_case/bin/python -m pytest -vs -p isolated_plugin --junitxml=/home/l30023782/PTA_213/recheck_20261010/isolated/results/case-104.xml test_torchinductor.py::GPUTests::test_arange3_npu,test/inductor/test_torchinductor.py::GPUTests::test_arange3_npu,/home/l30023782/PTA_213/recheck_20261010/isolated/results/case-104.log
105,test_torchinductor.py,test_arange4,PASS,1,1,0,0,0,0,0,240.661,0,1,,TORCH_TRANSFER_TO_NPU=1 TORCH_NPU_DEVICE_CAPABILITY=8.0 TORCHINDUCTOR_COMPILE_THREADS=2 OMP_NUM_THREADS=2 TORCHINDUCTOR_CACHE_DIR=/home/l30023782/PTA_213/recheck_20261010/isolated/cache/case-105 TORCHNPU_PRECOMPILE_THREADS=2 ASCEND_RT_VISIBLE_DEVICES=1,/home/l30023782/miniforge3/envs/pta_213_case/bin/python -m pytest -vs -p isolated_plugin --junitxml=/home/l30023782/PTA_213/recheck_20261010/isolated/results/case-105.xml test_torchinductor.py::GPUTests::test_arange4_npu,test/inductor/test_torchinductor.py::GPUTests::test_arange4_npu,/home/l30023782/PTA_213/recheck_20261010/isolated/results/case-105.log
106,test_torchinductor.py,test_arange5,PASS,1,1,0,0,0,0,0,237.465,0,2,,TORCH_TRANSFER_TO_NPU=1 TORCH_NPU_DEVICE_CAPABILITY=8.0 TORCHINDUCTOR_COMPILE_THREADS=2 OMP_NUM_THREADS=2 TORCHINDUCTOR_CACHE_DIR=/home/l30023782/PTA_213/recheck_20261010/isolated/cache/case-106 TORCHNPU_PRECOMPILE_THREADS=2 ASCEND_RT_VISIBLE_DEVICES=2,/home/l30023782/miniforge3/envs/pta_213_case/bin/python -m pytest -vs -p isolated_plugin --junitxml=/home/l30023782/PTA_213/recheck_20261010/isolated/results/case-106.xml test_torchinductor.py::GPUTests::test_arange5_npu,test/inductor/test_torchinductor.py::GPUTests::test_arange5_npu,/home/l30023782/PTA_213/recheck_20261010/isolated/results/case-106.log
107,test_torchinductor.py,test_arange6,PASS,1,1,0,0,0,0,0,187.599,0,0,,TORCH_TRANSFER_TO_NPU=1 TORCH_NPU_DEVICE_CAPABILITY=8.0 TORCHINDUCTOR_COMPILE_THREADS=2 OMP_NUM_THREADS=2 TORCHINDUCTOR_CACHE_DIR=/home/l30023782/PTA_213/recheck_20261010/isolated/cache/case-107 TORCHNPU_PRECOMPILE_THREADS=2 ASCEND_RT_VISIBLE_DEVICES=0,/home/l30023782/miniforge3/envs/pta_213_case/bin/python -m pytest -vs -p isolated_plugin --junitxml=/home/l30023782/PTA_213/recheck_20261010/isolated/results/case-107.xml test_torchinductor.py::GPUTests::test_arange6_npu,test/inductor/test_torchinductor.py::GPUTests::test_arange6_npu,/home/l30023782/PTA_213/recheck_20261010/isolated/results/case-107.log
108,test_torchinductor.py,test_arange7,PASS,1,1,0,0,0,0,0,71.258,0,1,,TORCH_TRANSFER_TO_NPU=1 TORCH_NPU_DEVICE_CAPABILITY=8.0 TORCHINDUCTOR_COMPILE_THREADS=2 OMP_NUM_THREADS=2 TORCHINDUCTOR_CACHE_DIR=/home/l30023782/PTA_213/recheck_20261010/isolated/cache/case-108 TORCHNPU_PRECOMPILE_THREADS=2 ASCEND_RT_VISIBLE_DEVICES=1,/home/l30023782/miniforge3/envs/pta_213_case/bin/python -m pytest -vs -p isolated_plugin --junitxml=/home/l30023782/PTA_213/recheck_20261010/isolated/results/case-108.xml test_torchinductor.py::GPUTests::test_arange7_npu,test/inductor/test_torchinductor.py::GPUTests::test_arange7_npu,/home/l30023782/PTA_213/recheck_20261010/isolated/results/case-108.log
109,test_torchinductor.py,test_arange9,PASS,1,1,0,0,0,0,0,34.412,0,0,,TORCH_TRANSFER_TO_NPU=1 TORCH_NPU_DEVICE_CAPABILITY=8.0 TORCHINDUCTOR_COMPILE_THREADS=2 OMP_NUM_THREADS=2 TORCHINDUCTOR_CACHE_DIR=/home/l30023782/PTA_213/recheck_20261010/isolated/cache/case-109 TORCHNPU_PRECOMPILE_THREADS=2 ASCEND_RT_VISIBLE_DEVICES=0,/home/l30023782/miniforge3/envs/pta_213_case/bin/python -m pytest -vs -p isolated_plugin --junitxml=/home/l30023782/PTA_213/recheck_20261010/isolated/results/case-109.xml test_torchinductor.py::GPUTests::test_arange9_npu,test/inductor/test_torchinductor.py::GPUTests::test_arange9_npu,/home/l30023782/PTA_213/recheck_20261010/isolated/results/case-109.log
110,test_torchinductor.py,test_linspace1,PASS,1,1,0,0,0,0,0,125.771,0,1,,TORCH_TRANSFER_TO_NPU=1 TORCH_NPU_DEVICE_CAPABILITY=8.0 TORCHINDUCTOR_COMPILE_THREADS=2 OMP_NUM_THREADS=2 TORCHINDUCTOR_CACHE_DIR=/home/l30023782/PTA_213/recheck_20261010/isolated/cache/case-110 TORCHNPU_PRECOMPILE_THREADS=2 ASCEND_RT_VISIBLE_DEVICES=1,/home/l30023782/miniforge3/envs/pta_213_case/bin/python -m pytest -vs -p isolated_plugin --junitxml=/home/l30023782/PTA_213/recheck_20261010/isolated/results/case-110.xml test_torchinductor.py::GPUTests::test_linspace1_npu,test/inductor/test_torchinductor.py::GPUTests::test_linspace1_npu,/home/l30023782/PTA_213/recheck_20261010/isolated/results/case-110.log
111,test_torchinductor.py,test_linspace2,PASS,1,1,0,0,0,0,0,20.789,0,0,,TORCH_TRANSFER_TO_NPU=1 TORCH_NPU_DEVICE_CAPABILITY=8.0 TORCHINDUCTOR_COMPILE_THREADS=2 OMP_NUM_THREADS=2 TORCHINDUCTOR_CACHE_DIR=/home/l30023782/PTA_213/recheck_20261010/isolated/cache/case-111 TORCHNPU_PRECOMPILE_THREADS=2 ASCEND_RT_VISIBLE_DEVICES=0,/home/l30023782/miniforge3/envs/pta_213_case/bin/python -m pytest -vs -p isolated_plugin --junitxml=/home/l30023782/PTA_213/recheck_20261010/isolated/results/case-111.xml test_torchinductor.py::GPUTests::test_linspace2_npu,test/inductor/test_torchinductor.py::GPUTests::test_linspace2_npu,/home/l30023782/PTA_213/recheck_20261010/isolated/results/case-111.log
112,test_torchinductor.py,test_linspace3,PASS,1,1,0,0,0,0,0,17.433,0,2,,TORCH_TRANSFER_TO_NPU=1 TORCH_NPU_DEVICE_CAPABILITY=8.0 TORCHINDUCTOR_COMPILE_THREADS=2 OMP_NUM_THREADS=2 TORCHINDUCTOR_CACHE_DIR=/home/l30023782/PTA_213/recheck_20261010/isolated/cache/case-112 TORCHNPU_PRECOMPILE_THREADS=2 ASCEND_RT_VISIBLE_DEVICES=2,/home/l30023782/miniforge3/envs/pta_213_case/bin/python -m pytest -vs -p isolated_plugin --junitxml=/home/l30023782/PTA_213/recheck_20261010/isolated/results/case-112.xml test_torchinductor.py::GPUTests::test_linspace3_npu,test/inductor/test_torchinductor.py::GPUTests::test_linspace3_npu,/home/l30023782/PTA_213/recheck_20261010/isolated/results/case-112.log
113,test_torchinductor.py,test_linspace4,PASS,1,1,0,0,0,0,0,18.924,0,full,,TORCH_TRANSFER_TO_NPU=1 TORCH_NPU_DEVICE_CAPABILITY=8.0 TORCHINDUCTOR_COMPILE_THREADS=2 OMP_NUM_THREADS=2 TORCHINDUCTOR_CACHE_DIR=/home/l30023782/PTA_213/recheck_20261010/isolated/cache/case-113 TORCHNPU_PRECOMPILE_THREADS=2,/home/l30023782/miniforge3/envs/pta_213_case/bin/python -m pytest -vs -p isolated_plugin --junitxml=/home/l30023782/PTA_213/recheck_20261010/isolated/results/case-113.xml test_torchinductor.py::GPUTests::test_linspace4_npu,test/inductor/test_torchinductor.py::GPUTests::test_linspace4_npu,/home/l30023782/PTA_213/recheck_20261010/isolated/results/case-113.log
114,test_torchinductor.py,test_tensor1,PASS,1,1,0,0,0,0,0,47.878,0,0,,TORCH_TRANSFER_TO_NPU=1 TORCH_NPU_DEVICE_CAPABILITY=8.0 TORCHINDUCTOR_COMPILE_THREADS=2 OMP_NUM_THREADS=2 TORCHINDUCTOR_CACHE_DIR=/home/l30023782/PTA_213/recheck_20261010/isolated/cache/case-114 TORCHNPU_PRECOMPILE_THREADS=2 ASCEND_RT_VISIBLE_DEVICES=0,/home/l30023782/miniforge3/envs/pta_213_case/bin/python -m pytest -vs -p isolated_plugin --junitxml=/home/l30023782/PTA_213/recheck_20261010/isolated/results/case-114.xml test_torchinductor.py::GPUTests::test_tensor1_npu,test/inductor/test_torchinductor.py::GPUTests::test_tensor1_npu,/home/l30023782/PTA_213/recheck_20261010/isolated/results/case-114.log
115,test_torchinductor.py,test_tensor2,PASS,1,1,0,0,0,0,0,44.577,0,2,,TORCH_TRANSFER_TO_NPU=1 TORCH_NPU_DEVICE_CAPABILITY=8.0 TORCHINDUCTOR_COMPILE_THREADS=2 OMP_NUM_THREADS=2 TORCHINDUCTOR_CACHE_DIR=/home/l30023782/PTA_213/recheck_20261010/isolated/cache/case-115 TORCHNPU_PRECOMPILE_THREADS=2 ASCEND_RT_VISIBLE_DEVICES=2,/home/l30023782/miniforge3/envs/pta_213_case/bin/python -m pytest -vs -p isolated_plugin --junitxml=/home/l30023782/PTA_213/recheck_20261010/isolated/results/case-115.xml test_torchinductor.py::GPUTests::test_tensor2_npu,test/inductor/test_torchinductor.py::GPUTests::test_tensor2_npu,/home/l30023782/PTA_213/recheck_20261010/isolated/results/case-115.log
116,test_torchinductor.py,test_tensor3,PASS,1,1,0,0,0,0,0,124.122,0,0,,TORCH_TRANSFER_TO_NPU=1 TORCH_NPU_DEVICE_CAPABILITY=8.0 TORCHINDUCTOR_COMPILE_THREADS=2 OMP_NUM_THREADS=2 TORCHINDUCTOR_CACHE_DIR=/home/l30023782/PTA_213/recheck_20261010/isolated/cache/case-116 TORCHNPU_PRECOMPILE_THREADS=2 ASCEND_RT_VISIBLE_DEVICES=0,/home/l30023782/miniforge3/envs/pta_213_case/bin/python -m pytest -vs -p isolated_plugin --junitxml=/home/l30023782/PTA_213/recheck_20261010/isolated/results/case-116.xml test_torchinductor.py::GPUTests::test_tensor3_npu,test/inductor/test_torchinductor.py::GPUTests::test_tensor3_npu,/home/l30023782/PTA_213/recheck_20261010/isolated/results/case-116.log
117,test_torchinductor.py,test_views1,TIMEOUT,1,0,0,0,0,0,0,900.915,-15,2,,TORCH_TRANSFER_TO_NPU=1 TORCH_NPU_DEVICE_CAPABILITY=8.0 TORCHINDUCTOR_COMPILE_THREADS=2 OMP_NUM_THREADS=2 TORCHINDUCTOR_CACHE_DIR=/home/l30023782/PTA_213/recheck_20261010/isolated/cache/case-117 TORCHNPU_PRECOMPILE_THREADS=2 ASCEND_RT_VISIBLE_DEVICES=2,/home/l30023782/miniforge3/envs/pta_213_case/bin/python -m pytest -vs -p isolated_plugin --junitxml=/home/l30023782/PTA_213/recheck_20261010/isolated/results/case-117.xml test_torchinductor.py::GPUTests::test_views1_npu,test/inductor/test_torchinductor.py::GPUTests::test_views1_npu,/home/l30023782/PTA_213/recheck_20261010/isolated/results/case-117.log
118,test_torchinductor.py,test_views2,TIMEOUT,1,0,0,0,0,0,0,900.315,-15,1,,TORCH_TRANSFER_TO_NPU=1 TORCH_NPU_DEVICE_CAPABILITY=8.0 TORCHINDUCTOR_COMPILE_THREADS=2 OMP_NUM_THREADS=2 TORCHINDUCTOR_CACHE_DIR=/home/l30023782/PTA_213/recheck_20261010/isolated/cache/case-118 TORCHNPU_PRECOMPILE_THREADS=2 ASCEND_RT_VISIBLE_DEVICES=1,/home/l30023782/miniforge3/envs/pta_213_case/bin/python -m pytest -vs -p isolated_plugin --junitxml=/home/l30023782/PTA_213/recheck_20261010/isolated/results/case-118.xml test_torchinductor.py::GPUTests::test_views2_npu,test/inductor/test_torchinductor.py::GPUTests::test_views2_npu,/home/l30023782/PTA_213/recheck_20261010/isolated/results/case-118.log
119,test_torchinductor.py,test_views3,PASS,1,1,0,0,0,0,0,147.055,0,0,,TORCH_TRANSFER_TO_NPU=1 TORCH_NPU_DEVICE_CAPABILITY=8.0 TORCHINDUCTOR_COMPILE_THREADS=2 OMP_NUM_THREADS=2 TORCHINDUCTOR_CACHE_DIR=/home/l30023782/PTA_213/recheck_20261010/isolated/cache/case-119 TORCHNPU_PRECOMPILE_THREADS=2 ASCEND_RT_VISIBLE_DEVICES=0,/home/l30023782/miniforge3/envs/pta_213_case/bin/python -m pytest -vs -p isolated_plugin --junitxml=/home/l30023782/PTA_213/recheck_20261010/isolated/results/case-119.xml test_torchinductor.py::GPUTests::test_views3_npu,test/inductor/test_torchinductor.py::GPUTests::test_views3_npu,/home/l30023782/PTA_213/recheck_20261010/isolated/results/case-119.log
120,test_torchinductor.py,test_views4,PASS,1,1,0,0,0,0,0,213.055,0,0,,TORCH_TRANSFER_TO_NPU=1 TORCH_NPU_DEVICE_CAPABILITY=8.0 TORCHINDUCTOR_COMPILE_THREADS=2 OMP_NUM_THREADS=2 TORCHINDUCTOR_CACHE_DIR=/home/l30023782/PTA_213/recheck_20261010/isolated/cache/case-120 TORCHNPU_PRECOMPILE_THREADS=2 ASCEND_RT_VISIBLE_DEVICES=0,/home/l30023782/miniforge3/envs/pta_213_case/bin/python -m pytest -vs -p isolated_plugin --junitxml=/home/l30023782/PTA_213/recheck_20261010/isolated/results/case-120.xml test_torchinductor.py::GPUTests::test_views4_npu,test/inductor/test_torchinductor.py::GPUTests::test_views4_npu,/home/l30023782/PTA_213/recheck_20261010/isolated/results/case-120.log
121,test_torchinductor.py,test_views5,PASS,1,1,0,0,0,0,0,19.598,0,0,,TORCH_TRANSFER_TO_NPU=1 TORCH_NPU_DEVICE_CAPABILITY=8.0 TORCHINDUCTOR_COMPILE_THREADS=2 OMP_NUM_THREADS=2 TORCHINDUCTOR_CACHE_DIR=/home/l30023782/PTA_213/recheck_20261010/isolated/cache/case-121 TORCHNPU_PRECOMPILE_THREADS=2 ASCEND_RT_VISIBLE_DEVICES=0,/home/l30023782/miniforge3/envs/pta_213_case/bin/python -m pytest -vs -p isolated_plugin --junitxml=/home/l30023782/PTA_213/recheck_20261010/isolated/results/case-121.xml test_torchinductor.py::GPUTests::test_views5_npu,test/inductor/test_torchinductor.py::GPUTests::test_views5_npu,/home/l30023782/PTA_213/recheck_20261010/isolated/results/case-121.log
122,test_torchinductor.py,test_views6,PASS,1,1,0,0,0,0,0,109.258,0,0,,TORCH_TRANSFER_TO_NPU=1 TORCH_NPU_DEVICE_CAPABILITY=8.0 TORCHINDUCTOR_COMPILE_THREADS=2 OMP_NUM_THREADS=2 TORCHINDUCTOR_CACHE_DIR=/home/l30023782/PTA_213/recheck_20261010/isolated/cache/case-122 TORCHNPU_PRECOMPILE_THREADS=2 ASCEND_RT_VISIBLE_DEVICES=0,/home/l30023782/miniforge3/envs/pta_213_case/bin/python -m pytest -vs -p isolated_plugin --junitxml=/home/l30023782/PTA_213/recheck_20261010/isolated/results/case-122.xml test_torchinductor.py::GPUTests::test_views6_npu,test/inductor/test_torchinductor.py::GPUTests::test_views6_npu,/home/l30023782/PTA_213/recheck_20261010/isolated/results/case-122.log
123,test_torchinductor.py,test_views7,PASS,1,1,0,0,0,0,0,61.613,0,0,,TORCH_TRANSFER_TO_NPU=1 TORCH_NPU_DEVICE_CAPABILITY=8.0 TORCHINDUCTOR_COMPILE_THREADS=2 OMP_NUM_THREADS=2 TORCHINDUCTOR_CACHE_DIR=/home/l30023782/PTA_213/recheck_20261010/isolated/cache/case-123 TORCHNPU_PRECOMPILE_THREADS=2 ASCEND_RT_VISIBLE_DEVICES=0,/home/l30023782/miniforge3/envs/pta_213_case/bin/python -m pytest -vs -p isolated_plugin --junitxml=/home/l30023782/PTA_213/recheck_20261010/isolated/results/case-123.xml test_torchinductor.py::GPUTests::test_views7_npu,test/inductor/test_torchinductor.py::GPUTests::test_views7_npu,/home/l30023782/PTA_213/recheck_20261010/isolated/results/case-123.log
124,test_torchinductor.py,test_view_copy_dtype_change,PASS,1,1,0,0,0,0,0,77.573,0,0,,TORCH_TRANSFER_TO_NPU=1 TORCH_NPU_DEVICE_CAPABILITY=8.0 TORCHINDUCTOR_COMPILE_THREADS=2 OMP_NUM_THREADS=2 TORCHINDUCTOR_CACHE_DIR=/home/l30023782/PTA_213/recheck_20261010/isolated/cache/case-124 TORCHNPU_PRECOMPILE_THREADS=2 ASCEND_RT_VISIBLE_DEVICES=0,/home/l30023782/miniforge3/envs/pta_213_case/bin/python -m pytest -vs -p isolated_plugin --junitxml=/home/l30023782/PTA_213/recheck_20261010/isolated/results/case-124.xml test_torchinductor.py::GPUTests::test_view_copy_dtype_change_npu,test/inductor/test_torchinductor.py::GPUTests::test_view_copy_dtype_change_npu,/home/l30023782/PTA_213/recheck_20261010/isolated/results/case-124.log
125,test_torchinductor.py,test_relu,PASS,1,1,0,0,0,0,0,109.234,0,0,,TORCH_TRANSFER_TO_NPU=1 TORCH_NPU_DEVICE_CAPABILITY=8.0 TORCHINDUCTOR_COMPILE_THREADS=2 OMP_NUM_THREADS=2 TORCHINDUCTOR_CACHE_DIR=/home/l30023782/PTA_213/recheck_20261010/isolated/cache/case-125 TORCHNPU_PRECOMPILE_THREADS=2 ASCEND_RT_VISIBLE_DEVICES=0,/home/l30023782/miniforge3/envs/pta_213_case/bin/python -m pytest -vs -p isolated_plugin --junitxml=/home/l30023782/PTA_213/recheck_20261010/isolated/results/case-125.xml test_torchinductor.py::GPUTests::test_relu_npu,test/inductor/test_torchinductor.py::GPUTests::test_relu_npu,/home/l30023782/PTA_213/recheck_20261010/isolated/results/case-125.log
126,test_torchinductor.py,test_exp,PASS,1,1,0,0,0,0,0,106.052,0,0,,TORCH_TRANSFER_TO_NPU=1 TORCH_NPU_DEVICE_CAPABILITY=8.0 TORCHINDUCTOR_COMPILE_THREADS=2 OMP_NUM_THREADS=2 TORCHINDUCTOR_CACHE_DIR=/home/l30023782/PTA_213/recheck_20261010/isolated/cache/case-126 TORCHNPU_PRECOMPILE_THREADS=2 ASCEND_RT_VISIBLE_DEVICES=0,/home/l30023782/miniforge3/envs/pta_213_case/bin/python -m pytest -vs -p isolated_plugin --junitxml=/home/l30023782/PTA_213/recheck_20261010/isolated/results/case-126.xml test_torchinductor.py::GPUTests::test_exp_npu,test/inductor/test_torchinductor.py::GPUTests::test_exp_npu,/home/l30023782/PTA_213/recheck_20261010/isolated/results/case-126.log
127,test_torchinductor.py,test_exp2,PASS,1,1,0,0,0,0,0,104.93,0,2,,TORCH_TRANSFER_TO_NPU=1 TORCH_NPU_DEVICE_CAPABILITY=8.0 TORCHINDUCTOR_COMPILE_THREADS=2 OMP_NUM_THREADS=2 TORCHINDUCTOR_CACHE_DIR=/home/l30023782/PTA_213/recheck_20261010/isolated/cache/case-127 TORCHNPU_PRECOMPILE_THREADS=2 ASCEND_RT_VISIBLE_DEVICES=2,/home/l30023782/miniforge3/envs/pta_213_case/bin/python -m pytest -vs -p isolated_plugin --junitxml=/home/l30023782/PTA_213/recheck_20261010/isolated/results/case-127.xml test_torchinductor.py::GPUTests::test_exp2_npu,test/inductor/test_torchinductor.py::GPUTests::test_exp2_npu,/home/l30023782/PTA_213/recheck_20261010/isolated/results/case-127.log
128,test_torchinductor.py,test_logaddexp,FAIL,1,0,1,0,0,0,0,14.754,1,1,"test_logaddexp_npu: RuntimeError: logaddexp:third_party/op-plugin/op_plugin/ops/opapi/StructKernelNpuOpApi_5.cpp:51 NPU function error: call aclnnLogAddExp failed, error code is 507899",TORCH_TRANSFER_TO_NPU=1 TORCH_NPU_DEVICE_CAPABILITY=8.0 TORCHINDUCTOR_COMPILE_THREADS=2 OMP_NUM_THREADS=2 TORCHINDUCTOR_CACHE_DIR=/home/l30023782/PTA_213/recheck_20261010/isolated/cache/case-128 TORCHNPU_PRECOMPILE_THREADS=2 ASCEND_RT_VISIBLE_DEVICES=1,/home/l30023782/miniforge3/envs/pta_213_case/bin/python -m pytest -vs -p isolated_plugin --junitxml=/home/l30023782/PTA_213/recheck_20261010/isolated/results/case-128.xml test_torchinductor.py::GPUTests::test_logaddexp_npu,test/inductor/test_torchinductor.py::GPUTests::test_logaddexp_npu,/home/l30023782/PTA_213/recheck_20261010/isolated/results/case-128.log
129,test_torchinductor.py,test_sigmoid,PASS,1,1,0,0,0,0,0,110.512,0,1,,TORCH_TRANSFER_TO_NPU=1 TORCH_NPU_DEVICE_CAPABILITY=8.0 TORCHINDUCTOR_COMPILE_THREADS=2 OMP_NUM_THREADS=2 TORCHINDUCTOR_CACHE_DIR=/home/l30023782/PTA_213/recheck_20261010/isolated/cache/case-129 TORCHNPU_PRECOMPILE_THREADS=2 ASCEND_RT_VISIBLE_DEVICES=1,/home/l30023782/miniforge3/envs/pta_213_case/bin/python -m pytest -vs -p isolated_plugin --junitxml=/home/l30023782/PTA_213/recheck_20261010/isolated/results/case-129.xml test_torchinductor.py::GPUTests::test_sigmoid_npu,test/inductor/test_torchinductor.py::GPUTests::test_sigmoid_npu,/home/l30023782/PTA_213/recheck_20261010/isolated/results/case-129.log
130,test_torchinductor.py,test_round,PASS,1,1,0,0,0,0,0,173.194,0,0,,TORCH_TRANSFER_TO_NPU=1 TORCH_NPU_DEVICE_CAPABILITY=8.0 TORCHINDUCTOR_COMPILE_THREADS=2 OMP_NUM_THREADS=2 TORCHINDUCTOR_CACHE_DIR=/home/l30023782/PTA_213/recheck_20261010/isolated/cache/case-130 TORCHNPU_PRECOMPILE_THREADS=2 ASCEND_RT_VISIBLE_DEVICES=0,/home/l30023782/miniforge3/envs/pta_213_case/bin/python -m pytest -vs -p isolated_plugin --junitxml=/home/l30023782/PTA_213/recheck_20261010/isolated/results/case-130.xml test_torchinductor.py::GPUTests::test_round_npu,test/inductor/test_torchinductor.py::GPUTests::test_round_npu,/home/l30023782/PTA_213/recheck_20261010/isolated/results/case-130.log
131,test_torchinductor.py,test_round_correctness,FAIL,1,0,1,0,0,0,0,25.705,1,2,test_round_correctness_npu: ValueError: Expected dtype ['fp32'] but got fp64 | triton.compiler.errors.CompilationError: at 9:11: | Expected dtype ['fp32'] but got fp64,TORCH_TRANSFER_TO_NPU=1 TORCH_NPU_DEVICE_CAPABILITY=8.0 TORCHINDUCTOR_COMPILE_THREADS=2 OMP_NUM_THREADS=2 TORCHINDUCTOR_CACHE_DIR=/home/l30023782/PTA_213/recheck_20261010/isolated/cache/case-131 TORCHNPU_PRECOMPILE_THREADS=2 ASCEND_RT_VISIBLE_DEVICES=2,/home/l30023782/miniforge3/envs/pta_213_case/bin/python -m pytest -vs -p isolated_plugin --junitxml=/home/l30023782/PTA_213/recheck_20261010/isolated/results/case-131.xml test_torchinductor.py::GPUTests::test_round_correctness_npu,test/inductor/test_torchinductor.py::GPUTests::test_round_correctness_npu,/home/l30023782/PTA_213/recheck_20261010/isolated/results/case-131.log
132,test_torchinductor.py,test_builtins_round,FAIL,1,0,1,0,0,0,0,18.024,1,2,test_builtins_round_npu: torch._dynamo.exc.BackendCompilerFailed: backend='inductor' raised: | AttributeError: 'SymFloat' object has no attribute 'dtype',TORCH_TRANSFER_TO_NPU=1 TORCH_NPU_DEVICE_CAPABILITY=8.0 TORCHINDUCTOR_COMPILE_THREADS=2 OMP_NUM_THREADS=2 TORCHINDUCTOR_CACHE_DIR=/home/l30023782/PTA_213/recheck_20261010/isolated/cache/case-132 TORCHNPU_PRECOMPILE_THREADS=2 ASCEND_RT_VISIBLE_DEVICES=2,/home/l30023782/miniforge3/envs/pta_213_case/bin/python -m pytest -vs -p isolated_plugin --junitxml=/home/l30023782/PTA_213/recheck_20261010/isolated/results/case-132.xml test_torchinductor.py::GPUTests::test_builtins_round_npu,test/inductor/test_torchinductor.py::GPUTests::test_builtins_round_npu,/home/l30023782/PTA_213/recheck_20261010/isolated/results/case-132.log
133,test_torchinductor.py,test_builtins_round_float_ndigits_pos,FAIL,1,0,1,0,0,0,0,17.068,1,2,test_builtins_round_float_ndigits_pos_npu: torch._dynamo.exc.BackendCompilerFailed: backend='inductor' raised: | AttributeError: 'SymFloat' object has no attribute 'dtype',TORCH_TRANSFER_TO_NPU=1 TORCH_NPU_DEVICE_CAPABILITY=8.0 TORCHINDUCTOR_COMPILE_THREADS=2 OMP_NUM_THREADS=2 TORCHINDUCTOR_CACHE_DIR=/home/l30023782/PTA_213/recheck_20261010/isolated/cache/case-133 TORCHNPU_PRECOMPILE_THREADS=2 ASCEND_RT_VISIBLE_DEVICES=2,/home/l30023782/miniforge3/envs/pta_213_case/bin/python -m pytest -vs -p isolated_plugin --junitxml=/home/l30023782/PTA_213/recheck_20261010/isolated/results/case-133.xml test_torchinductor.py::GPUTests::test_builtins_round_float_ndigits_pos_npu,test/inductor/test_torchinductor.py::GPUTests::test_builtins_round_float_ndigits_pos_npu,/home/l30023782/PTA_213/recheck_20261010/isolated/results/case-133.log
134,test_torchinductor.py,test_builtins_round_float_ndigits_zero,FAIL,1,0,1,0,0,0,0,20.653,1,1,test_builtins_round_float_ndigits_zero_npu: torch._dynamo.exc.BackendCompilerFailed: backend='inductor' raised: | AttributeError: 'SymFloat' object has no attribute 'dtype',TORCH_TRANSFER_TO_NPU=1 TORCH_NPU_DEVICE_CAPABILITY=8.0 TORCHINDUCTOR_COMPILE_THREADS=2 OMP_NUM_THREADS=2 TORCHINDUCTOR_CACHE_DIR=/home/l30023782/PTA_213/recheck_20261010/isolated/cache/case-134 TORCHNPU_PRECOMPILE_THREADS=2 ASCEND_RT_VISIBLE_DEVICES=1,/home/l30023782/miniforge3/envs/pta_213_case/bin/python -m pytest -vs -p isolated_plugin --junitxml=/home/l30023782/PTA_213/recheck_20261010/isolated/results/case-134.xml test_torchinductor.py::GPUTests::test_builtins_round_float_ndigits_zero_npu,test/inductor/test_torchinductor.py::GPUTests::test_builtins_round_float_ndigits_zero_npu,/home/l30023782/PTA_213/recheck_20261010/isolated/results/case-134.log
135,test_torchinductor.py,test_builtins_round_float_ndigits_neg,FAIL,1,0,1,0,0,0,0,23.311,1,2,test_builtins_round_float_ndigits_neg_npu: torch._dynamo.exc.BackendCompilerFailed: backend='inductor' raised: | AttributeError: 'SymFloat' object has no attribute 'dtype',TORCH_TRANSFER_TO_NPU=1 TORCH_NPU_DEVICE_CAPABILITY=8.0 TORCHINDUCTOR_COMPILE_THREADS=2 OMP_NUM_THREADS=2 TORCHINDUCTOR_CACHE_DIR=/home/l30023782/PTA_213/recheck_20261010/isolated/cache/case-135 TORCHNPU_PRECOMPILE_THREADS=2 ASCEND_RT_VISIBLE_DEVICES=2,/home/l30023782/miniforge3/envs/pta_213_case/bin/python -m pytest -vs -p isolated_plugin --junitxml=/home/l30023782/PTA_213/recheck_20261010/isolated/results/case-135.xml test_torchinductor.py::GPUTests::test_builtins_round_float_ndigits_neg_npu,test/inductor/test_torchinductor.py::GPUTests::test_builtins_round_float_ndigits_neg_npu,/home/l30023782/PTA_213/recheck_20261010/isolated/results/case-135.log
136,test_torchinductor.py,test_builtins_round_float_ndigits_neg_uses_value_expr,SKIP,1,0,0,0,1,0,0,20.979,0,1,"test_builtins_round_float_ndigits_neg_uses_value_expr_npu: ('/home/l30023782/PTA_213/Community-Use-Case-Testing/v2.13.0/pytorch/test/inductor/test_torchinductor.py', 3713, 'Skipped: requires cuda and triton')",TORCH_TRANSFER_TO_NPU=1 TORCH_NPU_DEVICE_CAPABILITY=8.0 TORCHINDUCTOR_COMPILE_THREADS=2 OMP_NUM_THREADS=2 TORCHINDUCTOR_CACHE_DIR=/home/l30023782/PTA_213/recheck_20261010/isolated/cache/case-136 TORCHNPU_PRECOMPILE_THREADS=2 ASCEND_RT_VISIBLE_DEVICES=1,/home/l30023782/miniforge3/envs/pta_213_case/bin/python -m pytest -vs -p isolated_plugin --junitxml=/home/l30023782/PTA_213/recheck_20261010/isolated/results/case-136.xml test_torchinductor.py::GPUTests::test_builtins_round_float_ndigits_neg_uses_value_expr_npu,test/inductor/test_torchinductor.py::GPUTests::test_builtins_round_float_ndigits_neg_uses_value_expr_npu,/home/l30023782/PTA_213/recheck_20261010/isolated/results/case-136.log
137,test_torchinductor.py,test_builtins_round_int_ndigits_pos,PASS,1,1,0,0,0,0,0,53.262,0,2,,TORCH_TRANSFER_TO_NPU=1 TORCH_NPU_DEVICE_CAPABILITY=8.0 TORCHINDUCTOR_COMPILE_THREADS=2 OMP_NUM_THREADS=2 TORCHINDUCTOR_CACHE_DIR=/home/l30023782/PTA_213/recheck_20261010/isolated/cache/case-137 TORCHNPU_PRECOMPILE_THREADS=2 ASCEND_RT_VISIBLE_DEVICES=2,/home/l30023782/miniforge3/envs/pta_213_case/bin/python -m pytest -vs -p isolated_plugin --junitxml=/home/l30023782/PTA_213/recheck_20261010/isolated/results/case-137.xml test_torchinductor.py::GPUTests::test_builtins_round_int_ndigits_pos_npu,test/inductor/test_torchinductor.py::GPUTests::test_builtins_round_int_ndigits_pos_npu,/home/l30023782/PTA_213/recheck_20261010/isolated/results/case-137.log
138,test_torchinductor.py,test_builtins_round_int_ndigits_zero,PASS,1,1,0,0,0,0,0,48.073,0,1,,TORCH_TRANSFER_TO_NPU=1 TORCH_NPU_DEVICE_CAPABILITY=8.0 TORCHINDUCTOR_COMPILE_THREADS=2 OMP_NUM_THREADS=2 TORCHINDUCTOR_CACHE_DIR=/home/l30023782/PTA_213/recheck_20261010/isolated/cache/case-138 TORCHNPU_PRECOMPILE_THREADS=2 ASCEND_RT_VISIBLE_DEVICES=1,/home/l30023782/miniforge3/envs/pta_213_case/bin/python -m pytest -vs -p isolated_plugin --junitxml=/home/l30023782/PTA_213/recheck_20261010/isolated/results/case-138.xml test_torchinductor.py::GPUTests::test_builtins_round_int_ndigits_zero_npu,test/inductor/test_torchinductor.py::GPUTests::test_builtins_round_int_ndigits_zero_npu,/home/l30023782/PTA_213/recheck_20261010/isolated/results/case-138.log
139,test_torchinductor.py,test_silu,PASS,1,1,0,0,0,0,0,155.284,0,0,,TORCH_TRANSFER_TO_NPU=1 TORCH_NPU_DEVICE_CAPABILITY=8.0 TORCHINDUCTOR_COMPILE_THREADS=2 OMP_NUM_THREADS=2 TORCHINDUCTOR_CACHE_DIR=/home/l30023782/PTA_213/recheck_20261010/isolated/cache/case-139 TORCHNPU_PRECOMPILE_THREADS=2 ASCEND_RT_VISIBLE_DEVICES=0,/home/l30023782/miniforge3/envs/pta_213_case/bin/python -m pytest -vs -p isolated_plugin --junitxml=/home/l30023782/PTA_213/recheck_20261010/isolated/results/case-139.xml test_torchinductor.py::GPUTests::test_silu_npu,test/inductor/test_torchinductor.py::GPUTests::test_silu_npu,/home/l30023782/PTA_213/recheck_20261010/isolated/results/case-139.log
140,test_torchinductor.py,test_silu_exact_eager,PASS,1,1,0,0,0,0,0,124.549,0,2,,TORCH_TRANSFER_TO_NPU=1 TORCH_NPU_DEVICE_CAPABILITY=8.0 TORCHINDUCTOR_COMPILE_THREADS=2 OMP_NUM_THREADS=2 TORCHINDUCTOR_CACHE_DIR=/home/l30023782/PTA_213/recheck_20261010/isolated/cache/case-140 TORCHNPU_PRECOMPILE_THREADS=2 ASCEND_RT_VISIBLE_DEVICES=2,/home/l30023782/miniforge3/envs/pta_213_case/bin/python -m pytest -vs -p isolated_plugin --junitxml=/home/l30023782/PTA_213/recheck_20261010/isolated/results/case-140.xml test_torchinductor.py::GPUTests::test_silu_exact_eager_npu,test/inductor/test_torchinductor.py::GPUTests::test_silu_exact_eager_npu,/home/l30023782/PTA_213/recheck_20261010/isolated/results/case-140.log
141,test_torchinductor.py,test_nan_to_num,PASS,1,1,0,0,0,0,0,78.857,0,1,,TORCH_TRANSFER_TO_NPU=1 TORCH_NPU_DEVICE_CAPABILITY=8.0 TORCHINDUCTOR_COMPILE_THREADS=2 OMP_NUM_THREADS=2 TORCHINDUCTOR_CACHE_DIR=/home/l30023782/PTA_213/recheck_20261010/isolated/cache/case-141 TORCHNPU_PRECOMPILE_THREADS=2 ASCEND_RT_VISIBLE_DEVICES=1,/home/l30023782/miniforge3/envs/pta_213_case/bin/python -m pytest -vs -p isolated_plugin --junitxml=/home/l30023782/PTA_213/recheck_20261010/isolated/results/case-141.xml test_torchinductor.py::GPUTests::test_nan_to_num_npu,test/inductor/test_torchinductor.py::GPUTests::test_nan_to_num_npu,/home/l30023782/PTA_213/recheck_20261010/isolated/results/case-141.log
142,test_torchinductor.py,test_one_hot,PASS,1,1,0,0,0,0,0,190.268,0,1,,TORCH_TRANSFER_TO_NPU=1 TORCH_NPU_DEVICE_CAPABILITY=8.0 TORCHINDUCTOR_COMPILE_THREADS=2 OMP_NUM_THREADS=2 TORCHINDUCTOR_CACHE_DIR=/home/l30023782/PTA_213/recheck_20261010/isolated/cache/case-142 TORCHNPU_PRECOMPILE_THREADS=2 ASCEND_RT_VISIBLE_DEVICES=1,/home/l30023782/miniforge3/envs/pta_213_case/bin/python -m pytest -vs -p isolated_plugin --junitxml=/home/l30023782/PTA_213/recheck_20261010/isolated/results/case-142.xml test_torchinductor.py::GPUTests::test_one_hot_npu,test/inductor/test_torchinductor.py::GPUTests::test_one_hot_npu,/home/l30023782/PTA_213/recheck_20261010/isolated/results/case-142.log
143,test_torchinductor.py,test_div1,PASS,1,1,0,0,0,0,0,189.164,0,2,,TORCH_TRANSFER_TO_NPU=1 TORCH_NPU_DEVICE_CAPABILITY=8.0 TORCHINDUCTOR_COMPILE_THREADS=2 OMP_NUM_THREADS=2 TORCHINDUCTOR_CACHE_DIR=/home/l30023782/PTA_213/recheck_20261010/isolated/cache/case-143 TORCHNPU_PRECOMPILE_THREADS=2 ASCEND_RT_VISIBLE_DEVICES=2,/home/l30023782/miniforge3/envs/pta_213_case/bin/python -m pytest -vs -p isolated_plugin --junitxml=/home/l30023782/PTA_213/recheck_20261010/isolated/results/case-143.xml test_torchinductor.py::GPUTests::test_div1_npu,test/inductor/test_torchinductor.py::GPUTests::test_div1_npu,/home/l30023782/PTA_213/recheck_20261010/isolated/results/case-143.log
144,test_torchinductor.py,test_div2,PASS,1,1,0,0,0,0,0,181.419,0,0,,TORCH_TRANSFER_TO_NPU=1 TORCH_NPU_DEVICE_CAPABILITY=8.0 TORCHINDUCTOR_COMPILE_THREADS=2 OMP_NUM_THREADS=2 TORCHINDUCTOR_CACHE_DIR=/home/l30023782/PTA_213/recheck_20261010/isolated/cache/case-144 TORCHNPU_PRECOMPILE_THREADS=2 ASCEND_RT_VISIBLE_DEVICES=0,/home/l30023782/miniforge3/envs/pta_213_case/bin/python -m pytest -vs -p isolated_plugin --junitxml=/home/l30023782/PTA_213/recheck_20261010/isolated/results/case-144.xml test_torchinductor.py::GPUTests::test_div2_npu,test/inductor/test_torchinductor.py::GPUTests::test_div2_npu,/home/l30023782/PTA_213/recheck_20261010/isolated/results/case-144.log
145,test_torchinductor.py,test_div3,PASS,1,1,0,0,0,0,0,166.733,0,1,,TORCH_TRANSFER_TO_NPU=1 TORCH_NPU_DEVICE_CAPABILITY=8.0 TORCHINDUCTOR_COMPILE_THREADS=2 OMP_NUM_THREADS=2 TORCHINDUCTOR_CACHE_DIR=/home/l30023782/PTA_213/recheck_20261010/isolated/cache/case-145 TORCHNPU_PRECOMPILE_THREADS=2 ASCEND_RT_VISIBLE_DEVICES=1,/home/l30023782/miniforge3/envs/pta_213_case/bin/python -m pytest -vs -p isolated_plugin --junitxml=/home/l30023782/PTA_213/recheck_20261010/isolated/results/case-145.xml test_torchinductor.py::GPUTests::test_div3_npu,test/inductor/test_torchinductor.py::GPUTests::test_div3_npu,/home/l30023782/PTA_213/recheck_20261010/isolated/results/case-145.log
146,test_torchinductor.py,test_div4,PASS,1,1,0,0,0,0,0,175.756,0,2,,TORCH_TRANSFER_TO_NPU=1 TORCH_NPU_DEVICE_CAPABILITY=8.0 TORCHINDUCTOR_COMPILE_THREADS=2 OMP_NUM_THREADS=2 TORCHINDUCTOR_CACHE_DIR=/home/l30023782/PTA_213/recheck_20261010/isolated/cache/case-146 TORCHNPU_PRECOMPILE_THREADS=2 ASCEND_RT_VISIBLE_DEVICES=2,/home/l30023782/miniforge3/envs/pta_213_case/bin/python -m pytest -vs -p isolated_plugin --junitxml=/home/l30023782/PTA_213/recheck_20261010/isolated/results/case-146.xml test_torchinductor.py::GPUTests::test_div4_npu,test/inductor/test_torchinductor.py::GPUTests::test_div4_npu,/home/l30023782/PTA_213/recheck_20261010/isolated/results/case-146.log
147,test_torchinductor.py,test_div5,PASS,1,1,0,0,0,0,0,171.619,0,0,,TORCH_TRANSFER_TO_NPU=1 TORCH_NPU_DEVICE_CAPABILITY=8.0 TORCHINDUCTOR_COMPILE_THREADS=2 OMP_NUM_THREADS=2 TORCHINDUCTOR_CACHE_DIR=/home/l30023782/PTA_213/recheck_20261010/isolated/cache/case-147 TORCHNPU_PRECOMPILE_THREADS=2 ASCEND_RT_VISIBLE_DEVICES=0,/home/l30023782/miniforge3/envs/pta_213_case/bin/python -m pytest -vs -p isolated_plugin --junitxml=/home/l30023782/PTA_213/recheck_20261010/isolated/results/case-147.xml test_torchinductor.py::GPUTests::test_div5_npu,test/inductor/test_torchinductor.py::GPUTests::test_div5_npu,/home/l30023782/PTA_213/recheck_20261010/isolated/results/case-147.log
148,test_torchinductor.py,test_div6,PASS,1,1,0,0,0,0,0,263.933,0,1,,TORCH_TRANSFER_TO_NPU=1 TORCH_NPU_DEVICE_CAPABILITY=8.0 TORCHINDUCTOR_COMPILE_THREADS=2 OMP_NUM_THREADS=2 TORCHINDUCTOR_CACHE_DIR=/home/l30023782/PTA_213/recheck_20261010/isolated/cache/case-148 TORCHNPU_PRECOMPILE_THREADS=2 ASCEND_RT_VISIBLE_DEVICES=1,/home/l30023782/miniforge3/envs/pta_213_case/bin/python -m pytest -vs -p isolated_plugin --junitxml=/home/l30023782/PTA_213/recheck_20261010/isolated/results/case-148.xml test_torchinductor.py::GPUTests::test_div6_npu,test/inductor/test_torchinductor.py::GPUTests::test_div6_npu,/home/l30023782/PTA_213/recheck_20261010/isolated/results/case-148.log
149,test_torchinductor.py,test_div7,PASS,1,1,0,0,0,0,0,158.212,0,2,,TORCH_TRANSFER_TO_NPU=1 TORCH_NPU_DEVICE_CAPABILITY=8.0 TORCHINDUCTOR_COMPILE_THREADS=2 OMP_NUM_THREADS=2 TORCHINDUCTOR_CACHE_DIR=/home/l30023782/PTA_213/recheck_20261010/isolated/cache/case-149 TORCHNPU_PRECOMPILE_THREADS=2 ASCEND_RT_VISIBLE_DEVICES=2,/home/l30023782/miniforge3/envs/pta_213_case/bin/python -m pytest -vs -p isolated_plugin --junitxml=/home/l30023782/PTA_213/recheck_20261010/isolated/results/case-149.xml test_torchinductor.py::GPUTests::test_div7_npu,test/inductor/test_torchinductor.py::GPUTests::test_div7_npu,/home/l30023782/PTA_213/recheck_20261010/isolated/results/case-149.log
150,test_torchinductor.py,test_div9,PASS,1,1,0,0,0,0,0,146.808,0,0,,TORCH_TRANSFER_TO_NPU=1 TORCH_NPU_DEVICE_CAPABILITY=8.0 TORCHINDUCTOR_COMPILE_THREADS=2 OMP_NUM_THREADS=2 TORCHINDUCTOR_CACHE_DIR=/home/l30023782/PTA_213/recheck_20261010/isolated/cache/case-150 TORCHNPU_PRECOMPILE_THREADS=2 ASCEND_RT_VISIBLE_DEVICES=0,/home/l30023782/miniforge3/envs/pta_213_case/bin/python -m pytest -vs -p isolated_plugin --junitxml=/home/l30023782/PTA_213/recheck_20261010/isolated/results/case-150.xml test_torchinductor.py::GPUTests::test_div9_npu,test/inductor/test_torchinductor.py::GPUTests::test_div9_npu,/home/l30023782/PTA_213/recheck_20261010/isolated/results/case-150.log
151,test_torchinductor.py,test_div_zero_dim,PASS,1,1,0,0,0,0,0,251.109,0,2,,TORCH_TRANSFER_TO_NPU=1 TORCH_NPU_DEVICE_CAPABILITY=8.0 TORCHINDUCTOR_COMPILE_THREADS=2 OMP_NUM_THREADS=2 TORCHINDUCTOR_CACHE_DIR=/home/l30023782/PTA_213/recheck_20261010/isolated/cache/case-151 TORCHNPU_PRECOMPILE_THREADS=2 ASCEND_RT_VISIBLE_DEVICES=2,/home/l30023782/miniforge3/envs/pta_213_case/bin/python -m pytest -vs -p isolated_plugin --junitxml=/home/l30023782/PTA_213/recheck_20261010/isolated/results/case-151.xml test_torchinductor.py::GPUTests::test_div_zero_dim_npu,test/inductor/test_torchinductor.py::GPUTests::test_div_zero_dim_npu,/home/l30023782/PTA_213/recheck_20261010/isolated/results/case-151.log
152,test_torchinductor.py,test_div_prim,PASS,1,1,0,0,0,0,0,116.059,0,0,,TORCH_TRANSFER_TO_NPU=1 TORCH_NPU_DEVICE_CAPABILITY=8.0 TORCHINDUCTOR_COMPILE_THREADS=2 OMP_NUM_THREADS=2 TORCHINDUCTOR_CACHE_DIR=/home/l30023782/PTA_213/recheck_20261010/isolated/cache/case-152 TORCHNPU_PRECOMPILE_THREADS=2 ASCEND_RT_VISIBLE_DEVICES=0,/home/l30023782/miniforge3/envs/pta_213_case/bin/python -m pytest -vs -p isolated_plugin --junitxml=/home/l30023782/PTA_213/recheck_20261010/isolated/results/case-152.xml test_torchinductor.py::GPUTests::test_div_prim_npu,test/inductor/test_torchinductor.py::GPUTests::test_div_prim_npu,/home/l30023782/PTA_213/recheck_20261010/isolated/results/case-152.log
153,test_torchinductor.py,test_floordiv,PASS,1,1,0,0,0,0,0,126.102,0,1,,TORCH_TRANSFER_TO_NPU=1 TORCH_NPU_DEVICE_CAPABILITY=8.0 TORCHINDUCTOR_COMPILE_THREADS=2 OMP_NUM_THREADS=2 TORCHINDUCTOR_CACHE_DIR=/home/l30023782/PTA_213/recheck_20261010/isolated/cache/case-153 TORCHNPU_PRECOMPILE_THREADS=2 ASCEND_RT_VISIBLE_DEVICES=1,/home/l30023782/miniforge3/envs/pta_213_case/bin/python -m pytest -vs -p isolated_plugin --junitxml=/home/l30023782/PTA_213/recheck_20261010/isolated/results/case-153.xml test_torchinductor.py::GPUTests::test_floordiv_npu,test/inductor/test_torchinductor.py::GPUTests::test_floordiv_npu,/home/l30023782/PTA_213/recheck_20261010/isolated/results/case-153.log
154,test_torchinductor.py,test_floordiv_negative_int,PASS,1,1,0,0,0,0,0,89.094,0,0,,TORCH_TRANSFER_TO_NPU=1 TORCH_NPU_DEVICE_CAPABILITY=8.0 TORCHINDUCTOR_COMPILE_THREADS=2 OMP_NUM_THREADS=2 TORCHINDUCTOR_CACHE_DIR=/home/l30023782/PTA_213/recheck_20261010/isolated/cache/case-154 TORCHNPU_PRECOMPILE_THREADS=2 ASCEND_RT_VISIBLE_DEVICES=0,/home/l30023782/miniforge3/envs/pta_213_case/bin/python -m pytest -vs -p isolated_plugin --junitxml=/home/l30023782/PTA_213/recheck_20261010/isolated/results/case-154.xml test_torchinductor.py::GPUTests::test_floordiv_negative_int_npu,test/inductor/test_torchinductor.py::GPUTests::test_floordiv_negative_int_npu,/home/l30023782/PTA_213/recheck_20261010/isolated/results/case-154.log
155,test_torchinductor.py,test_floordiv_int_min_neg_one_cpu,SKIP,1,0,0,0,1,0,0,60.407,0,1,"test_floordiv_int_min_neg_one_cpu_npu: ('/home/l30023782/PTA_213/Community-Use-Case-Testing/v2.13.0/pytorch/test/inductor/test_torchinductor.py', 18217, 'Skipped: cpp backend required')",TORCH_TRANSFER_TO_NPU=1 TORCH_NPU_DEVICE_CAPABILITY=8.0 TORCHINDUCTOR_COMPILE_THREADS=2 OMP_NUM_THREADS=2 TORCHINDUCTOR_CACHE_DIR=/home/l30023782/PTA_213/recheck_20261010/isolated/cache/case-155 TORCHNPU_PRECOMPILE_THREADS=2 ASCEND_RT_VISIBLE_DEVICES=1,/home/l30023782/miniforge3/envs/pta_213_case/bin/python -m pytest -vs -p isolated_plugin --junitxml=/home/l30023782/PTA_213/recheck_20261010/isolated/results/case-155.xml test_torchinductor.py::GPUTests::test_floordiv_int_min_neg_one_cpu_npu,test/inductor/test_torchinductor.py::GPUTests::test_floordiv_int_min_neg_one_cpu_npu,/home/l30023782/PTA_213/recheck_20261010/isolated/results/case-155.log
156,test_torchinductor.py,test_floordiv_div_by_zero_int_cpu_inductor_raises_error,SKIP,1,0,0,0,1,0,0,44.967,0,0,"test_floordiv_div_by_zero_int_cpu_inductor_raises_error_npu: ('/home/l30023782/PTA_213/Community-Use-Case-Testing/v2.13.0/pytorch/test/inductor/test_torchinductor.py', 18217, 'Skipped: cpp backend required')",TORCH_TRANSFER_TO_NPU=1 TORCH_NPU_DEVICE_CAPABILITY=8.0 TORCHINDUCTOR_COMPILE_THREADS=2 OMP_NUM_THREADS=2 TORCHINDUCTOR_CACHE_DIR=/home/l30023782/PTA_213/recheck_20261010/isolated/cache/case-156 TORCHNPU_PRECOMPILE_THREADS=2 ASCEND_RT_VISIBLE_DEVICES=0,/home/l30023782/miniforge3/envs/pta_213_case/bin/python -m pytest -vs -p isolated_plugin --junitxml=/home/l30023782/PTA_213/recheck_20261010/isolated/results/case-156.xml test_torchinductor.py::GPUTests::test_floordiv_div_by_zero_int_cpu_inductor_raises_error_npu,test/inductor/test_torchinductor.py::GPUTests::test_floordiv_div_by_zero_int_cpu_inductor_raises_error_npu,/home/l30023782/PTA_213/recheck_20261010/isolated/results/case-156.log
157,test_torchinductor.py,test_floordiv_div_by_zero_int,FAIL,1,0,1,0,0,0,0,27.343,1,1,test_floordiv_div_by_zero_int_npu: AssertionError: Tensor-likes are not equal!,TORCH_TRANSFER_TO_NPU=1 TORCH_NPU_DEVICE_CAPABILITY=8.0 TORCHINDUCTOR_COMPILE_THREADS=2 OMP_NUM_THREADS=2 TORCHINDUCTOR_CACHE_DIR=/home/l30023782/PTA_213/recheck_20261010/isolated/cache/case-157 TORCHNPU_PRECOMPILE_THREADS=2 ASCEND_RT_VISIBLE_DEVICES=1,/home/l30023782/miniforge3/envs/pta_213_case/bin/python -m pytest -vs -p isolated_plugin --junitxml=/home/l30023782/PTA_213/recheck_20261010/isolated/results/case-157.xml test_torchinductor.py::GPUTests::test_floordiv_div_by_zero_int_npu,test/inductor/test_torchinductor.py::GPUTests::test_floordiv_div_by_zero_int_npu,/home/l30023782/PTA_213/recheck_20261010/isolated/results/case-157.log
158,test_torchinductor.py,test_floordiv_float_accuracy,PASS,1,1,0,0,0,0,0,46.309,0,2,,TORCH_TRANSFER_TO_NPU=1 TORCH_NPU_DEVICE_CAPABILITY=8.0 TORCHINDUCTOR_COMPILE_THREADS=2 OMP_NUM_THREADS=2 TORCHINDUCTOR_CACHE_DIR=/home/l30023782/PTA_213/recheck_20261010/isolated/cache/case-158 TORCHNPU_PRECOMPILE_THREADS=2 ASCEND_RT_VISIBLE_DEVICES=2,/home/l30023782/miniforge3/envs/pta_213_case/bin/python -m pytest -vs -p isolated_plugin --junitxml=/home/l30023782/PTA_213/recheck_20261010/isolated/results/case-158.xml test_torchinductor.py::GPUTests::test_floordiv_float_accuracy_npu,test/inductor/test_torchinductor.py::GPUTests::test_floordiv_float_accuracy_npu,/home/l30023782/PTA_213/recheck_20261010/isolated/results/case-158.log
159,test_torchinductor.py,test_div_precision,PASS,1,1,0,0,0,0,0,501.704,0,0,,TORCH_TRANSFER_TO_NPU=1 TORCH_NPU_DEVICE_CAPABILITY=8.0 TORCHINDUCTOR_COMPILE_THREADS=2 OMP_NUM_THREADS=2 TORCHINDUCTOR_CACHE_DIR=/home/l30023782/PTA_213/recheck_20261010/isolated/cache/case-159 TORCHNPU_PRECOMPILE_THREADS=2 ASCEND_RT_VISIBLE_DEVICES=0,/home/l30023782/miniforge3/envs/pta_213_case/bin/python -m pytest -vs -p isolated_plugin --junitxml=/home/l30023782/PTA_213/recheck_20261010/isolated/results/case-159.xml test_torchinductor.py::GPUTests::test_div_precision_npu,test/inductor/test_torchinductor.py::GPUTests::test_div_precision_npu,/home/l30023782/PTA_213/recheck_20261010/isolated/results/case-159.log
160,test_torchinductor.py,test_div_presicion_accuracy,PASS,1,1,0,0,0,0,0,28.074,0,1,,TORCH_TRANSFER_TO_NPU=1 TORCH_NPU_DEVICE_CAPABILITY=8.0 TORCHINDUCTOR_COMPILE_THREADS=2 OMP_NUM_THREADS=2 TORCHINDUCTOR_CACHE_DIR=/home/l30023782/PTA_213/recheck_20261010/isolated/cache/case-160 TORCHNPU_PRECOMPILE_THREADS=2 ASCEND_RT_VISIBLE_DEVICES=1,/home/l30023782/miniforge3/envs/pta_213_case/bin/python -m pytest -vs -p isolated_plugin --junitxml=/home/l30023782/PTA_213/recheck_20261010/isolated/results/case-160.xml test_torchinductor.py::GPUTests::test_div_presicion_accuracy_npu,test/inductor/test_torchinductor.py::GPUTests::test_div_presicion_accuracy_npu,/home/l30023782/PTA_213/recheck_20261010/isolated/results/case-160.log
161,test_torchinductor.py,test_div_by_zero,PASS,1,1,0,0,0,0,0,55.318,0,2,,TORCH_TRANSFER_TO_NPU=1 TORCH_NPU_DEVICE_CAPABILITY=8.0 TORCHINDUCTOR_COMPILE_THREADS=2 OMP_NUM_THREADS=2 TORCHINDUCTOR_CACHE_DIR=/home/l30023782/PTA_213/recheck_20261010/isolated/cache/case-161 TORCHNPU_PRECOMPILE_THREADS=2 ASCEND_RT_VISIBLE_DEVICES=2,/home/l30023782/miniforge3/envs/pta_213_case/bin/python -m pytest -vs -p isolated_plugin --junitxml=/home/l30023782/PTA_213/recheck_20261010/isolated/results/case-161.xml test_torchinductor.py::GPUTests::test_div_by_zero_npu,test/inductor/test_torchinductor.py::GPUTests::test_div_by_zero_npu,/home/l30023782/PTA_213/recheck_20261010/isolated/results/case-161.log
162,test_torchinductor.py,test_sum_keepdims,PASS,1,1,0,0,0,0,0,44.84,0,1,,TORCH_TRANSFER_TO_NPU=1 TORCH_NPU_DEVICE_CAPABILITY=8.0 TORCHINDUCTOR_COMPILE_THREADS=2 OMP_NUM_THREADS=2 TORCHINDUCTOR_CACHE_DIR=/home/l30023782/PTA_213/recheck_20261010/isolated/cache/case-162 TORCHNPU_PRECOMPILE_THREADS=2 ASCEND_RT_VISIBLE_DEVICES=1,/home/l30023782/miniforge3/envs/pta_213_case/bin/python -m pytest -vs -p isolated_plugin --junitxml=/home/l30023782/PTA_213/recheck_20261010/isolated/results/case-162.xml test_torchinductor.py::GPUTests::test_sum_keepdims_npu,test/inductor/test_torchinductor.py::GPUTests::test_sum_keepdims_npu,/home/l30023782/PTA_213/recheck_20261010/isolated/results/case-162.log
163,test_torchinductor.py,test_large_tensor_reduction,SKIP,1,0,0,0,1,0,0,14.563,0,1,"test_large_tensor_reduction_npu: ('/home/l30023782/PTA_213/Community-Use-Case-Testing/v2.13.0/pytorch/test/inductor/test_torchinductor.py', 4252, 'Skipped: Unknown device type')",TORCH_TRANSFER_TO_NPU=1 TORCH_NPU_DEVICE_CAPABILITY=8.0 TORCHINDUCTOR_COMPILE_THREADS=2 OMP_NUM_THREADS=2 TORCHINDUCTOR_CACHE_DIR=/home/l30023782/PTA_213/recheck_20261010/isolated/cache/case-163 TORCHNPU_PRECOMPILE_THREADS=2 ASCEND_RT_VISIBLE_DEVICES=1,/home/l30023782/miniforge3/envs/pta_213_case/bin/python -m pytest -vs -p isolated_plugin --junitxml=/home/l30023782/PTA_213/recheck_20261010/isolated/results/case-163.xml test_torchinductor.py::GPUTests::test_large_tensor_reduction_npu,test/inductor/test_torchinductor.py::GPUTests::test_large_tensor_reduction_npu,/home/l30023782/PTA_213/recheck_20261010/isolated/results/case-163.log
164,test_torchinductor.py,test_large_broadcast_reduction,PASS,1,1,0,0,0,0,0,51.315,0,2,,TORCH_TRANSFER_TO_NPU=1 TORCH_NPU_DEVICE_CAPABILITY=8.0 TORCHINDUCTOR_COMPILE_THREADS=2 OMP_NUM_THREADS=2 TORCHINDUCTOR_CACHE_DIR=/home/l30023782/PTA_213/recheck_20261010/isolated/cache/case-164 TORCHNPU_PRECOMPILE_THREADS=2 ASCEND_RT_VISIBLE_DEVICES=2,/home/l30023782/miniforge3/envs/pta_213_case/bin/python -m pytest -vs -p isolated_plugin --junitxml=/home/l30023782/PTA_213/recheck_20261010/isolated/results/case-164.xml test_torchinductor.py::GPUTests::test_large_broadcast_reduction_npu,test/inductor/test_torchinductor.py::GPUTests::test_large_broadcast_reduction_npu,/home/l30023782/PTA_213/recheck_20261010/isolated/results/case-164.log
165,test_torchinductor.py,test_large_pointwise,SKIP,1,0,0,0,1,0,0,13.434,0,1,"test_large_pointwise_npu: ('/home/l30023782/PTA_213/Community-Use-Case-Testing/v2.13.0/pytorch/test/inductor/test_torchinductor.py', 4289, 'Skipped: Unknown device type')",TORCH_TRANSFER_TO_NPU=1 TORCH_NPU_DEVICE_CAPABILITY=8.0 TORCHINDUCTOR_COMPILE_THREADS=2 OMP_NUM_THREADS=2 TORCHINDUCTOR_CACHE_DIR=/home/l30023782/PTA_213/recheck_20261010/isolated/cache/case-165 TORCHNPU_PRECOMPILE_THREADS=2 ASCEND_RT_VISIBLE_DEVICES=1,/home/l30023782/miniforge3/envs/pta_213_case/bin/python -m pytest -vs -p isolated_plugin --junitxml=/home/l30023782/PTA_213/recheck_20261010/isolated/results/case-165.xml test_torchinductor.py::GPUTests::test_large_pointwise_npu,test/inductor/test_torchinductor.py::GPUTests::test_large_pointwise_npu,/home/l30023782/PTA_213/recheck_20261010/isolated/results/case-165.log
166,test_torchinductor.py,test_large_offset_pointwise,SKIP,1,0,0,0,1,0,0,15.465,0,1,"test_large_offset_pointwise_npu: ('/home/l30023782/PTA_213/Community-Use-Case-Testing/v2.13.0/pytorch/test/inductor/test_torchinductor.py', 4312, 'Skipped: Unknown device type')",TORCH_TRANSFER_TO_NPU=1 TORCH_NPU_DEVICE_CAPABILITY=8.0 TORCHINDUCTOR_COMPILE_THREADS=2 OMP_NUM_THREADS=2 TORCHINDUCTOR_CACHE_DIR=/home/l30023782/PTA_213/recheck_20261010/isolated/cache/case-166 TORCHNPU_PRECOMPILE_THREADS=2 ASCEND_RT_VISIBLE_DEVICES=1,/home/l30023782/miniforge3/envs/pta_213_case/bin/python -m pytest -vs -p isolated_plugin --junitxml=/home/l30023782/PTA_213/recheck_20261010/isolated/results/case-166.xml test_torchinductor.py::GPUTests::test_large_offset_pointwise_npu,test/inductor/test_torchinductor.py::GPUTests::test_large_offset_pointwise_npu,/home/l30023782/PTA_213/recheck_20261010/isolated/results/case-166.log
167,test_torchinductor.py,test_large_strided_reduction,SKIP,1,0,0,0,1,0,0,14.522,0,1,"test_large_strided_reduction_npu: ('/home/l30023782/PTA_213/Community-Use-Case-Testing/v2.13.0/pytorch/test/inductor/test_torchinductor.py', 4328, 'Skipped: Unknown device type')",TORCH_TRANSFER_TO_NPU=1 TORCH_NPU_DEVICE_CAPABILITY=8.0 TORCHINDUCTOR_COMPILE_THREADS=2 OMP_NUM_THREADS=2 TORCHINDUCTOR_CACHE_DIR=/home/l30023782/PTA_213/recheck_20261010/isolated/cache/case-167 TORCHNPU_PRECOMPILE_THREADS=2 ASCEND_RT_VISIBLE_DEVICES=1,/home/l30023782/miniforge3/envs/pta_213_case/bin/python -m pytest -vs -p isolated_plugin --junitxml=/home/l30023782/PTA_213/recheck_20261010/isolated/results/case-167.xml test_torchinductor.py::GPUTests::test_large_strided_reduction_npu,test/inductor/test_torchinductor.py::GPUTests::test_large_strided_reduction_npu,/home/l30023782/PTA_213/recheck_20261010/isolated/results/case-167.log
168,test_torchinductor.py,test_softmax,PASS,1,1,0,0,0,0,0,60.931,0,1,,TORCH_TRANSFER_TO_NPU=1 TORCH_NPU_DEVICE_CAPABILITY=8.0 TORCHINDUCTOR_COMPILE_THREADS=2 OMP_NUM_THREADS=2 TORCHINDUCTOR_CACHE_DIR=/home/l30023782/PTA_213/recheck_20261010/isolated/cache/case-168 TORCHNPU_PRECOMPILE_THREADS=2 ASCEND_RT_VISIBLE_DEVICES=1,/home/l30023782/miniforge3/envs/pta_213_case/bin/python -m pytest -vs -p isolated_plugin --junitxml=/home/l30023782/PTA_213/recheck_20261010/isolated/results/case-168.xml test_torchinductor.py::GPUTests::test_softmax_npu,test/inductor/test_torchinductor.py::GPUTests::test_softmax_npu,/home/l30023782/PTA_213/recheck_20261010/isolated/results/case-168.log
169,test_torchinductor.py,test_softmax_reused_expensive_pointwise_cpu,SKIP,1,0,0,0,1,0,0,14.689,0,2,"test_softmax_reused_expensive_pointwise_cpu_npu: ('/home/l30023782/PTA_213/Community-Use-Case-Testing/v2.13.0/pytorch/test/inductor/test_torchinductor.py', 18217, 'Skipped: C++ CPU codegen regression test')",TORCH_TRANSFER_TO_NPU=1 TORCH_NPU_DEVICE_CAPABILITY=8.0 TORCHINDUCTOR_COMPILE_THREADS=2 OMP_NUM_THREADS=2 TORCHINDUCTOR_CACHE_DIR=/home/l30023782/PTA_213/recheck_20261010/isolated/cache/case-169 TORCHNPU_PRECOMPILE_THREADS=2 ASCEND_RT_VISIBLE_DEVICES=2,/home/l30023782/miniforge3/envs/pta_213_case/bin/python -m pytest -vs -p isolated_plugin --junitxml=/home/l30023782/PTA_213/recheck_20261010/isolated/results/case-169.xml test_torchinductor.py::GPUTests::test_softmax_reused_expensive_pointwise_cpu_npu,test/inductor/test_torchinductor.py::GPUTests::test_softmax_reused_expensive_pointwise_cpu_npu,/home/l30023782/PTA_213/recheck_20261010/isolated/results/case-169.log
170,test_torchinductor.py,test_log_softmax,PASS,1,1,0,0,0,0,0,64.357,0,2,,TORCH_TRANSFER_TO_NPU=1 TORCH_NPU_DEVICE_CAPABILITY=8.0 TORCHINDUCTOR_COMPILE_THREADS=2 OMP_NUM_THREADS=2 TORCHINDUCTOR_CACHE_DIR=/home/l30023782/PTA_213/recheck_20261010/isolated/cache/case-170 TORCHNPU_PRECOMPILE_THREADS=2 ASCEND_RT_VISIBLE_DEVICES=2,/home/l30023782/miniforge3/envs/pta_213_case/bin/python -m pytest -vs -p isolated_plugin --junitxml=/home/l30023782/PTA_213/recheck_20261010/isolated/results/case-170.xml test_torchinductor.py::GPUTests::test_log_softmax_npu,test/inductor/test_torchinductor.py::GPUTests::test_log_softmax_npu,/home/l30023782/PTA_213/recheck_20261010/isolated/results/case-170.log
171,test_torchinductor.py,test_transpose,PASS,1,1,0,0,0,0,0,106.291,0,1,,TORCH_TRANSFER_TO_NPU=1 TORCH_NPU_DEVICE_CAPABILITY=8.0 TORCHINDUCTOR_COMPILE_THREADS=2 OMP_NUM_THREADS=2 TORCHINDUCTOR_CACHE_DIR=/home/l30023782/PTA_213/recheck_20261010/isolated/cache/case-171 TORCHNPU_PRECOMPILE_THREADS=2 ASCEND_RT_VISIBLE_DEVICES=1,/home/l30023782/miniforge3/envs/pta_213_case/bin/python -m pytest -vs -p isolated_plugin --junitxml=/home/l30023782/PTA_213/recheck_20261010/isolated/results/case-171.xml test_torchinductor.py::GPUTests::test_transpose_npu,test/inductor/test_torchinductor.py::GPUTests::test_transpose_npu,/home/l30023782/PTA_213/recheck_20261010/isolated/results/case-171.log
172,test_torchinductor.py,test_permute1,PASS,1,1,0,0,0,0,0,68.55,0,2,,TORCH_TRANSFER_TO_NPU=1 TORCH_NPU_DEVICE_CAPABILITY=8.0 TORCHINDUCTOR_COMPILE_THREADS=2 OMP_NUM_THREADS=2 TORCHINDUCTOR_CACHE_DIR=/home/l30023782/PTA_213/recheck_20261010/isolated/cache/case-172 TORCHNPU_PRECOMPILE_THREADS=2 ASCEND_RT_VISIBLE_DEVICES=2,/home/l30023782/miniforge3/envs/pta_213_case/bin/python -m pytest -vs -p isolated_plugin --junitxml=/home/l30023782/PTA_213/recheck_20261010/isolated/results/case-172.xml test_torchinductor.py::GPUTests::test_permute1_npu,test/inductor/test_torchinductor.py::GPUTests::test_permute1_npu,/home/l30023782/PTA_213/recheck_20261010/isolated/results/case-172.log
173,test_torchinductor.py,test_permute_unbacked_slice,PASS,1,1,0,0,0,0,0,181.951,0,2,,TORCH_TRANSFER_TO_NPU=1 TORCH_NPU_DEVICE_CAPABILITY=8.0 TORCHINDUCTOR_COMPILE_THREADS=2 OMP_NUM_THREADS=2 TORCHINDUCTOR_CACHE_DIR=/home/l30023782/PTA_213/recheck_20261010/isolated/cache/case-173 TORCHNPU_PRECOMPILE_THREADS=2 ASCEND_RT_VISIBLE_DEVICES=2,/home/l30023782/miniforge3/envs/pta_213_case/bin/python -m pytest -vs -p isolated_plugin --junitxml=/home/l30023782/PTA_213/recheck_20261010/isolated/results/case-173.xml test_torchinductor.py::GPUTests::test_permute_unbacked_slice_npu,test/inductor/test_torchinductor.py::GPUTests::test_permute_unbacked_slice_npu,/home/l30023782/PTA_213/recheck_20261010/isolated/results/case-173.log
174,test_torchinductor.py,test_expand,PASS,1,1,0,0,0,0,0,137.006,0,1,,TORCH_TRANSFER_TO_NPU=1 TORCH_NPU_DEVICE_CAPABILITY=8.0 TORCHINDUCTOR_COMPILE_THREADS=2 OMP_NUM_THREADS=2 TORCHINDUCTOR_CACHE_DIR=/home/l30023782/PTA_213/recheck_20261010/isolated/cache/case-174 TORCHNPU_PRECOMPILE_THREADS=2 ASCEND_RT_VISIBLE_DEVICES=1,/home/l30023782/miniforge3/envs/pta_213_case/bin/python -m pytest -vs -p isolated_plugin --junitxml=/home/l30023782/PTA_213/recheck_20261010/isolated/results/case-174.xml test_torchinductor.py::GPUTests::test_expand_npu,test/inductor/test_torchinductor.py::GPUTests::test_expand_npu,/home/l30023782/PTA_213/recheck_20261010/isolated/results/case-174.log
175,test_torchinductor.py,test_squeeze1,PASS,1,1,0,0,0,0,0,64.415,0,1,,TORCH_TRANSFER_TO_NPU=1 TORCH_NPU_DEVICE_CAPABILITY=8.0 TORCHINDUCTOR_COMPILE_THREADS=2 OMP_NUM_THREADS=2 TORCHINDUCTOR_CACHE_DIR=/home/l30023782/PTA_213/recheck_20261010/isolated/cache/case-175 TORCHNPU_PRECOMPILE_THREADS=2 ASCEND_RT_VISIBLE_DEVICES=1,/home/l30023782/miniforge3/envs/pta_213_case/bin/python -m pytest -vs -p isolated_plugin --junitxml=/home/l30023782/PTA_213/recheck_20261010/isolated/results/case-175.xml test_torchinductor.py::GPUTests::test_squeeze1_npu,test/inductor/test_torchinductor.py::GPUTests::test_squeeze1_npu,/home/l30023782/PTA_213/recheck_20261010/isolated/results/case-175.log
176,test_torchinductor.py,test_squeeze2,PASS,1,1,0,0,0,0,0,66.897,0,2,,TORCH_TRANSFER_TO_NPU=1 TORCH_NPU_DEVICE_CAPABILITY=8.0 TORCHINDUCTOR_COMPILE_THREADS=2 OMP_NUM_THREADS=2 TORCHINDUCTOR_CACHE_DIR=/home/l30023782/PTA_213/recheck_20261010/isolated/cache/case-176 TORCHNPU_PRECOMPILE_THREADS=2 ASCEND_RT_VISIBLE_DEVICES=2,/home/l30023782/miniforge3/envs/pta_213_case/bin/python -m pytest -vs -p isolated_plugin --junitxml=/home/l30023782/PTA_213/recheck_20261010/isolated/results/case-176.xml test_torchinductor.py::GPUTests::test_squeeze2_npu,test/inductor/test_torchinductor.py::GPUTests::test_squeeze2_npu,/home/l30023782/PTA_213/recheck_20261010/isolated/results/case-176.log
177,test_torchinductor.py,test_squeeze_varargs,PASS,1,1,0,0,0,0,0,61.506,0,0,,TORCH_TRANSFER_TO_NPU=1 TORCH_NPU_DEVICE_CAPABILITY=8.0 TORCHINDUCTOR_COMPILE_THREADS=2 OMP_NUM_THREADS=2 TORCHINDUCTOR_CACHE_DIR=/home/l30023782/PTA_213/recheck_20261010/isolated/cache/case-177 TORCHNPU_PRECOMPILE_THREADS=2 ASCEND_RT_VISIBLE_DEVICES=0,/home/l30023782/miniforge3/envs/pta_213_case/bin/python -m pytest -vs -p isolated_plugin --junitxml=/home/l30023782/PTA_213/recheck_20261010/isolated/results/case-177.xml test_torchinductor.py::GPUTests::test_squeeze_varargs_npu,test/inductor/test_torchinductor.py::GPUTests::test_squeeze_varargs_npu,/home/l30023782/PTA_213/recheck_20261010/isolated/results/case-177.log
178,test_torchinductor.py,test_simplify_loops,PASS,1,1,0,0,0,0,0,539.451,0,1,,TORCH_TRANSFER_TO_NPU=1 TORCH_NPU_DEVICE_CAPABILITY=8.0 TORCHINDUCTOR_COMPILE_THREADS=2 OMP_NUM_THREADS=2 TORCHINDUCTOR_CACHE_DIR=/home/l30023782/PTA_213/recheck_20261010/isolated/cache/case-178 TORCHNPU_PRECOMPILE_THREADS=2 ASCEND_RT_VISIBLE_DEVICES=1,/home/l30023782/miniforge3/envs/pta_213_case/bin/python -m pytest -vs -p isolated_plugin --junitxml=/home/l30023782/PTA_213/recheck_20261010/isolated/results/case-178.xml test_torchinductor.py::GPUTests::test_simplify_loops_npu,test/inductor/test_torchinductor.py::GPUTests::test_simplify_loops_npu,/home/l30023782/PTA_213/recheck_20261010/isolated/results/case-178.log
179,test_torchinductor.py,test_unsqueeze,PASS,1,1,0,0,0,0,0,84.217,0,2,,TORCH_TRANSFER_TO_NPU=1 TORCH_NPU_DEVICE_CAPABILITY=8.0 TORCHINDUCTOR_COMPILE_THREADS=2 OMP_NUM_THREADS=2 TORCHINDUCTOR_CACHE_DIR=/home/l30023782/PTA_213/recheck_20261010/isolated/cache/case-179 TORCHNPU_PRECOMPILE_THREADS=2 ASCEND_RT_VISIBLE_DEVICES=2,/home/l30023782/miniforge3/envs/pta_213_case/bin/python -m pytest -vs -p isolated_plugin --junitxml=/home/l30023782/PTA_213/recheck_20261010/isolated/results/case-179.xml test_torchinductor.py::GPUTests::test_unsqueeze_npu,test/inductor/test_torchinductor.py::GPUTests::test_unsqueeze_npu,/home/l30023782/PTA_213/recheck_20261010/isolated/results/case-179.log
180,test_torchinductor.py,test_unsqueeze_inplace,PASS,1,1,0,0,0,0,0,78.152,0,0,,TORCH_TRANSFER_TO_NPU=1 TORCH_NPU_DEVICE_CAPABILITY=8.0 TORCHINDUCTOR_COMPILE_THREADS=2 OMP_NUM_THREADS=2 TORCHINDUCTOR_CACHE_DIR=/home/l30023782/PTA_213/recheck_20261010/isolated/cache/case-180 TORCHNPU_PRECOMPILE_THREADS=2 ASCEND_RT_VISIBLE_DEVICES=0,/home/l30023782/miniforge3/envs/pta_213_case/bin/python -m pytest -vs -p isolated_plugin --junitxml=/home/l30023782/PTA_213/recheck_20261010/isolated/results/case-180.xml test_torchinductor.py::GPUTests::test_unsqueeze_inplace_npu,test/inductor/test_torchinductor.py::GPUTests::test_unsqueeze_inplace_npu,/home/l30023782/PTA_213/recheck_20261010/isolated/results/case-180.log
181,test_torchinductor.py,test_addmm,PASS,1,1,0,0,0,0,0,291.567,0,2,,TORCH_TRANSFER_TO_NPU=1 TORCH_NPU_DEVICE_CAPABILITY=8.0 TORCHINDUCTOR_COMPILE_THREADS=2 OMP_NUM_THREADS=2 TORCHINDUCTOR_CACHE_DIR=/home/l30023782/PTA_213/recheck_20261010/isolated/cache/case-181 TORCHNPU_PRECOMPILE_THREADS=2 ASCEND_RT_VISIBLE_DEVICES=2,/home/l30023782/miniforge3/envs/pta_213_case/bin/python -m pytest -vs -p isolated_plugin --junitxml=/home/l30023782/PTA_213/recheck_20261010/isolated/results/case-181.xml test_torchinductor.py::GPUTests::test_addmm_npu,test/inductor/test_torchinductor.py::GPUTests::test_addmm_npu,/home/l30023782/PTA_213/recheck_20261010/isolated/results/case-181.log
182,test_torchinductor.py,test_linear_float64,FAIL,1,0,1,0,0,0,0,32.286,1,0,"test_linear_float64_npu: RuntimeError: addmm:third_party/op-plugin/op_plugin/ops/opapi/AddmmKernelNpuOpApi.cpp:164 NPU function error: call aclnnAddmm failed, error code is 507899",TORCH_TRANSFER_TO_NPU=1 TORCH_NPU_DEVICE_CAPABILITY=8.0 TORCHINDUCTOR_COMPILE_THREADS=2 OMP_NUM_THREADS=2 TORCHINDUCTOR_CACHE_DIR=/home/l30023782/PTA_213/recheck_20261010/isolated/cache/case-182 TORCHNPU_PRECOMPILE_THREADS=2 ASCEND_RT_VISIBLE_DEVICES=0,/home/l30023782/miniforge3/envs/pta_213_case/bin/python -m pytest -vs -p isolated_plugin --junitxml=/home/l30023782/PTA_213/recheck_20261010/isolated/results/case-182.xml test_torchinductor.py::GPUTests::test_linear_float64_npu,test/inductor/test_torchinductor.py::GPUTests::test_linear_float64_npu,/home/l30023782/PTA_213/recheck_20261010/isolated/results/case-182.log
183,test_torchinductor.py,test_linear1,PASS,1,1,0,0,0,0,0,94.343,0,0,,TORCH_TRANSFER_TO_NPU=1 TORCH_NPU_DEVICE_CAPABILITY=8.0 TORCHINDUCTOR_COMPILE_THREADS=2 OMP_NUM_THREADS=2 TORCHINDUCTOR_CACHE_DIR=/home/l30023782/PTA_213/recheck_20261010/isolated/cache/case-183 TORCHNPU_PRECOMPILE_THREADS=2 ASCEND_RT_VISIBLE_DEVICES=0,/home/l30023782/miniforge3/envs/pta_213_case/bin/python -m pytest -vs -p isolated_plugin --junitxml=/home/l30023782/PTA_213/recheck_20261010/isolated/results/case-183.xml test_torchinductor.py::GPUTests::test_linear1_npu,test/inductor/test_torchinductor.py::GPUTests::test_linear1_npu,/home/l30023782/PTA_213/recheck_20261010/isolated/results/case-183.log
184,test_torchinductor.py,test_linear2,PASS,1,1,0,0,0,0,0,166.255,0,0,,TORCH_TRANSFER_TO_NPU=1 TORCH_NPU_DEVICE_CAPABILITY=8.0 TORCHINDUCTOR_COMPILE_THREADS=2 OMP_NUM_THREADS=2 TORCHINDUCTOR_CACHE_DIR=/home/l30023782/PTA_213/recheck_20261010/isolated/cache/case-184 TORCHNPU_PRECOMPILE_THREADS=2 ASCEND_RT_VISIBLE_DEVICES=0,/home/l30023782/miniforge3/envs/pta_213_case/bin/python -m pytest -vs -p isolated_plugin --junitxml=/home/l30023782/PTA_213/recheck_20261010/isolated/results/case-184.xml test_torchinductor.py::GPUTests::test_linear2_npu,test/inductor/test_torchinductor.py::GPUTests::test_linear2_npu,/home/l30023782/PTA_213/recheck_20261010/isolated/results/case-184.log
185,test_torchinductor.py,test_bmm1,PASS,1,1,0,0,0,0,0,397.548,0,2,,TORCH_TRANSFER_TO_NPU=1 TORCH_NPU_DEVICE_CAPABILITY=8.0 TORCHINDUCTOR_COMPILE_THREADS=2 OMP_NUM_THREADS=2 TORCHINDUCTOR_CACHE_DIR=/home/l30023782/PTA_213/recheck_20261010/isolated/cache/case-185 TORCHNPU_PRECOMPILE_THREADS=2 ASCEND_RT_VISIBLE_DEVICES=2,/home/l30023782/miniforge3/envs/pta_213_case/bin/python -m pytest -vs -p isolated_plugin --junitxml=/home/l30023782/PTA_213/recheck_20261010/isolated/results/case-185.xml test_torchinductor.py::GPUTests::test_bmm1_npu,test/inductor/test_torchinductor.py::GPUTests::test_bmm1_npu,/home/l30023782/PTA_213/recheck_20261010/isolated/results/case-185.log
186,test_torchinductor.py,test_bmm2,PASS,1,1,0,0,0,0,0,110.119,0,0,,TORCH_TRANSFER_TO_NPU=1 TORCH_NPU_DEVICE_CAPABILITY=8.0 TORCHINDUCTOR_COMPILE_THREADS=2 OMP_NUM_THREADS=2 TORCHINDUCTOR_CACHE_DIR=/home/l30023782/PTA_213/recheck_20261010/isolated/cache/case-186 TORCHNPU_PRECOMPILE_THREADS=2 ASCEND_RT_VISIBLE_DEVICES=0,/home/l30023782/miniforge3/envs/pta_213_case/bin/python -m pytest -vs -p isolated_plugin --junitxml=/home/l30023782/PTA_213/recheck_20261010/isolated/results/case-186.xml test_torchinductor.py::GPUTests::test_bmm2_npu,test/inductor/test_torchinductor.py::GPUTests::test_bmm2_npu,/home/l30023782/PTA_213/recheck_20261010/isolated/results/case-186.log
187,test_torchinductor.py,test_vmap_dot_decomposes_bmm,FAIL,1,0,1,0,0,0,0,55.335,1,0,"test_vmap_dot_decomposes_bmm_npu: AssertionError: 'extern_kernels.bmm' unexpectedly found in '# AOT ID: [\'0_inference\']\nfrom ctypes import c_void_p, c_long, c_int\nimport torch\nimport math\nimport random\nimport os\nimport tempfile\nfrom math import inf, nan\nfrom cmath import nanj\nfrom torch._inductor.hooks import run_intermediate_hooks\nfrom torch._inductor.utils import maybe_profile\nfrom torch._inductor.codegen.memory_planning import _align as align\nfrom torch import device, empty_strided\nfrom torch._inductor.async_compile import AsyncCompile\nfrom torch._inductor.select_algorithm import extern_kernels\nfrom torch_npu._C import _npu_getCurrentRawStreamNoWait as get_raw_stream\nfrom torch._C._dynamo.guards import copy_if_misaligned\nimport triton\nimport triton.language as tl\nfrom torch._inductor.runtime.triton_heuristics import start_graph, end_graph\nfrom torch_npu._C import _npu_getCurrentRawStreamNoWait as get_raw_stream\nimport torch_npu\ntorch_npu.npu._initialized = torch_npu.npu.is_initialized()\nhas_initialized = False\nimport torch_npu._inductor.runtime.triton_heuristics as triton_heuristics\n\naten = torch.ops.aten\ninductor_ops = torch.ops.inductor\n_quantized = torch.ops._quantized\nassert_size_stride = torch._C._dynamo.guards.assert_size_stride\nassert_alignment = torch._C._dynamo.guards.assert_alignment\nempty_strided_cpu = torch._C._dynamo.guards._empty_strided_cpu\nempty_strided_cpu_pinned = torch._C._dynamo.guards._empty_strided_cpu_pinned\nempty_strided_cuda = torch._C._dynamo.guards._empty_strided_cuda\nempty_strided_xpu = torch._C._dynamo.guards._empty_strided_xpu\nempty_strid",TORCH_TRANSFER_TO_NPU=1 TORCH_NPU_DEVICE_CAPABILITY=8.0 TORCHINDUCTOR_COMPILE_THREADS=2 OMP_NUM_THREADS=2 TORCHINDUCTOR_CACHE_DIR=/home/l30023782/PTA_213/recheck_20261010/isolated/cache/case-187 TORCHNPU_PRECOMPILE_THREADS=2 ASCEND_RT_VISIBLE_DEVICES=0,/home/l30023782/miniforge3/envs/pta_213_case/bin/python -m pytest -vs -p isolated_plugin --junitxml=/home/l30023782/PTA_213/recheck_20261010/isolated/results/case-187.xml test_torchinductor.py::GPUTests::test_vmap_dot_decomposes_bmm_npu,test/inductor/test_torchinductor.py::GPUTests::test_vmap_dot_decomposes_bmm_npu,/home/l30023782/PTA_213/recheck_20261010/isolated/results/case-187.log
188,test_torchinductor.py,test_bmm_dot_shape_decompose_threshold,FAIL,1,0,1,0,0,0,0,21.119,1,1,"test_bmm_dot_shape_decompose_threshold_npu: AssertionError: 'extern_kernels.bmm' unexpectedly found in '# AOT ID: [\'0_inference\']\nfrom ctypes import c_void_p, c_long, c_int\nimport torch\nimport math\nimport random\nimport os\nimport tempfile\nfrom math import inf, nan\nfrom cmath import nanj\nfrom torch._inductor.hooks import run_intermediate_hooks\nfrom torch._inductor.utils import maybe_profile\nfrom torch._inductor.codegen.memory_planning import _align as align\nfrom torch import device, empty_strided\nfrom torch._inductor.async_compile import AsyncCompile\nfrom torch._inductor.select_algorithm import extern_kernels\nfrom torch_npu._C import _npu_getCurrentRawStreamNoWait as get_raw_stream\nfrom torch._C._dynamo.guards import copy_if_misaligned\n\naten = torch.ops.aten\ninductor_ops = torch.ops.inductor\n_quantized = torch.ops._quantized\nassert_size_stride = torch._C._dynamo.guards.assert_size_stride\nassert_alignment = torch._C._dynamo.guards.assert_alignment\nempty_strided_cpu = torch._C._dynamo.guards._empty_strided_cpu\nempty_strided_cpu_pinned = torch._C._dynamo.guards._empty_strided_cpu_pinned\nempty_strided_cuda = torch._C._dynamo.guards._empty_strided_cuda\nempty_strided_xpu = torch._C._dynamo.guards._empty_strided_xpu\nempty_strided_mtia = torch._C._dynamo.guards._empty_strided_mtia\nreinterpret_tensor = torch._C._dynamo.guards._reinterpret_tensor\nalloc_from_pool = torch.ops.inductor._alloc_from_pool\nasync_compile = AsyncCompile()\nempty_strided_p2p = torch._C._distributed_c10d._SymmetricMemory.empty_strided_p2p\n\n\nasync_compile.wait(globals())\ndel async_compile\n\nclass Runner:\n    def __init_",TORCH_TRANSFER_TO_NPU=1 TORCH_NPU_DEVICE_CAPABILITY=8.0 TORCHINDUCTOR_COMPILE_THREADS=2 OMP_NUM_THREADS=2 TORCHINDUCTOR_CACHE_DIR=/home/l30023782/PTA_213/recheck_20261010/isolated/cache/case-188 TORCHNPU_PRECOMPILE_THREADS=2 ASCEND_RT_VISIBLE_DEVICES=1,/home/l30023782/miniforge3/envs/pta_213_case/bin/python -m pytest -vs -p isolated_plugin --junitxml=/home/l30023782/PTA_213/recheck_20261010/isolated/results/case-188.xml test_torchinductor.py::GPUTests::test_bmm_dot_shape_decompose_threshold_npu,test/inductor/test_torchinductor.py::GPUTests::test_bmm_dot_shape_decompose_threshold_npu,/home/l30023782/PTA_213/recheck_20261010/isolated/results/case-188.log
189,test_torchinductor.py,test_bmm_dot_shape_dynamic_k_range_spans_decompose_threshold,FAIL,1,0,1,0,0,0,0,21.652,1,1,"test_bmm_dot_shape_dynamic_k_range_spans_decompose_threshold_npu: AssertionError: 'extern_kernels.bmm' unexpectedly found in '# AOT ID: [\'0_inference\']\nfrom ctypes import c_void_p, c_long, c_int\nimport torch\nimport math\nimport random\nimport os\nimport tempfile\nfrom math import inf, nan\nfrom cmath import nanj\nfrom torch._inductor.hooks import run_intermediate_hooks\nfrom torch._inductor.utils import maybe_profile\nfrom torch._inductor.codegen.memory_planning import _align as align\nfrom torch import device, empty_strided\nfrom torch._inductor.async_compile import AsyncCompile\nfrom torch._inductor.select_algorithm import extern_kernels\nfrom torch_npu._C import _npu_getCurrentRawStreamNoWait as get_raw_stream\nfrom torch._C._dynamo.guards import copy_if_misaligned\n\naten = torch.ops.aten\ninductor_ops = torch.ops.inductor\n_quantized = torch.ops._quantized\nassert_size_stride = torch._C._dynamo.guards.assert_size_stride\nassert_alignment = torch._C._dynamo.guards.assert_alignment\nempty_strided_cpu = torch._C._dynamo.guards._empty_strided_cpu\nempty_strided_cpu_pinned = torch._C._dynamo.guards._empty_strided_cpu_pinned\nempty_strided_cuda = torch._C._dynamo.guards._empty_strided_cuda\nempty_strided_xpu = torch._C._dynamo.guards._empty_strided_xpu\nempty_strided_mtia = torch._C._dynamo.guards._empty_strided_mtia\nreinterpret_tensor = torch._C._dynamo.guards._reinterpret_tensor\nalloc_from_pool = torch.ops.inductor._alloc_from_pool\nasync_compile = AsyncCompile()\nempty_strided_p2p = torch._C._distributed_c10d._SymmetricMemory.empty_strided_p2p\n\n\nasync_compile.wait(globals())\ndel async_compile\n\nclass Runner:\n    def __init_",TORCH_TRANSFER_TO_NPU=1 TORCH_NPU_DEVICE_CAPABILITY=8.0 TORCHINDUCTOR_COMPILE_THREADS=2 OMP_NUM_THREADS=2 TORCHINDUCTOR_CACHE_DIR=/home/l30023782/PTA_213/recheck_20261010/isolated/cache/case-189 TORCHNPU_PRECOMPILE_THREADS=2 ASCEND_RT_VISIBLE_DEVICES=1,/home/l30023782/miniforge3/envs/pta_213_case/bin/python -m pytest -vs -p isolated_plugin --junitxml=/home/l30023782/PTA_213/recheck_20261010/isolated/results/case-189.xml test_torchinductor.py::GPUTests::test_bmm_dot_shape_dynamic_k_range_spans_decompose_threshold_npu,test/inductor/test_torchinductor.py::GPUTests::test_bmm_dot_shape_dynamic_k_range_spans_decompose_threshold_npu,/home/l30023782/PTA_213/recheck_20261010/isolated/results/case-189.log
190,test_torchinductor.py,test_bmm_dot_shape_int_preserves_eager_error,FAIL,1,0,1,0,0,0,0,17.709,1,0,"test_bmm_dot_shape_int_preserves_eager_error_npu: RuntimeError: bmm:third_party/op-plugin/op_plugin/ops/opapi/BmmKernelNpuOpApi.cpp:275 NPU function error: call aclnnBatchMatMul failed, error code is 507899",TORCH_TRANSFER_TO_NPU=1 TORCH_NPU_DEVICE_CAPABILITY=8.0 TORCHINDUCTOR_COMPILE_THREADS=2 OMP_NUM_THREADS=2 TORCHINDUCTOR_CACHE_DIR=/home/l30023782/PTA_213/recheck_20261010/isolated/cache/case-190 TORCHNPU_PRECOMPILE_THREADS=2 ASCEND_RT_VISIBLE_DEVICES=0,/home/l30023782/miniforge3/envs/pta_213_case/bin/python -m pytest -vs -p isolated_plugin --junitxml=/home/l30023782/PTA_213/recheck_20261010/isolated/results/case-190.xml test_torchinductor.py::GPUTests::test_bmm_dot_shape_int_preserves_eager_error_npu,test/inductor/test_torchinductor.py::GPUTests::test_bmm_dot_shape_int_preserves_eager_error_npu,/home/l30023782/PTA_213/recheck_20261010/isolated/results/case-190.log
191,test_torchinductor.py,test_mixed_mm,PASS,1,1,0,0,0,0,0,108.103,0,1,,TORCH_TRANSFER_TO_NPU=1 TORCH_NPU_DEVICE_CAPABILITY=8.0 TORCHINDUCTOR_COMPILE_THREADS=2 OMP_NUM_THREADS=2 TORCHINDUCTOR_CACHE_DIR=/home/l30023782/PTA_213/recheck_20261010/isolated/cache/case-191 TORCHNPU_PRECOMPILE_THREADS=2 ASCEND_RT_VISIBLE_DEVICES=1,/home/l30023782/miniforge3/envs/pta_213_case/bin/python -m pytest -vs -p isolated_plugin --junitxml=/home/l30023782/PTA_213/recheck_20261010/isolated/results/case-191.xml test_torchinductor.py::GPUTests::test_mixed_mm_npu,test/inductor/test_torchinductor.py::GPUTests::test_mixed_mm_npu,/home/l30023782/PTA_213/recheck_20261010/isolated/results/case-191.log
192,test_torchinductor.py,test_mixed_mm2,PASS,1,1,0,0,0,0,0,159.111,0,0,,TORCH_TRANSFER_TO_NPU=1 TORCH_NPU_DEVICE_CAPABILITY=8.0 TORCHINDUCTOR_COMPILE_THREADS=2 OMP_NUM_THREADS=2 TORCHINDUCTOR_CACHE_DIR=/home/l30023782/PTA_213/recheck_20261010/isolated/cache/case-192 TORCHNPU_PRECOMPILE_THREADS=2 ASCEND_RT_VISIBLE_DEVICES=0,/home/l30023782/miniforge3/envs/pta_213_case/bin/python -m pytest -vs -p isolated_plugin --junitxml=/home/l30023782/PTA_213/recheck_20261010/isolated/results/case-192.xml test_torchinductor.py::GPUTests::test_mixed_mm2_npu,test/inductor/test_torchinductor.py::GPUTests::test_mixed_mm2_npu,/home/l30023782/PTA_213/recheck_20261010/isolated/results/case-192.log
193,test_torchinductor.py,test_mixed_mm3,PASS,1,1,0,0,0,0,0,67.717,0,1,,TORCH_TRANSFER_TO_NPU=1 TORCH_NPU_DEVICE_CAPABILITY=8.0 TORCHINDUCTOR_COMPILE_THREADS=2 OMP_NUM_THREADS=2 TORCHINDUCTOR_CACHE_DIR=/home/l30023782/PTA_213/recheck_20261010/isolated/cache/case-193 TORCHNPU_PRECOMPILE_THREADS=2 ASCEND_RT_VISIBLE_DEVICES=1,/home/l30023782/miniforge3/envs/pta_213_case/bin/python -m pytest -vs -p isolated_plugin --junitxml=/home/l30023782/PTA_213/recheck_20261010/isolated/results/case-193.xml test_torchinductor.py::GPUTests::test_mixed_mm3_npu,test/inductor/test_torchinductor.py::GPUTests::test_mixed_mm3_npu,/home/l30023782/PTA_213/recheck_20261010/isolated/results/case-193.log
194,test_torchinductor.py,test_uint4x2_mixed_mm,PASS,1,1,0,0,0,0,0,131.188,0,0,,TORCH_TRANSFER_TO_NPU=1 TORCH_NPU_DEVICE_CAPABILITY=8.0 TORCHINDUCTOR_COMPILE_THREADS=2 OMP_NUM_THREADS=2 TORCHINDUCTOR_CACHE_DIR=/home/l30023782/PTA_213/recheck_20261010/isolated/cache/case-194 TORCHNPU_PRECOMPILE_THREADS=2 ASCEND_RT_VISIBLE_DEVICES=0,/home/l30023782/miniforge3/envs/pta_213_case/bin/python -m pytest -vs -p isolated_plugin --junitxml=/home/l30023782/PTA_213/recheck_20261010/isolated/results/case-194.xml test_torchinductor.py::GPUTests::test_uint4x2_mixed_mm_npu,test/inductor/test_torchinductor.py::GPUTests::test_uint4x2_mixed_mm_npu,/home/l30023782/PTA_213/recheck_20261010/isolated/results/case-194.log
195,test_torchinductor.py,test_mm_mixed_dtype,FAIL,1,0,1,0,0,0,0,13.383,1,1,"test_mm_mixed_dtype_npu: RuntimeError: mm:third_party/op-plugin/op_plugin/ops/opapi/MmKernelNpuOpApi.cpp:84 NPU function error: call aclnnMm failed, error code is 507899 | AssertionError: ""expected .* and .* to have the same dtype, but got: .* != .*"" does not match ""mm:third_party/op-plugin/op_plugin/ops/opapi/MmKernelNpuOpApi.cpp:84 NPU function error: call aclnnMm failed, error code is 507899",TORCH_TRANSFER_TO_NPU=1 TORCH_NPU_DEVICE_CAPABILITY=8.0 TORCHINDUCTOR_COMPILE_THREADS=2 OMP_NUM_THREADS=2 TORCHINDUCTOR_CACHE_DIR=/home/l30023782/PTA_213/recheck_20261010/isolated/cache/case-195 TORCHNPU_PRECOMPILE_THREADS=2 ASCEND_RT_VISIBLE_DEVICES=1,/home/l30023782/miniforge3/envs/pta_213_case/bin/python -m pytest -vs -p isolated_plugin --junitxml=/home/l30023782/PTA_213/recheck_20261010/isolated/results/case-195.xml test_torchinductor.py::GPUTests::test_mm_mixed_dtype_npu,test/inductor/test_torchinductor.py::GPUTests::test_mm_mixed_dtype_npu,/home/l30023782/PTA_213/recheck_20261010/isolated/results/case-195.log
196,test_torchinductor.py,test_linear_mixed_dtype,FAIL,1,0,1,0,0,0,0,14.362,1,1,"test_linear_mixed_dtype_npu: RuntimeError: matmul_implement_npu:third_party/op-plugin/op_plugin/ops/opapi/MatmulKernelNpuOpApi.cpp:94 NPU function error: call aclnnMatmul failed, error code is 507899 | AssertionError: ""expected .* and .* to have the same dtype, but got: .* != .*"" does not match ""matmul_implement_npu:third_party/op-plugin/op_plugin/ops/opapi/MatmulKernelNpuOpApi.cpp:94 NPU function error: call aclnnMatmul failed, error code is 507899",TORCH_TRANSFER_TO_NPU=1 TORCH_NPU_DEVICE_CAPABILITY=8.0 TORCHINDUCTOR_COMPILE_THREADS=2 OMP_NUM_THREADS=2 TORCHINDUCTOR_CACHE_DIR=/home/l30023782/PTA_213/recheck_20261010/isolated/cache/case-196 TORCHNPU_PRECOMPILE_THREADS=2 ASCEND_RT_VISIBLE_DEVICES=1,/home/l30023782/miniforge3/envs/pta_213_case/bin/python -m pytest -vs -p isolated_plugin --junitxml=/home/l30023782/PTA_213/recheck_20261010/isolated/results/case-196.xml test_torchinductor.py::GPUTests::test_linear_mixed_dtype_npu,test/inductor/test_torchinductor.py::GPUTests::test_linear_mixed_dtype_npu,/home/l30023782/PTA_213/recheck_20261010/isolated/results/case-196.log
197,test_torchinductor.py,test_linear_dynamic_maxautotune,SKIP,1,0,0,0,1,0,0,13.109,0,1,"test_linear_dynamic_maxautotune_npu: ('/home/l30023782/PTA_213/Community-Use-Case-Testing/v2.13.0/pytorch/test/inductor/test_torchinductor.py', 4869, 'Skipped: Skipping triton backend only since not big GPU (not enough SM)')",TORCH_TRANSFER_TO_NPU=1 TORCH_NPU_DEVICE_CAPABILITY=8.0 TORCHINDUCTOR_COMPILE_THREADS=2 OMP_NUM_THREADS=2 TORCHINDUCTOR_CACHE_DIR=/home/l30023782/PTA_213/recheck_20261010/isolated/cache/case-197 TORCHNPU_PRECOMPILE_THREADS=2 ASCEND_RT_VISIBLE_DEVICES=1,/home/l30023782/miniforge3/envs/pta_213_case/bin/python -m pytest -vs -p isolated_plugin --junitxml=/home/l30023782/PTA_213/recheck_20261010/isolated/results/case-197.xml test_torchinductor.py::GPUTests::test_linear_dynamic_maxautotune_npu,test/inductor/test_torchinductor.py::GPUTests::test_linear_dynamic_maxautotune_npu,/home/l30023782/PTA_213/recheck_20261010/isolated/results/case-197.log
198,test_torchinductor.py,test_scalar_input,PASS,1,1,0,0,0,0,0,31.129,0,1,,TORCH_TRANSFER_TO_NPU=1 TORCH_NPU_DEVICE_CAPABILITY=8.0 TORCHINDUCTOR_COMPILE_THREADS=2 OMP_NUM_THREADS=2 TORCHINDUCTOR_CACHE_DIR=/home/l30023782/PTA_213/recheck_20261010/isolated/cache/case-198 TORCHNPU_PRECOMPILE_THREADS=2 ASCEND_RT_VISIBLE_DEVICES=1,/home/l30023782/miniforge3/envs/pta_213_case/bin/python -m pytest -vs -p isolated_plugin --junitxml=/home/l30023782/PTA_213/recheck_20261010/isolated/results/case-198.xml test_torchinductor.py::GPUTests::test_scalar_input_npu,test/inductor/test_torchinductor.py::GPUTests::test_scalar_input_npu,/home/l30023782/PTA_213/recheck_20261010/isolated/results/case-198.log
199,test_torchinductor.py,test_scalar_output,PASS,1,1,0,0,0,0,0,767.115,0,2,,TORCH_TRANSFER_TO_NPU=1 TORCH_NPU_DEVICE_CAPABILITY=8.0 TORCHINDUCTOR_COMPILE_THREADS=2 OMP_NUM_THREADS=2 TORCHINDUCTOR_CACHE_DIR=/home/l30023782/PTA_213/recheck_20261010/isolated/cache/case-199 TORCHNPU_PRECOMPILE_THREADS=2 ASCEND_RT_VISIBLE_DEVICES=2,/home/l30023782/miniforge3/envs/pta_213_case/bin/python -m pytest -vs -p isolated_plugin --junitxml=/home/l30023782/PTA_213/recheck_20261010/isolated/results/case-199.xml test_torchinductor.py::GPUTests::test_scalar_output_npu,test/inductor/test_torchinductor.py::GPUTests::test_scalar_output_npu,/home/l30023782/PTA_213/recheck_20261010/isolated/results/case-199.log
200,test_torchinductor.py,test_shape_prop_torch_ones,PASS,1,1,0,0,0,0,0,93.944,0,1,,TORCH_TRANSFER_TO_NPU=1 TORCH_NPU_DEVICE_CAPABILITY=8.0 TORCHINDUCTOR_COMPILE_THREADS=2 OMP_NUM_THREADS=2 TORCHINDUCTOR_CACHE_DIR=/home/l30023782/PTA_213/recheck_20261010/isolated/cache/case-200 TORCHNPU_PRECOMPILE_THREADS=2 ASCEND_RT_VISIBLE_DEVICES=1,/home/l30023782/miniforge3/envs/pta_213_case/bin/python -m pytest -vs -p isolated_plugin --junitxml=/home/l30023782/PTA_213/recheck_20261010/isolated/results/case-200.xml test_torchinductor.py::GPUTests::test_shape_prop_torch_ones_npu,test/inductor/test_torchinductor.py::GPUTests::test_shape_prop_torch_ones_npu,/home/l30023782/PTA_213/recheck_20261010/isolated/results/case-200.log
201,test_torchinductor.py,test_conv_bn_fuse,SKIP,1,0,0,0,1,0,0,13.377,0,0,"test_conv_bn_fuse_npu: ('/home/l30023782/PTA_213/Community-Use-Case-Testing/v2.13.0/pytorch/test/inductor/test_torchinductor.py', 4933, 'Skipped: test is slow; run with PYTORCH_TEST_WITH_SLOW to enable test')",TORCH_TRANSFER_TO_NPU=1 TORCH_NPU_DEVICE_CAPABILITY=8.0 TORCHINDUCTOR_COMPILE_THREADS=2 OMP_NUM_THREADS=2 TORCHINDUCTOR_CACHE_DIR=/home/l30023782/PTA_213/recheck_20261010/isolated/cache/case-201 TORCHNPU_PRECOMPILE_THREADS=2 ASCEND_RT_VISIBLE_DEVICES=0,/home/l30023782/miniforge3/envs/pta_213_case/bin/python -m pytest -vs -p isolated_plugin --junitxml=/home/l30023782/PTA_213/recheck_20261010/isolated/results/case-201.xml test_torchinductor.py::GPUTests::test_conv_bn_fuse_npu,test/inductor/test_torchinductor.py::GPUTests::test_conv_bn_fuse_npu,/home/l30023782/PTA_213/recheck_20261010/isolated/results/case-201.log
202,test_torchinductor.py,test_conv_functional_bn_fuse,SKIP,1,0,0,0,1,0,0,13.071,0,0,"test_conv_functional_bn_fuse_npu: ('/home/l30023782/PTA_213/Community-Use-Case-Testing/v2.13.0/pytorch/test/inductor/test_torchinductor.py', 18217, 'Skipped: only support cpu conv bn test')",TORCH_TRANSFER_TO_NPU=1 TORCH_NPU_DEVICE_CAPABILITY=8.0 TORCHINDUCTOR_COMPILE_THREADS=2 OMP_NUM_THREADS=2 TORCHINDUCTOR_CACHE_DIR=/home/l30023782/PTA_213/recheck_20261010/isolated/cache/case-202 TORCHNPU_PRECOMPILE_THREADS=2 ASCEND_RT_VISIBLE_DEVICES=0,/home/l30023782/miniforge3/envs/pta_213_case/bin/python -m pytest -vs -p isolated_plugin --junitxml=/home/l30023782/PTA_213/recheck_20261010/isolated/results/case-202.xml test_torchinductor.py::GPUTests::test_conv_functional_bn_fuse_npu,test/inductor/test_torchinductor.py::GPUTests::test_conv_functional_bn_fuse_npu,/home/l30023782/PTA_213/recheck_20261010/isolated/results/case-202.log
203,test_torchinductor.py,test_conv_inference_heuristics,FAIL,1,0,1,0,0,0,0,17.608,1,0,"test_conv_inference_heuristics_npu: RuntimeError: Expected to find "".convolution("" but did not find it",TORCH_TRANSFER_TO_NPU=1 TORCH_NPU_DEVICE_CAPABILITY=8.0 TORCHINDUCTOR_COMPILE_THREADS=2 OMP_NUM_THREADS=2 TORCHINDUCTOR_CACHE_DIR=/home/l30023782/PTA_213/recheck_20261010/isolated/cache/case-203 TORCHNPU_PRECOMPILE_THREADS=2 ASCEND_RT_VISIBLE_DEVICES=0,/home/l30023782/miniforge3/envs/pta_213_case/bin/python -m pytest -vs -p isolated_plugin --junitxml=/home/l30023782/PTA_213/recheck_20261010/isolated/results/case-203.xml test_torchinductor.py::GPUTests::test_conv_inference_heuristics_npu,test/inductor/test_torchinductor.py::GPUTests::test_conv_inference_heuristics_npu,/home/l30023782/PTA_213/recheck_20261010/isolated/results/case-203.log
204,test_torchinductor.py,test_upsample_cat_conv,SKIP,1,0,0,0,1,0,0,16.126,0,1,"test_upsample_cat_conv_npu: ('/home/l30023782/PTA_213/Community-Use-Case-Testing/v2.13.0/pytorch/test/inductor/test_torchinductor.py', 18217, 'Skipped: only support cpu upsample_cat_conv test')",TORCH_TRANSFER_TO_NPU=1 TORCH_NPU_DEVICE_CAPABILITY=8.0 TORCHINDUCTOR_COMPILE_THREADS=2 OMP_NUM_THREADS=2 TORCHINDUCTOR_CACHE_DIR=/home/l30023782/PTA_213/recheck_20261010/isolated/cache/case-204 TORCHNPU_PRECOMPILE_THREADS=2 ASCEND_RT_VISIBLE_DEVICES=1,/home/l30023782/miniforge3/envs/pta_213_case/bin/python -m pytest -vs -p isolated_plugin --junitxml=/home/l30023782/PTA_213/recheck_20261010/isolated/results/case-204.xml test_torchinductor.py::GPUTests::test_upsample_cat_conv_npu,test/inductor/test_torchinductor.py::GPUTests::test_upsample_cat_conv_npu,/home/l30023782/PTA_213/recheck_20261010/isolated/results/case-204.log
205,test_torchinductor.py,test_aliased_buffer_reuse,PASS,1,1,0,0,0,0,0,74.543,0,0,,TORCH_TRANSFER_TO_NPU=1 TORCH_NPU_DEVICE_CAPABILITY=8.0 TORCHINDUCTOR_COMPILE_THREADS=2 OMP_NUM_THREADS=2 TORCHINDUCTOR_CACHE_DIR=/home/l30023782/PTA_213/recheck_20261010/isolated/cache/case-205 TORCHNPU_PRECOMPILE_THREADS=2 ASCEND_RT_VISIBLE_DEVICES=0,/home/l30023782/miniforge3/envs/pta_213_case/bin/python -m pytest -vs -p isolated_plugin --junitxml=/home/l30023782/PTA_213/recheck_20261010/isolated/results/case-205.xml test_torchinductor.py::GPUTests::test_aliased_buffer_reuse_npu,test/inductor/test_torchinductor.py::GPUTests::test_aliased_buffer_reuse_npu,/home/l30023782/PTA_213/recheck_20261010/isolated/results/case-205.log
206,test_torchinductor.py,test_slice_view_with_graph_break,PASS,1,1,0,0,0,0,0,41.097,0,1,,TORCH_TRANSFER_TO_NPU=1 TORCH_NPU_DEVICE_CAPABILITY=8.0 TORCHINDUCTOR_COMPILE_THREADS=2 OMP_NUM_THREADS=2 TORCHINDUCTOR_CACHE_DIR=/home/l30023782/PTA_213/recheck_20261010/isolated/cache/case-206 TORCHNPU_PRECOMPILE_THREADS=2 ASCEND_RT_VISIBLE_DEVICES=1,/home/l30023782/miniforge3/envs/pta_213_case/bin/python -m pytest -vs -p isolated_plugin --junitxml=/home/l30023782/PTA_213/recheck_20261010/isolated/results/case-206.xml test_torchinductor.py::GPUTests::test_slice_view_with_graph_break_npu,test/inductor/test_torchinductor.py::GPUTests::test_slice_view_with_graph_break_npu,/home/l30023782/PTA_213/recheck_20261010/isolated/results/case-206.log
207,test_torchinductor.py,test_view_detach,PASS,1,1,0,0,0,0,0,18.825,0,1,,TORCH_TRANSFER_TO_NPU=1 TORCH_NPU_DEVICE_CAPABILITY=8.0 TORCHINDUCTOR_COMPILE_THREADS=2 OMP_NUM_THREADS=2 TORCHINDUCTOR_CACHE_DIR=/home/l30023782/PTA_213/recheck_20261010/isolated/cache/case-207 TORCHNPU_PRECOMPILE_THREADS=2 ASCEND_RT_VISIBLE_DEVICES=1,/home/l30023782/miniforge3/envs/pta_213_case/bin/python -m pytest -vs -p isolated_plugin --junitxml=/home/l30023782/PTA_213/recheck_20261010/isolated/results/case-207.xml test_torchinductor.py::GPUTests::test_view_detach_npu,test/inductor/test_torchinductor.py::GPUTests::test_view_detach_npu,/home/l30023782/PTA_213/recheck_20261010/isolated/results/case-207.log
208,test_torchinductor.py,test_gather1,TIMEOUT,1,0,0,0,0,0,0,900.515,-15,1,,TORCH_TRANSFER_TO_NPU=1 TORCH_NPU_DEVICE_CAPABILITY=8.0 TORCHINDUCTOR_COMPILE_THREADS=2 OMP_NUM_THREADS=2 TORCHINDUCTOR_CACHE_DIR=/home/l30023782/PTA_213/recheck_20261010/isolated/cache/case-208 TORCHNPU_PRECOMPILE_THREADS=2 ASCEND_RT_VISIBLE_DEVICES=1,/home/l30023782/miniforge3/envs/pta_213_case/bin/python -m pytest -vs -p isolated_plugin --junitxml=/home/l30023782/PTA_213/recheck_20261010/isolated/results/case-208.xml test_torchinductor.py::GPUTests::test_gather1_npu,test/inductor/test_torchinductor.py::GPUTests::test_gather1_npu,/home/l30023782/PTA_213/recheck_20261010/isolated/results/case-208.log
209,test_torchinductor.py,test_gather3,FAIL,1,0,1,0,0,0,0,14.387,1,0,test_gather3_npu: torch._dynamo.exc.BackendCompilerFailed: backend='compile_fx_wrapper' raised: | RecursionError: maximum recursion depth exceeded while calling a Python object,TORCH_TRANSFER_TO_NPU=1 TORCH_NPU_DEVICE_CAPABILITY=8.0 TORCHINDUCTOR_COMPILE_THREADS=2 OMP_NUM_THREADS=2 TORCHINDUCTOR_CACHE_DIR=/home/l30023782/PTA_213/recheck_20261010/isolated/cache/case-209 TORCHNPU_PRECOMPILE_THREADS=2 ASCEND_RT_VISIBLE_DEVICES=0,/home/l30023782/miniforge3/envs/pta_213_case/bin/python -m pytest -vs -p isolated_plugin --junitxml=/home/l30023782/PTA_213/recheck_20261010/isolated/results/case-209.xml test_torchinductor.py::GPUTests::test_gather3_npu,test/inductor/test_torchinductor.py::GPUTests::test_gather3_npu,/home/l30023782/PTA_213/recheck_20261010/isolated/results/case-209.log
210,test_torchinductor.py,test_device_assert,FAIL,1,0,1,0,0,0,0,20.604,1,0,"test_device_assert_npu: RuntimeError: trunc:third_party/op-plugin/op_plugin/ops/opapi/StructKernelNpuOpApi_10.cpp:120 NPU function error: call aclnnTrunc failed, error code is 507899",TORCH_TRANSFER_TO_NPU=1 TORCH_NPU_DEVICE_CAPABILITY=8.0 TORCHINDUCTOR_COMPILE_THREADS=2 OMP_NUM_THREADS=2 TORCHINDUCTOR_CACHE_DIR=/home/l30023782/PTA_213/recheck_20261010/isolated/cache/case-210 TORCHNPU_PRECOMPILE_THREADS=2 ASCEND_RT_VISIBLE_DEVICES=0,/home/l30023782/miniforge3/envs/pta_213_case/bin/python -m pytest -vs -p isolated_plugin --junitxml=/home/l30023782/PTA_213/recheck_20261010/isolated/results/case-210.xml test_torchinductor.py::GPUTests::test_device_assert_npu,test/inductor/test_torchinductor.py::GPUTests::test_device_assert_npu,/home/l30023782/PTA_213/recheck_20261010/isolated/results/case-210.log
211,test_torchinductor.py,test_slice1,PASS,1,1,0,0,0,0,0,114.97,0,0,,TORCH_TRANSFER_TO_NPU=1 TORCH_NPU_DEVICE_CAPABILITY=8.0 TORCHINDUCTOR_COMPILE_THREADS=2 OMP_NUM_THREADS=2 TORCHINDUCTOR_CACHE_DIR=/home/l30023782/PTA_213/recheck_20261010/isolated/cache/case-211 TORCHNPU_PRECOMPILE_THREADS=2 ASCEND_RT_VISIBLE_DEVICES=0,/home/l30023782/miniforge3/envs/pta_213_case/bin/python -m pytest -vs -p isolated_plugin --junitxml=/home/l30023782/PTA_213/recheck_20261010/isolated/results/case-211.xml test_torchinductor.py::GPUTests::test_slice1_npu,test/inductor/test_torchinductor.py::GPUTests::test_slice1_npu,/home/l30023782/PTA_213/recheck_20261010/isolated/results/case-211.log
212,test_torchinductor.py,test_slice2,PASS,1,1,0,0,0,0,0,112.717,0,0,,TORCH_TRANSFER_TO_NPU=1 TORCH_NPU_DEVICE_CAPABILITY=8.0 TORCHINDUCTOR_COMPILE_THREADS=2 OMP_NUM_THREADS=2 TORCHINDUCTOR_CACHE_DIR=/home/l30023782/PTA_213/recheck_20261010/isolated/cache/case-212 TORCHNPU_PRECOMPILE_THREADS=2 ASCEND_RT_VISIBLE_DEVICES=0,/home/l30023782/miniforge3/envs/pta_213_case/bin/python -m pytest -vs -p isolated_plugin --junitxml=/home/l30023782/PTA_213/recheck_20261010/isolated/results/case-212.xml test_torchinductor.py::GPUTests::test_slice2_npu,test/inductor/test_torchinductor.py::GPUTests::test_slice2_npu,/home/l30023782/PTA_213/recheck_20261010/isolated/results/case-212.log
213,test_torchinductor.py,test_slice3,PASS,1,1,0,0,0,0,0,98.582,0,0,,TORCH_TRANSFER_TO_NPU=1 TORCH_NPU_DEVICE_CAPABILITY=8.0 TORCHINDUCTOR_COMPILE_THREADS=2 OMP_NUM_THREADS=2 TORCHINDUCTOR_CACHE_DIR=/home/l30023782/PTA_213/recheck_20261010/isolated/cache/case-213 TORCHNPU_PRECOMPILE_THREADS=2 ASCEND_RT_VISIBLE_DEVICES=0,/home/l30023782/miniforge3/envs/pta_213_case/bin/python -m pytest -vs -p isolated_plugin --junitxml=/home/l30023782/PTA_213/recheck_20261010/isolated/results/case-213.xml test_torchinductor.py::GPUTests::test_slice3_npu,test/inductor/test_torchinductor.py::GPUTests::test_slice3_npu,/home/l30023782/PTA_213/recheck_20261010/isolated/results/case-213.log
214,test_torchinductor.py,test_slice4,PASS,1,1,0,0,0,0,0,19.248,0,0,,TORCH_TRANSFER_TO_NPU=1 TORCH_NPU_DEVICE_CAPABILITY=8.0 TORCHINDUCTOR_COMPILE_THREADS=2 OMP_NUM_THREADS=2 TORCHINDUCTOR_CACHE_DIR=/home/l30023782/PTA_213/recheck_20261010/isolated/cache/case-214 TORCHNPU_PRECOMPILE_THREADS=2 ASCEND_RT_VISIBLE_DEVICES=0,/home/l30023782/miniforge3/envs/pta_213_case/bin/python -m pytest -vs -p isolated_plugin --junitxml=/home/l30023782/PTA_213/recheck_20261010/isolated/results/case-214.xml test_torchinductor.py::GPUTests::test_slice4_npu,test/inductor/test_torchinductor.py::GPUTests::test_slice4_npu,/home/l30023782/PTA_213/recheck_20261010/isolated/results/case-214.log
215,test_torchinductor.py,test_split_with_list,PASS,1,1,0,0,0,0,0,349.007,0,0,,TORCH_TRANSFER_TO_NPU=1 TORCH_NPU_DEVICE_CAPABILITY=8.0 TORCHINDUCTOR_COMPILE_THREADS=2 OMP_NUM_THREADS=2 TORCHINDUCTOR_CACHE_DIR=/home/l30023782/PTA_213/recheck_20261010/isolated/cache/case-215 TORCHNPU_PRECOMPILE_THREADS=2 ASCEND_RT_VISIBLE_DEVICES=0,/home/l30023782/miniforge3/envs/pta_213_case/bin/python -m pytest -vs -p isolated_plugin --junitxml=/home/l30023782/PTA_213/recheck_20261010/isolated/results/case-215.xml test_torchinductor.py::GPUTests::test_split_with_list_npu,test/inductor/test_torchinductor.py::GPUTests::test_split_with_list_npu,/home/l30023782/PTA_213/recheck_20261010/isolated/results/case-215.log
216,test_torchinductor.py,test_split_overload_packet_lowering,PASS,1,1,0,0,0,0,0,25.967,0,2,,TORCH_TRANSFER_TO_NPU=1 TORCH_NPU_DEVICE_CAPABILITY=8.0 TORCHINDUCTOR_COMPILE_THREADS=2 OMP_NUM_THREADS=2 TORCHINDUCTOR_CACHE_DIR=/home/l30023782/PTA_213/recheck_20261010/isolated/cache/case-216 TORCHNPU_PRECOMPILE_THREADS=2 ASCEND_RT_VISIBLE_DEVICES=2,/home/l30023782/miniforge3/envs/pta_213_case/bin/python -m pytest -vs -p isolated_plugin --junitxml=/home/l30023782/PTA_213/recheck_20261010/isolated/results/case-216.xml test_torchinductor.py::GPUTests::test_split_overload_packet_lowering_npu,test/inductor/test_torchinductor.py::GPUTests::test_split_overload_packet_lowering_npu,/home/l30023782/PTA_213/recheck_20261010/isolated/results/case-216.log
217,test_torchinductor.py,test_unsafe_split_empty_tensor_zero_size,PASS,1,1,0,0,0,0,0,24.326,0,2,,TORCH_TRANSFER_TO_NPU=1 TORCH_NPU_DEVICE_CAPABILITY=8.0 TORCHINDUCTOR_COMPILE_THREADS=2 OMP_NUM_THREADS=2 TORCHINDUCTOR_CACHE_DIR=/home/l30023782/PTA_213/recheck_20261010/isolated/cache/case-217 TORCHNPU_PRECOMPILE_THREADS=2 ASCEND_RT_VISIBLE_DEVICES=2,/home/l30023782/miniforge3/envs/pta_213_case/bin/python -m pytest -vs -p isolated_plugin --junitxml=/home/l30023782/PTA_213/recheck_20261010/isolated/results/case-217.xml test_torchinductor.py::GPUTests::test_unsafe_split_empty_tensor_zero_size_npu,test/inductor/test_torchinductor.py::GPUTests::test_unsafe_split_empty_tensor_zero_size_npu,/home/l30023782/PTA_213/recheck_20261010/isolated/results/case-217.log
218,test_torchinductor.py,test_split_empty_dim,PASS,1,1,0,0,0,0,0,49.641,0,2,,TORCH_TRANSFER_TO_NPU=1 TORCH_NPU_DEVICE_CAPABILITY=8.0 TORCHINDUCTOR_COMPILE_THREADS=2 OMP_NUM_THREADS=2 TORCHINDUCTOR_CACHE_DIR=/home/l30023782/PTA_213/recheck_20261010/isolated/cache/case-218 TORCHNPU_PRECOMPILE_THREADS=2 ASCEND_RT_VISIBLE_DEVICES=2,/home/l30023782/miniforge3/envs/pta_213_case/bin/python -m pytest -vs -p isolated_plugin --junitxml=/home/l30023782/PTA_213/recheck_20261010/isolated/results/case-218.xml test_torchinductor.py::GPUTests::test_split_empty_dim_npu,test/inductor/test_torchinductor.py::GPUTests::test_split_empty_dim_npu,/home/l30023782/PTA_213/recheck_20261010/isolated/results/case-218.log
219,test_torchinductor.py,test_split_size_greater_than_dim,PASS,1,1,0,0,0,0,0,38.073,0,2,,TORCH_TRANSFER_TO_NPU=1 TORCH_NPU_DEVICE_CAPABILITY=8.0 TORCHINDUCTOR_COMPILE_THREADS=2 OMP_NUM_THREADS=2 TORCHINDUCTOR_CACHE_DIR=/home/l30023782/PTA_213/recheck_20261010/isolated/cache/case-219 TORCHNPU_PRECOMPILE_THREADS=2 ASCEND_RT_VISIBLE_DEVICES=2,/home/l30023782/miniforge3/envs/pta_213_case/bin/python -m pytest -vs -p isolated_plugin --junitxml=/home/l30023782/PTA_213/recheck_20261010/isolated/results/case-219.xml test_torchinductor.py::GPUTests::test_split_size_greater_than_dim_npu,test/inductor/test_torchinductor.py::GPUTests::test_split_size_greater_than_dim_npu,/home/l30023782/PTA_213/recheck_20261010/isolated/results/case-219.log
220,test_torchinductor.py,test_split,PASS,1,1,0,0,0,0,0,116.052,0,2,,TORCH_TRANSFER_TO_NPU=1 TORCH_NPU_DEVICE_CAPABILITY=8.0 TORCHINDUCTOR_COMPILE_THREADS=2 OMP_NUM_THREADS=2 TORCHINDUCTOR_CACHE_DIR=/home/l30023782/PTA_213/recheck_20261010/isolated/cache/case-220 TORCHNPU_PRECOMPILE_THREADS=2 ASCEND_RT_VISIBLE_DEVICES=2,/home/l30023782/miniforge3/envs/pta_213_case/bin/python -m pytest -vs -p isolated_plugin --junitxml=/home/l30023782/PTA_213/recheck_20261010/isolated/results/case-220.xml test_torchinductor.py::GPUTests::test_split_npu,test/inductor/test_torchinductor.py::GPUTests::test_split_npu,/home/l30023782/PTA_213/recheck_20261010/isolated/results/case-220.log
221,test_torchinductor.py,test_unsafe_chunk_empty_tensor,PASS,1,1,0,0,0,0,0,20.051,0,0,,TORCH_TRANSFER_TO_NPU=1 TORCH_NPU_DEVICE_CAPABILITY=8.0 TORCHINDUCTOR_COMPILE_THREADS=2 OMP_NUM_THREADS=2 TORCHINDUCTOR_CACHE_DIR=/home/l30023782/PTA_213/recheck_20261010/isolated/cache/case-221 TORCHNPU_PRECOMPILE_THREADS=2 ASCEND_RT_VISIBLE_DEVICES=0,/home/l30023782/miniforge3/envs/pta_213_case/bin/python -m pytest -vs -p isolated_plugin --junitxml=/home/l30023782/PTA_213/recheck_20261010/isolated/results/case-221.xml test_torchinductor.py::GPUTests::test_unsafe_chunk_empty_tensor_npu,test/inductor/test_torchinductor.py::GPUTests::test_unsafe_chunk_empty_tensor_npu,/home/l30023782/PTA_213/recheck_20261010/isolated/results/case-221.log
222,test_torchinductor.py,test_low_memory_max_pool,PASS,8,8,0,0,0,0,0,20.051,0,0,,TORCH_TRANSFER_TO_NPU=1 TORCH_NPU_DEVICE_CAPABILITY=8.0 TORCHINDUCTOR_COMPILE_THREADS=2 OMP_NUM_THREADS=2 TORCHINDUCTOR_CACHE_DIR=/home/l30023782/PTA_213/recheck_20261010/isolated/cache/case-222 TORCHNPU_PRECOMPILE_THREADS=2 ASCEND_RT_VISIBLE_DEVICES=0,/home/l30023782/miniforge3/envs/pta_213_case/bin/python -m pytest -vs -p isolated_plugin --junitxml=/home/l30023782/PTA_213/recheck_20261010/isolated/results/case-222.xml test_torchinductor.py::GPUTests::test_low_memory_max_pool_dilation_1_dim_2_use_block_ptr_False_npu test_torchinductor.py::GPUTests::test_low_memory_max_pool_dilation_1_dim_2_use_block_ptr_True_npu test_torchinductor.py::GPUTests::test_low_memory_max_pool_dilation_1_dim_3_use_block_ptr_False_npu test_torchinductor.py::GPUTests::test_low_memory_max_pool_dilation_1_dim_3_use_block_ptr_True_npu test_torchinductor.py::GPUTests::test_low_memory_max_pool_dilation_2_dim_2_use_block_ptr_False_npu test_torchinductor.py::GPUTests::test_low_memory_max_pool_dilation_2_dim_2_use_block_ptr_True_npu test_torchinductor.py::GPUTests::test_low_memory_max_pool_dilation_2_dim_3_use_block_ptr_False_npu test_torchinductor.py::GPUTests::test_low_memory_max_pool_dilation_2_dim_3_use_block_ptr_True_npu,"test/inductor/test_torchinductor.py::GPUTests::test_low_memory_max_pool_dilation_1_dim_2_use_block_ptr_False_npu
test/inductor/test_torchinductor.py::GPUTests::test_low_memory_max_pool_dilation_1_dim_2_use_block_ptr_True_npu
test/inductor/test_torchinductor.py::GPUTests::test_low_memory_max_pool_dilation_1_dim_3_use_block_ptr_False_npu
test/inductor/test_torchinductor.py::GPUTests::test_low_memory_max_pool_dilation_1_dim_3_use_block_ptr_True_npu
test/inductor/test_torchinductor.py::GPUTests::test_low_memory_max_pool_dilation_2_dim_2_use_block_ptr_False_npu
test/inductor/test_torchinductor.py::GPUTests::test_low_memory_max_pool_dilation_2_dim_2_use_block_ptr_True_npu
test/inductor/test_torchinductor.py::GPUTests::test_low_memory_max_pool_dilation_2_dim_3_use_block_ptr_False_npu
test/inductor/test_torchinductor.py::GPUTests::test_low_memory_max_pool_dilation_2_dim_3_use_block_ptr_True_npu",/home/l30023782/PTA_213/recheck_20261010/isolated/results/case-222.log
223,test_torchinductor.py,test_max_unpool_empty_output,FAIL,1,0,1,0,0,0,0,15.042,1,0,"test_max_unpool_empty_output_npu: RuntimeError: max_unpool2d:third_party/op-plugin/op_plugin/ops/opapi/StructKernelNpuOpApi_9.cpp:94 NPU function error: call aclnnMaxUnpool2d failed, error code is 507899",TORCH_TRANSFER_TO_NPU=1 TORCH_NPU_DEVICE_CAPABILITY=8.0 TORCHINDUCTOR_COMPILE_THREADS=2 OMP_NUM_THREADS=2 TORCHINDUCTOR_CACHE_DIR=/home/l30023782/PTA_213/recheck_20261010/isolated/cache/case-223 TORCHNPU_PRECOMPILE_THREADS=2 ASCEND_RT_VISIBLE_DEVICES=0,/home/l30023782/miniforge3/envs/pta_213_case/bin/python -m pytest -vs -p isolated_plugin --junitxml=/home/l30023782/PTA_213/recheck_20261010/isolated/results/case-223.xml test_torchinductor.py::GPUTests::test_max_unpool_empty_output_npu,test/inductor/test_torchinductor.py::GPUTests::test_max_unpool_empty_output_npu,/home/l30023782/PTA_213/recheck_20261010/isolated/results/case-223.log
224,test_torchinductor.py,test_to_dtype,FAIL,1,0,1,0,0,0,0,30.654,1,0,"test_to_dtype_npu: torch._inductor.exc.InductorError: NoTritonConfigsError: No valid triton configs for kernel triton_poi_fused_add_0. MLIRCompilationError: | subprocess.CalledProcessError: Command '['/home/l30023782/miniforge3/envs/pta_213_case/lib/python3.11/site-packages/triton/backends/ascend/bishengir/bin/bishengir-compile', '/tmp/tmpghxfhi_q/kernel.mlir', '--target=Ascend950PR_9579', '--enable-auto-multi-buffer=False', '--enable-auto-bind-sub-block=True', '--enable-optimized-metaop=False', '--disable-ffts', '--limit-auto-multi-buffer-of-local-buffer=no-limit', '--enable-auto-blockify-loop', '--enable-hfusion-compile=true', '--enable-triton-kernel-compile=true', '--append-bisheng-options=-cce-link-aicore-ll-module /home/l30023782/miniforge3/envs/pta_213_case/lib/python3.11/site-packages/triton/backends/ascend/lib/libdevice.10.bc', '--enable-vf-merge-level=1', '-o', '/tmp/tmpghxfhi_q/kernel']' returned non-zero exit status 1. | triton.compiler.errors.MLIRCompilationError:",TORCH_TRANSFER_TO_NPU=1 TORCH_NPU_DEVICE_CAPABILITY=8.0 TORCHINDUCTOR_COMPILE_THREADS=2 OMP_NUM_THREADS=2 TORCHINDUCTOR_CACHE_DIR=/home/l30023782/PTA_213/recheck_20261010/isolated/cache/case-224 TORCHNPU_PRECOMPILE_THREADS=2 ASCEND_RT_VISIBLE_DEVICES=0,/home/l30023782/miniforge3/envs/pta_213_case/bin/python -m pytest -vs -p isolated_plugin --junitxml=/home/l30023782/PTA_213/recheck_20261010/isolated/results/case-224.xml test_torchinductor.py::GPUTests::test_to_dtype_npu,test/inductor/test_torchinductor.py::GPUTests::test_to_dtype_npu,/home/l30023782/PTA_213/recheck_20261010/isolated/results/case-224.log
225,test_torchinductor.py,test_to_device,PASS,1,1,0,0,0,0,0,61.808,0,0,,TORCH_TRANSFER_TO_NPU=1 TORCH_NPU_DEVICE_CAPABILITY=8.0 TORCHINDUCTOR_COMPILE_THREADS=2 OMP_NUM_THREADS=2 TORCHINDUCTOR_CACHE_DIR=/home/l30023782/PTA_213/recheck_20261010/isolated/cache/case-225 TORCHNPU_PRECOMPILE_THREADS=2 ASCEND_RT_VISIBLE_DEVICES=0,/home/l30023782/miniforge3/envs/pta_213_case/bin/python -m pytest -vs -p isolated_plugin --junitxml=/home/l30023782/PTA_213/recheck_20261010/isolated/results/case-225.xml test_torchinductor.py::GPUTests::test_to_device_npu,test/inductor/test_torchinductor.py::GPUTests::test_to_device_npu,/home/l30023782/PTA_213/recheck_20261010/isolated/results/case-225.log
226,test_torchinductor.py,test_to_memory_format,FAIL,1,0,1,0,0,0,0,14.497,1,2,test_to_memory_format_npu: RuntimeError: Only contiguous_format or preserve_format is supported.,TORCH_TRANSFER_TO_NPU=1 TORCH_NPU_DEVICE_CAPABILITY=8.0 TORCHINDUCTOR_COMPILE_THREADS=2 OMP_NUM_THREADS=2 TORCHINDUCTOR_CACHE_DIR=/home/l30023782/PTA_213/recheck_20261010/isolated/cache/case-226 TORCHNPU_PRECOMPILE_THREADS=2 ASCEND_RT_VISIBLE_DEVICES=2,/home/l30023782/miniforge3/envs/pta_213_case/bin/python -m pytest -vs -p isolated_plugin --junitxml=/home/l30023782/PTA_213/recheck_20261010/isolated/results/case-226.xml test_torchinductor.py::GPUTests::test_to_memory_format_npu,test/inductor/test_torchinductor.py::GPUTests::test_to_memory_format_npu,/home/l30023782/PTA_213/recheck_20261010/isolated/results/case-226.log
227,test_torchinductor.py,test_to_device_constant,PASS,1,1,0,0,0,0,0,158.378,0,2,,TORCH_TRANSFER_TO_NPU=1 TORCH_NPU_DEVICE_CAPABILITY=8.0 TORCHINDUCTOR_COMPILE_THREADS=2 OMP_NUM_THREADS=2 TORCHINDUCTOR_CACHE_DIR=/home/l30023782/PTA_213/recheck_20261010/isolated/cache/case-227 TORCHNPU_PRECOMPILE_THREADS=2 ASCEND_RT_VISIBLE_DEVICES=2,/home/l30023782/miniforge3/envs/pta_213_case/bin/python -m pytest -vs -p isolated_plugin --junitxml=/home/l30023782/PTA_213/recheck_20261010/isolated/results/case-227.xml test_torchinductor.py::GPUTests::test_to_device_constant_npu,test/inductor/test_torchinductor.py::GPUTests::test_to_device_constant_npu,/home/l30023782/PTA_213/recheck_20261010/isolated/results/case-227.log
228,test_torchinductor.py,test_to_copy_fp64_to_no_fp64_device,PASS,1,1,0,0,0,0,0,18.785,0,0,,TORCH_TRANSFER_TO_NPU=1 TORCH_NPU_DEVICE_CAPABILITY=8.0 TORCHINDUCTOR_COMPILE_THREADS=2 OMP_NUM_THREADS=2 TORCHINDUCTOR_CACHE_DIR=/home/l30023782/PTA_213/recheck_20261010/isolated/cache/case-228 TORCHNPU_PRECOMPILE_THREADS=2 ASCEND_RT_VISIBLE_DEVICES=0,/home/l30023782/miniforge3/envs/pta_213_case/bin/python -m pytest -vs -p isolated_plugin --junitxml=/home/l30023782/PTA_213/recheck_20261010/isolated/results/case-228.xml test_torchinductor.py::GPUTests::test_to_copy_fp64_to_no_fp64_device_npu,test/inductor/test_torchinductor.py::GPUTests::test_to_copy_fp64_to_no_fp64_device_npu,/home/l30023782/PTA_213/recheck_20261010/isolated/results/case-228.log
229,test_torchinductor.py,test_multi_device,PASS,1,1,0,0,0,0,0,123.794,0,full,,TORCH_TRANSFER_TO_NPU=1 TORCH_NPU_DEVICE_CAPABILITY=8.0 TORCHINDUCTOR_COMPILE_THREADS=2 OMP_NUM_THREADS=2 TORCHINDUCTOR_CACHE_DIR=/home/l30023782/PTA_213/recheck_20261010/isolated/cache/case-229 TORCHNPU_PRECOMPILE_THREADS=2,/home/l30023782/miniforge3/envs/pta_213_case/bin/python -m pytest -vs -p isolated_plugin --junitxml=/home/l30023782/PTA_213/recheck_20261010/isolated/results/case-229.xml test_torchinductor.py::GPUTests::test_multi_device_npu,test/inductor/test_torchinductor.py::GPUTests::test_multi_device_npu,/home/l30023782/PTA_213/recheck_20261010/isolated/results/case-229.log
230,test_torchinductor.py,test_multi_gpu_device,FAIL,1,0,1,0,0,0,0,15.192,1,full,"test_multi_gpu_device_npu: torch.OutOfMemoryError: enable_peer_access:torch_npu/csrc/core/npu/NPUPeerToPeerAccess.cpp:36 NPU function error: aclrtDeviceEnablePeerAccess(dest_dev, enable_flag_value), error code is 207001",TORCH_TRANSFER_TO_NPU=1 TORCH_NPU_DEVICE_CAPABILITY=8.0 TORCHINDUCTOR_COMPILE_THREADS=2 OMP_NUM_THREADS=2 TORCHINDUCTOR_CACHE_DIR=/home/l30023782/PTA_213/recheck_20261010/isolated/cache/case-230 TORCHNPU_PRECOMPILE_THREADS=2,/home/l30023782/miniforge3/envs/pta_213_case/bin/python -m pytest -vs -p isolated_plugin --junitxml=/home/l30023782/PTA_213/recheck_20261010/isolated/results/case-230.xml test_torchinductor.py::GPUTests::test_multi_gpu_device_npu,test/inductor/test_torchinductor.py::GPUTests::test_multi_gpu_device_npu,/home/l30023782/PTA_213/recheck_20261010/isolated/results/case-230.log
231,test_torchinductor.py,test_multi_gpu_recompile_on_index,PASS,1,1,0,0,0,0,0,19.553,0,full,,TORCH_TRANSFER_TO_NPU=1 TORCH_NPU_DEVICE_CAPABILITY=8.0 TORCHINDUCTOR_COMPILE_THREADS=2 OMP_NUM_THREADS=2 TORCHINDUCTOR_CACHE_DIR=/home/l30023782/PTA_213/recheck_20261010/isolated/cache/case-231 TORCHNPU_PRECOMPILE_THREADS=2,/home/l30023782/miniforge3/envs/pta_213_case/bin/python -m pytest -vs -p isolated_plugin --junitxml=/home/l30023782/PTA_213/recheck_20261010/isolated/results/case-231.xml test_torchinductor.py::GPUTests::test_multi_gpu_recompile_on_index_npu,test/inductor/test_torchinductor.py::GPUTests::test_multi_gpu_recompile_on_index_npu,/home/l30023782/PTA_213/recheck_20261010/isolated/results/case-231.log
232,test_torchinductor.py,test_unbind,PASS,1,1,0,0,0,0,0,20.024,0,1,,TORCH_TRANSFER_TO_NPU=1 TORCH_NPU_DEVICE_CAPABILITY=8.0 TORCHINDUCTOR_COMPILE_THREADS=2 OMP_NUM_THREADS=2 TORCHINDUCTOR_CACHE_DIR=/home/l30023782/PTA_213/recheck_20261010/isolated/cache/case-232 TORCHNPU_PRECOMPILE_THREADS=2 ASCEND_RT_VISIBLE_DEVICES=1,/home/l30023782/miniforge3/envs/pta_213_case/bin/python -m pytest -vs -p isolated_plugin --junitxml=/home/l30023782/PTA_213/recheck_20261010/isolated/results/case-232.xml test_torchinductor.py::GPUTests::test_unbind_npu,test/inductor/test_torchinductor.py::GPUTests::test_unbind_npu,/home/l30023782/PTA_213/recheck_20261010/isolated/results/case-232.log
233,test_torchinductor.py,test_conv1d_with_permute,PASS,1,1,0,0,0,0,0,17.647,0,0,,TORCH_TRANSFER_TO_NPU=1 TORCH_NPU_DEVICE_CAPABILITY=8.0 TORCHINDUCTOR_COMPILE_THREADS=2 OMP_NUM_THREADS=2 TORCHINDUCTOR_CACHE_DIR=/home/l30023782/PTA_213/recheck_20261010/isolated/cache/case-233 TORCHNPU_PRECOMPILE_THREADS=2 ASCEND_RT_VISIBLE_DEVICES=0,/home/l30023782/miniforge3/envs/pta_213_case/bin/python -m pytest -vs -p isolated_plugin --junitxml=/home/l30023782/PTA_213/recheck_20261010/isolated/results/case-233.xml test_torchinductor.py::GPUTests::test_conv1d_with_permute_npu,test/inductor/test_torchinductor.py::GPUTests::test_conv1d_with_permute_npu,/home/l30023782/PTA_213/recheck_20261010/isolated/results/case-233.log
234,test_torchinductor.py,test_conv1d_depthwise,PASS,1,1,0,0,0,0,0,16.641,0,0,,TORCH_TRANSFER_TO_NPU=1 TORCH_NPU_DEVICE_CAPABILITY=8.0 TORCHINDUCTOR_COMPILE_THREADS=2 OMP_NUM_THREADS=2 TORCHINDUCTOR_CACHE_DIR=/home/l30023782/PTA_213/recheck_20261010/isolated/cache/case-234 TORCHNPU_PRECOMPILE_THREADS=2 ASCEND_RT_VISIBLE_DEVICES=0,/home/l30023782/miniforge3/envs/pta_213_case/bin/python -m pytest -vs -p isolated_plugin --junitxml=/home/l30023782/PTA_213/recheck_20261010/isolated/results/case-234.xml test_torchinductor.py::GPUTests::test_conv1d_depthwise_npu,test/inductor/test_torchinductor.py::GPUTests::test_conv1d_depthwise_npu,/home/l30023782/PTA_213/recheck_20261010/isolated/results/case-234.log
235,test_torchinductor.py,test_convolution1,PASS,1,1,0,0,0,0,0,126.277,0,1,,TORCH_TRANSFER_TO_NPU=1 TORCH_NPU_DEVICE_CAPABILITY=8.0 TORCHINDUCTOR_COMPILE_THREADS=2 OMP_NUM_THREADS=2 TORCHINDUCTOR_CACHE_DIR=/home/l30023782/PTA_213/recheck_20261010/isolated/cache/case-235 TORCHNPU_PRECOMPILE_THREADS=2 ASCEND_RT_VISIBLE_DEVICES=1,/home/l30023782/miniforge3/envs/pta_213_case/bin/python -m pytest -vs -p isolated_plugin --junitxml=/home/l30023782/PTA_213/recheck_20261010/isolated/results/case-235.xml test_torchinductor.py::GPUTests::test_convolution1_npu,test/inductor/test_torchinductor.py::GPUTests::test_convolution1_npu,/home/l30023782/PTA_213/recheck_20261010/isolated/results/case-235.log
236,test_torchinductor.py,test_convolution2,PASS,1,1,0,0,0,0,0,17.634,0,0,,TORCH_TRANSFER_TO_NPU=1 TORCH_NPU_DEVICE_CAPABILITY=8.0 TORCHINDUCTOR_COMPILE_THREADS=2 OMP_NUM_THREADS=2 TORCHINDUCTOR_CACHE_DIR=/home/l30023782/PTA_213/recheck_20261010/isolated/cache/case-236 TORCHNPU_PRECOMPILE_THREADS=2 ASCEND_RT_VISIBLE_DEVICES=0,/home/l30023782/miniforge3/envs/pta_213_case/bin/python -m pytest -vs -p isolated_plugin --junitxml=/home/l30023782/PTA_213/recheck_20261010/isolated/results/case-236.xml test_torchinductor.py::GPUTests::test_convolution2_npu,test/inductor/test_torchinductor.py::GPUTests::test_convolution2_npu,/home/l30023782/PTA_213/recheck_20261010/isolated/results/case-236.log
237,test_torchinductor.py,test_convolution3,PASS,1,1,0,0,0,0,0,127.156,0,0,,TORCH_TRANSFER_TO_NPU=1 TORCH_NPU_DEVICE_CAPABILITY=8.0 TORCHINDUCTOR_COMPILE_THREADS=2 OMP_NUM_THREADS=2 TORCHINDUCTOR_CACHE_DIR=/home/l30023782/PTA_213/recheck_20261010/isolated/cache/case-237 TORCHNPU_PRECOMPILE_THREADS=2 ASCEND_RT_VISIBLE_DEVICES=0,/home/l30023782/miniforge3/envs/pta_213_case/bin/python -m pytest -vs -p isolated_plugin --junitxml=/home/l30023782/PTA_213/recheck_20261010/isolated/results/case-237.xml test_torchinductor.py::GPUTests::test_convolution3_npu,test/inductor/test_torchinductor.py::GPUTests::test_convolution3_npu,/home/l30023782/PTA_213/recheck_20261010/isolated/results/case-237.log
238,test_torchinductor.py,test_convolution4,PASS,1,1,0,0,0,0,0,33.286,0,2,,TORCH_TRANSFER_TO_NPU=1 TORCH_NPU_DEVICE_CAPABILITY=8.0 TORCHINDUCTOR_COMPILE_THREADS=2 OMP_NUM_THREADS=2 TORCHINDUCTOR_CACHE_DIR=/home/l30023782/PTA_213/recheck_20261010/isolated/cache/case-238 TORCHNPU_PRECOMPILE_THREADS=2 ASCEND_RT_VISIBLE_DEVICES=2,/home/l30023782/miniforge3/envs/pta_213_case/bin/python -m pytest -vs -p isolated_plugin --junitxml=/home/l30023782/PTA_213/recheck_20261010/isolated/results/case-238.xml test_torchinductor.py::GPUTests::test_convolution4_npu,test/inductor/test_torchinductor.py::GPUTests::test_convolution4_npu,/home/l30023782/PTA_213/recheck_20261010/isolated/results/case-238.log
239,test_torchinductor.py,test_convolution5,PASS,1,1,0,0,0,0,0,39.55,0,2,,TORCH_TRANSFER_TO_NPU=1 TORCH_NPU_DEVICE_CAPABILITY=8.0 TORCHINDUCTOR_COMPILE_THREADS=2 OMP_NUM_THREADS=2 TORCHINDUCTOR_CACHE_DIR=/home/l30023782/PTA_213/recheck_20261010/isolated/cache/case-239 TORCHNPU_PRECOMPILE_THREADS=2 ASCEND_RT_VISIBLE_DEVICES=2,/home/l30023782/miniforge3/envs/pta_213_case/bin/python -m pytest -vs -p isolated_plugin --junitxml=/home/l30023782/PTA_213/recheck_20261010/isolated/results/case-239.xml test_torchinductor.py::GPUTests::test_convolution5_npu,test/inductor/test_torchinductor.py::GPUTests::test_convolution5_npu,/home/l30023782/PTA_213/recheck_20261010/isolated/results/case-239.log
240,test_unbacked_symints.py,test_expand,SKIP,1,0,0,0,1,0,0,14.294,0,1,"test_expand_npu: ('/home/l30023782/PTA_213/Community-Use-Case-Testing/v2.13.0/pytorch/test/inductor/test_unbacked_symints.py', 37, 'Skipped: requires gpu and triton')",TORCH_TRANSFER_TO_NPU=1 TORCH_NPU_DEVICE_CAPABILITY=8.0 TORCHINDUCTOR_COMPILE_THREADS=2 OMP_NUM_THREADS=2 TORCHINDUCTOR_CACHE_DIR=/home/l30023782/PTA_213/recheck_20261010/isolated/cache/case-240 TORCHNPU_PRECOMPILE_THREADS=2 ASCEND_RT_VISIBLE_DEVICES=1,/home/l30023782/miniforge3/envs/pta_213_case/bin/python -m pytest -vs -p isolated_plugin --junitxml=/home/l30023782/PTA_213/recheck_20261010/isolated/results/case-240.xml test_unbacked_symints.py::TestUnbackedSymintsPRIVATEUSE1::test_expand_npu,test/inductor/test_unbacked_symints.py::TestUnbackedSymintsPRIVATEUSE1::test_expand_npu,/home/l30023782/PTA_213/recheck_20261010/isolated/results/case-240.log
241,test_unbacked_symints.py,test_broadcast_tensors,SKIP,1,0,0,0,1,0,0,13.352,0,1,"test_broadcast_tensors_npu: ('/home/l30023782/PTA_213/Community-Use-Case-Testing/v2.13.0/pytorch/test/inductor/test_unbacked_symints.py', 69, 'Skipped: requires gpu and triton')",TORCH_TRANSFER_TO_NPU=1 TORCH_NPU_DEVICE_CAPABILITY=8.0 TORCHINDUCTOR_COMPILE_THREADS=2 OMP_NUM_THREADS=2 TORCHINDUCTOR_CACHE_DIR=/home/l30023782/PTA_213/recheck_20261010/isolated/cache/case-241 TORCHNPU_PRECOMPILE_THREADS=2 ASCEND_RT_VISIBLE_DEVICES=1,/home/l30023782/miniforge3/envs/pta_213_case/bin/python -m pytest -vs -p isolated_plugin --junitxml=/home/l30023782/PTA_213/recheck_20261010/isolated/results/case-241.xml test_unbacked_symints.py::TestUnbackedSymintsPRIVATEUSE1::test_broadcast_tensors_npu,test/inductor/test_unbacked_symints.py::TestUnbackedSymintsPRIVATEUSE1::test_broadcast_tensors_npu,/home/l30023782/PTA_213/recheck_20261010/isolated/results/case-241.log
242,test_unbacked_symints.py,test_autotuning,SKIP,1,0,0,0,1,0,0,13.584,0,2,"test_autotuning_npu: ('/home/l30023782/PTA_213/Community-Use-Case-Testing/v2.13.0/pytorch/test/inductor/test_unbacked_symints.py', 83, 'Skipped: requires gpu and triton')",TORCH_TRANSFER_TO_NPU=1 TORCH_NPU_DEVICE_CAPABILITY=8.0 TORCHINDUCTOR_COMPILE_THREADS=2 OMP_NUM_THREADS=2 TORCHINDUCTOR_CACHE_DIR=/home/l30023782/PTA_213/recheck_20261010/isolated/cache/case-242 TORCHNPU_PRECOMPILE_THREADS=2 ASCEND_RT_VISIBLE_DEVICES=2,/home/l30023782/miniforge3/envs/pta_213_case/bin/python -m pytest -vs -p isolated_plugin --junitxml=/home/l30023782/PTA_213/recheck_20261010/isolated/results/case-242.xml test_unbacked_symints.py::TestUnbackedSymintsPRIVATEUSE1::test_autotuning_npu,test/inductor/test_unbacked_symints.py::TestUnbackedSymintsPRIVATEUSE1::test_autotuning_npu,/home/l30023782/PTA_213/recheck_20261010/isolated/results/case-242.log
243,test_unbacked_symints.py,test_split_with_sizes,SKIP,1,0,0,0,1,0,0,15.165,0,1,"test_split_with_sizes_npu: ('/home/l30023782/PTA_213/Community-Use-Case-Testing/v2.13.0/pytorch/test/inductor/test_unbacked_symints.py', 107, 'Skipped: requires gpu and triton')",TORCH_TRANSFER_TO_NPU=1 TORCH_NPU_DEVICE_CAPABILITY=8.0 TORCHINDUCTOR_COMPILE_THREADS=2 OMP_NUM_THREADS=2 TORCHINDUCTOR_CACHE_DIR=/home/l30023782/PTA_213/recheck_20261010/isolated/cache/case-243 TORCHNPU_PRECOMPILE_THREADS=2 ASCEND_RT_VISIBLE_DEVICES=1,/home/l30023782/miniforge3/envs/pta_213_case/bin/python -m pytest -vs -p isolated_plugin --junitxml=/home/l30023782/PTA_213/recheck_20261010/isolated/results/case-243.xml test_unbacked_symints.py::TestUnbackedSymintsPRIVATEUSE1::test_split_with_sizes_npu,test/inductor/test_unbacked_symints.py::TestUnbackedSymintsPRIVATEUSE1::test_split_with_sizes_npu,/home/l30023782/PTA_213/recheck_20261010/isolated/results/case-243.log
244,test_unbacked_symints.py,test_view_of_slice,SKIP,1,0,0,0,1,0,0,22.734,0,0,"test_view_of_slice_npu: ('/home/l30023782/PTA_213/Community-Use-Case-Testing/v2.13.0/pytorch/test/inductor/test_unbacked_symints.py', 123, 'Skipped: requires gpu and triton')",TORCH_TRANSFER_TO_NPU=1 TORCH_NPU_DEVICE_CAPABILITY=8.0 TORCHINDUCTOR_COMPILE_THREADS=2 OMP_NUM_THREADS=2 TORCHINDUCTOR_CACHE_DIR=/home/l30023782/PTA_213/recheck_20261010/isolated/cache/case-244 TORCHNPU_PRECOMPILE_THREADS=2 ASCEND_RT_VISIBLE_DEVICES=0,/home/l30023782/miniforge3/envs/pta_213_case/bin/python -m pytest -vs -p isolated_plugin --junitxml=/home/l30023782/PTA_213/recheck_20261010/isolated/results/case-244.xml test_unbacked_symints.py::TestUnbackedSymintsPRIVATEUSE1::test_view_of_slice_npu,test/inductor/test_unbacked_symints.py::TestUnbackedSymintsPRIVATEUSE1::test_view_of_slice_npu,/home/l30023782/PTA_213/recheck_20261010/isolated/results/case-244.log
245,test_unbacked_symints.py,test_triton_kernel_grid,SKIP,1,0,0,0,1,0,0,22.533,0,2,"test_triton_kernel_grid_npu: ('/home/l30023782/PTA_213/Community-Use-Case-Testing/v2.13.0/pytorch/test/inductor/test_unbacked_symints.py', 141, 'Skipped: requires gpu and triton')",TORCH_TRANSFER_TO_NPU=1 TORCH_NPU_DEVICE_CAPABILITY=8.0 TORCHINDUCTOR_COMPILE_THREADS=2 OMP_NUM_THREADS=2 TORCHINDUCTOR_CACHE_DIR=/home/l30023782/PTA_213/recheck_20261010/isolated/cache/case-245 TORCHNPU_PRECOMPILE_THREADS=2 ASCEND_RT_VISIBLE_DEVICES=2,/home/l30023782/miniforge3/envs/pta_213_case/bin/python -m pytest -vs -p isolated_plugin --junitxml=/home/l30023782/PTA_213/recheck_20261010/isolated/results/case-245.xml test_unbacked_symints.py::TestUnbackedSymintsPRIVATEUSE1::test_triton_kernel_grid_npu,test/inductor/test_unbacked_symints.py::TestUnbackedSymintsPRIVATEUSE1::test_triton_kernel_grid_npu,/home/l30023782/PTA_213/recheck_20261010/isolated/results/case-245.log
246,test_unbacked_symints.py,test_nonzero_in_inference_mode,SKIP,1,0,0,0,1,0,0,22.269,0,1,"test_nonzero_in_inference_mode_npu: ('/home/l30023782/PTA_213/Community-Use-Case-Testing/v2.13.0/pytorch/test/inductor/test_unbacked_symints.py', 163, 'Skipped: requires gpu and triton')",TORCH_TRANSFER_TO_NPU=1 TORCH_NPU_DEVICE_CAPABILITY=8.0 TORCHINDUCTOR_COMPILE_THREADS=2 OMP_NUM_THREADS=2 TORCHINDUCTOR_CACHE_DIR=/home/l30023782/PTA_213/recheck_20261010/isolated/cache/case-246 TORCHNPU_PRECOMPILE_THREADS=2 ASCEND_RT_VISIBLE_DEVICES=1,/home/l30023782/miniforge3/envs/pta_213_case/bin/python -m pytest -vs -p isolated_plugin --junitxml=/home/l30023782/PTA_213/recheck_20261010/isolated/results/case-246.xml test_unbacked_symints.py::TestUnbackedSymintsPRIVATEUSE1::test_nonzero_in_inference_mode_npu,test/inductor/test_unbacked_symints.py::TestUnbackedSymintsPRIVATEUSE1::test_nonzero_in_inference_mode_npu,/home/l30023782/PTA_213/recheck_20261010/isolated/results/case-246.log
247,test_unbacked_symints.py,test_equivalent_backed_unbacked,SKIP,1,0,0,0,1,0,0,52.034,0,0,"test_equivalent_backed_unbacked_npu: ('/home/l30023782/PTA_213/Community-Use-Case-Testing/v2.13.0/pytorch/test/inductor/test_unbacked_symints.py', 177, 'Skipped: requires gpu and triton')",TORCH_TRANSFER_TO_NPU=1 TORCH_NPU_DEVICE_CAPABILITY=8.0 TORCHINDUCTOR_COMPILE_THREADS=2 OMP_NUM_THREADS=2 TORCHINDUCTOR_CACHE_DIR=/home/l30023782/PTA_213/recheck_20261010/isolated/cache/case-247 TORCHNPU_PRECOMPILE_THREADS=2 ASCEND_RT_VISIBLE_DEVICES=0,/home/l30023782/miniforge3/envs/pta_213_case/bin/python -m pytest -vs -p isolated_plugin --junitxml=/home/l30023782/PTA_213/recheck_20261010/isolated/results/case-247.xml test_unbacked_symints.py::TestUnbackedSymintsPRIVATEUSE1::test_equivalent_backed_unbacked_npu,test/inductor/test_unbacked_symints.py::TestUnbackedSymintsPRIVATEUSE1::test_equivalent_backed_unbacked_npu,/home/l30023782/PTA_213/recheck_20261010/isolated/results/case-247.log
248,test_unbacked_symints.py,test_vertical_pointwise_reduction_fusion,SKIP,1,0,0,0,1,0,0,52.946,0,2,"test_vertical_pointwise_reduction_fusion_npu: ('/home/l30023782/PTA_213/Community-Use-Case-Testing/v2.13.0/pytorch/test/inductor/test_unbacked_symints.py', 210, 'Skipped: requires gpu and triton')",TORCH_TRANSFER_TO_NPU=1 TORCH_NPU_DEVICE_CAPABILITY=8.0 TORCHINDUCTOR_COMPILE_THREADS=2 OMP_NUM_THREADS=2 TORCHINDUCTOR_CACHE_DIR=/home/l30023782/PTA_213/recheck_20261010/isolated/cache/case-248 TORCHNPU_PRECOMPILE_THREADS=2 ASCEND_RT_VISIBLE_DEVICES=2,/home/l30023782/miniforge3/envs/pta_213_case/bin/python -m pytest -vs -p isolated_plugin --junitxml=/home/l30023782/PTA_213/recheck_20261010/isolated/results/case-248.xml test_unbacked_symints.py::TestUnbackedSymintsPRIVATEUSE1::test_vertical_pointwise_reduction_fusion_npu,test/inductor/test_unbacked_symints.py::TestUnbackedSymintsPRIVATEUSE1::test_vertical_pointwise_reduction_fusion_npu,/home/l30023782/PTA_213/recheck_20261010/isolated/results/case-248.log
249,test_unbacked_symints.py,test_mm_and_friends,SKIP,6,0,0,0,6,0,0,49.676,0,1,"test_mm_and_friends_addmm_False_npu: ('/home/l30023782/PTA_213/Community-Use-Case-Testing/v2.13.0/pytorch/test/inductor/test_unbacked_symints.py', 240, 'Skipped: requires gpu and triton')
test_mm_and_friends_addmm_True_npu: ('/home/l30023782/PTA_213/Community-Use-Case-Testing/v2.13.0/pytorch/test/inductor/test_unbacked_symints.py', 240, 'Skipped: requires gpu and triton')
test_mm_and_friends_bmm_False_npu: ('/home/l30023782/PTA_213/Community-Use-Case-Testing/v2.13.0/pytorch/test/inductor/test_unbacked_symints.py', 240, 'Skipped: requires gpu and triton')
test_mm_and_friends_bmm_True_npu: ('/home/l30023782/PTA_213/Community-Use-Case-Testing/v2.13.0/pytorch/test/inductor/test_unbacked_symints.py', 240, 'Skipped: requires gpu and triton')
test_mm_and_friends_mm_False_npu: ('/home/l30023782/PTA_213/Community-Use-Case-Testing/v2.13.0/pytorch/test/inductor/test_unbacked_symints.py', 240, 'Skipped: requires gpu and triton')
test_mm_and_friends_mm_True_npu: ('/home/l30023782/PTA_213/Community-Use-Case-Testing/v2.13.0/pytorch/test/inductor/test_unbacked_symints.py', 240, 'Skipped: requires gpu and triton')",TORCH_TRANSFER_TO_NPU=1 TORCH_NPU_DEVICE_CAPABILITY=8.0 TORCHINDUCTOR_COMPILE_THREADS=2 OMP_NUM_THREADS=2 TORCHINDUCTOR_CACHE_DIR=/home/l30023782/PTA_213/recheck_20261010/isolated/cache/case-249 TORCHNPU_PRECOMPILE_THREADS=2 ASCEND_RT_VISIBLE_DEVICES=1,/home/l30023782/miniforge3/envs/pta_213_case/bin/python -m pytest -vs -p isolated_plugin --junitxml=/home/l30023782/PTA_213/recheck_20261010/isolated/results/case-249.xml test_unbacked_symints.py::TestUnbackedSymintsPRIVATEUSE1::test_mm_and_friends_addmm_False_npu test_unbacked_symints.py::TestUnbackedSymintsPRIVATEUSE1::test_mm_and_friends_addmm_True_npu test_unbacked_symints.py::TestUnbackedSymintsPRIVATEUSE1::test_mm_and_friends_bmm_False_npu test_unbacked_symints.py::TestUnbackedSymintsPRIVATEUSE1::test_mm_and_friends_bmm_True_npu test_unbacked_symints.py::TestUnbackedSymintsPRIVATEUSE1::test_mm_and_friends_mm_False_npu test_unbacked_symints.py::TestUnbackedSymintsPRIVATEUSE1::test_mm_and_friends_mm_True_npu,"test/inductor/test_unbacked_symints.py::TestUnbackedSymintsPRIVATEUSE1::test_mm_and_friends_addmm_False_npu
test/inductor/test_unbacked_symints.py::TestUnbackedSymintsPRIVATEUSE1::test_mm_and_friends_addmm_True_npu
test/inductor/test_unbacked_symints.py::TestUnbackedSymintsPRIVATEUSE1::test_mm_and_friends_bmm_False_npu
test/inductor/test_unbacked_symints.py::TestUnbackedSymintsPRIVATEUSE1::test_mm_and_friends_bmm_True_npu
test/inductor/test_unbacked_symints.py::TestUnbackedSymintsPRIVATEUSE1::test_mm_and_friends_mm_False_npu
test/inductor/test_unbacked_symints.py::TestUnbackedSymintsPRIVATEUSE1::test_mm_and_friends_mm_True_npu",/home/l30023782/PTA_213/recheck_20261010/isolated/results/case-249.log
250,test_unbacked_symints.py,test_unbacked_range_tree_divisor,SKIP,1,0,0,0,1,0,0,14.537,0,0,"test_unbacked_range_tree_divisor_npu: ('/home/l30023782/PTA_213/Community-Use-Case-Testing/v2.13.0/pytorch/test/inductor/test_unbacked_symints.py', 278, 'Skipped: requires gpu and triton')",TORCH_TRANSFER_TO_NPU=1 TORCH_NPU_DEVICE_CAPABILITY=8.0 TORCHINDUCTOR_COMPILE_THREADS=2 OMP_NUM_THREADS=2 TORCHINDUCTOR_CACHE_DIR=/home/l30023782/PTA_213/recheck_20261010/isolated/cache/case-250 TORCHNPU_PRECOMPILE_THREADS=2 ASCEND_RT_VISIBLE_DEVICES=0,/home/l30023782/miniforge3/envs/pta_213_case/bin/python -m pytest -vs -p isolated_plugin --junitxml=/home/l30023782/PTA_213/recheck_20261010/isolated/results/case-250.xml test_unbacked_symints.py::TestUnbackedSymintsPRIVATEUSE1::test_unbacked_range_tree_divisor_npu,test/inductor/test_unbacked_symints.py::TestUnbackedSymintsPRIVATEUSE1::test_unbacked_range_tree_divisor_npu,/home/l30023782/PTA_213/recheck_20261010/isolated/results/case-250.log
251,test_unbacked_symints.py,test_unbacked_masked_scatter,SKIP,1,0,0,0,1,0,0,13.825,0,2,"test_unbacked_masked_scatter_npu: ('/home/l30023782/PTA_213/Community-Use-Case-Testing/v2.13.0/pytorch/test/inductor/test_unbacked_symints.py', 295, 'Skipped: requires gpu and triton')",TORCH_TRANSFER_TO_NPU=1 TORCH_NPU_DEVICE_CAPABILITY=8.0 TORCHINDUCTOR_COMPILE_THREADS=2 OMP_NUM_THREADS=2 TORCHINDUCTOR_CACHE_DIR=/home/l30023782/PTA_213/recheck_20261010/isolated/cache/case-251 TORCHNPU_PRECOMPILE_THREADS=2 ASCEND_RT_VISIBLE_DEVICES=2,/home/l30023782/miniforge3/envs/pta_213_case/bin/python -m pytest -vs -p isolated_plugin --junitxml=/home/l30023782/PTA_213/recheck_20261010/isolated/results/case-251.xml test_unbacked_symints.py::TestUnbackedSymintsPRIVATEUSE1::test_unbacked_masked_scatter_npu,test/inductor/test_unbacked_symints.py::TestUnbackedSymintsPRIVATEUSE1::test_unbacked_masked_scatter_npu,/home/l30023782/PTA_213/recheck_20261010/isolated/results/case-251.log
252,test_unbacked_symints.py,test_unbacked_repeat,SKIP,1,0,0,0,1,0,0,13.699,0,1,"test_unbacked_repeat_npu: ('/home/l30023782/PTA_213/Community-Use-Case-Testing/v2.13.0/pytorch/test/inductor/test_unbacked_symints.py', 311, 'Skipped: requires gpu and triton')",TORCH_TRANSFER_TO_NPU=1 TORCH_NPU_DEVICE_CAPABILITY=8.0 TORCHINDUCTOR_COMPILE_THREADS=2 OMP_NUM_THREADS=2 TORCHINDUCTOR_CACHE_DIR=/home/l30023782/PTA_213/recheck_20261010/isolated/cache/case-252 TORCHNPU_PRECOMPILE_THREADS=2 ASCEND_RT_VISIBLE_DEVICES=1,/home/l30023782/miniforge3/envs/pta_213_case/bin/python -m pytest -vs -p isolated_plugin --junitxml=/home/l30023782/PTA_213/recheck_20261010/isolated/results/case-252.xml test_unbacked_symints.py::TestUnbackedSymintsPRIVATEUSE1::test_unbacked_repeat_npu,test/inductor/test_unbacked_symints.py::TestUnbackedSymintsPRIVATEUSE1::test_unbacked_repeat_npu,/home/l30023782/PTA_213/recheck_20261010/isolated/results/case-252.log
253,test_unbacked_symints.py,test_repeat_interleave_with_unbacked_scalar,SKIP,1,0,0,0,1,0,0,15.065,0,0,"test_repeat_interleave_with_unbacked_scalar_npu: ('/home/l30023782/PTA_213/Community-Use-Case-Testing/v2.13.0/pytorch/test/inductor/test_unbacked_symints.py', 329, 'Skipped: requires gpu and triton')",TORCH_TRANSFER_TO_NPU=1 TORCH_NPU_DEVICE_CAPABILITY=8.0 TORCHINDUCTOR_COMPILE_THREADS=2 OMP_NUM_THREADS=2 TORCHINDUCTOR_CACHE_DIR=/home/l30023782/PTA_213/recheck_20261010/isolated/cache/case-253 TORCHNPU_PRECOMPILE_THREADS=2 ASCEND_RT_VISIBLE_DEVICES=0,/home/l30023782/miniforge3/envs/pta_213_case/bin/python -m pytest -vs -p isolated_plugin --junitxml=/home/l30023782/PTA_213/recheck_20261010/isolated/results/case-253.xml test_unbacked_symints.py::TestUnbackedSymintsPRIVATEUSE1::test_repeat_interleave_with_unbacked_scalar_npu,test/inductor/test_unbacked_symints.py::TestUnbackedSymintsPRIVATEUSE1::test_repeat_interleave_with_unbacked_scalar_npu,/home/l30023782/PTA_213/recheck_20261010/isolated/results/case-253.log
254,test_unbacked_symints.py,test_unbacked_slice_on_subclass,SKIP,3,0,0,0,3,0,0,16.47,0,2,"test_unbacked_slice_on_subclass_dynamic2_npu: ('/home/l30023782/PTA_213/Community-Use-Case-Testing/v2.13.0/pytorch/test/inductor/test_unbacked_symints.py', 346, 'Skipped: requires gpu and triton')
test_unbacked_slice_on_subclass_dynamic_False_npu: ('/home/l30023782/PTA_213/Community-Use-Case-Testing/v2.13.0/pytorch/test/inductor/test_unbacked_symints.py', 346, 'Skipped: requires gpu and triton')
test_unbacked_slice_on_subclass_dynamic_True_npu: ('/home/l30023782/PTA_213/Community-Use-Case-Testing/v2.13.0/pytorch/test/inductor/test_unbacked_symints.py', 346, 'Skipped: requires gpu and triton')",TORCH_TRANSFER_TO_NPU=1 TORCH_NPU_DEVICE_CAPABILITY=8.0 TORCHINDUCTOR_COMPILE_THREADS=2 OMP_NUM_THREADS=2 TORCHINDUCTOR_CACHE_DIR=/home/l30023782/PTA_213/recheck_20261010/isolated/cache/case-254 TORCHNPU_PRECOMPILE_THREADS=2 ASCEND_RT_VISIBLE_DEVICES=2,/home/l30023782/miniforge3/envs/pta_213_case/bin/python -m pytest -vs -p isolated_plugin --junitxml=/home/l30023782/PTA_213/recheck_20261010/isolated/results/case-254.xml test_unbacked_symints.py::TestUnbackedSymintsPRIVATEUSE1::test_unbacked_slice_on_subclass_dynamic2_npu test_unbacked_symints.py::TestUnbackedSymintsPRIVATEUSE1::test_unbacked_slice_on_subclass_dynamic_False_npu test_unbacked_symints.py::TestUnbackedSymintsPRIVATEUSE1::test_unbacked_slice_on_subclass_dynamic_True_npu,"test/inductor/test_unbacked_symints.py::TestUnbackedSymintsPRIVATEUSE1::test_unbacked_slice_on_subclass_dynamic2_npu
test/inductor/test_unbacked_symints.py::TestUnbackedSymintsPRIVATEUSE1::test_unbacked_slice_on_subclass_dynamic_False_npu
test/inductor/test_unbacked_symints.py::TestUnbackedSymintsPRIVATEUSE1::test_unbacked_slice_on_subclass_dynamic_True_npu",/home/l30023782/PTA_213/recheck_20261010/isolated/results/case-254.log
255,test_unbacked_symints.py,test_issue_143498,SKIP,1,0,0,0,1,0,0,16.016,0,1,"test_issue_143498_npu: ('/home/l30023782/PTA_213/Community-Use-Case-Testing/v2.13.0/pytorch/test/inductor/test_unbacked_symints.py', 435, 'Skipped: requires gpu and triton')",TORCH_TRANSFER_TO_NPU=1 TORCH_NPU_DEVICE_CAPABILITY=8.0 TORCHINDUCTOR_COMPILE_THREADS=2 OMP_NUM_THREADS=2 TORCHINDUCTOR_CACHE_DIR=/home/l30023782/PTA_213/recheck_20261010/isolated/cache/case-255 TORCHNPU_PRECOMPILE_THREADS=2 ASCEND_RT_VISIBLE_DEVICES=1,/home/l30023782/miniforge3/envs/pta_213_case/bin/python -m pytest -vs -p isolated_plugin --junitxml=/home/l30023782/PTA_213/recheck_20261010/isolated/results/case-255.xml test_unbacked_symints.py::TestUnbackedSymintsPRIVATEUSE1::test_issue_143498_npu,test/inductor/test_unbacked_symints.py::TestUnbackedSymintsPRIVATEUSE1::test_issue_143498_npu,/home/l30023782/PTA_213/recheck_20261010/isolated/results/case-255.log
256,test_unbacked_symints.py,test_einsum,SKIP,1,0,0,0,1,0,0,18.222,0,0,"test_einsum_npu: ('/home/l30023782/PTA_213/Community-Use-Case-Testing/v2.13.0/pytorch/test/inductor/test_unbacked_symints.py', 491, 'Skipped: torch.compile for gpu requires triton')",TORCH_TRANSFER_TO_NPU=1 TORCH_NPU_DEVICE_CAPABILITY=8.0 TORCHINDUCTOR_COMPILE_THREADS=2 OMP_NUM_THREADS=2 TORCHINDUCTOR_CACHE_DIR=/home/l30023782/PTA_213/recheck_20261010/isolated/cache/case-256 TORCHNPU_PRECOMPILE_THREADS=2 ASCEND_RT_VISIBLE_DEVICES=0,/home/l30023782/miniforge3/envs/pta_213_case/bin/python -m pytest -vs -p isolated_plugin --junitxml=/home/l30023782/PTA_213/recheck_20261010/isolated/results/case-256.xml test_unbacked_symints.py::TestUnbackedSymintsPRIVATEUSE1::test_einsum_npu,test/inductor/test_unbacked_symints.py::TestUnbackedSymintsPRIVATEUSE1::test_einsum_npu,/home/l30023782/PTA_213/recheck_20261010/isolated/results/case-256.log
257,test_unbacked_symints.py,test_softmax,SKIP,1,0,0,0,1,0,0,17.194,0,2,"test_softmax_npu: ('/home/l30023782/PTA_213/Community-Use-Case-Testing/v2.13.0/pytorch/test/inductor/test_unbacked_symints.py', 518, 'Skipped: requires gpu and triton')",TORCH_TRANSFER_TO_NPU=1 TORCH_NPU_DEVICE_CAPABILITY=8.0 TORCHINDUCTOR_COMPILE_THREADS=2 OMP_NUM_THREADS=2 TORCHINDUCTOR_CACHE_DIR=/home/l30023782/PTA_213/recheck_20261010/isolated/cache/case-257 TORCHNPU_PRECOMPILE_THREADS=2 ASCEND_RT_VISIBLE_DEVICES=2,/home/l30023782/miniforge3/envs/pta_213_case/bin/python -m pytest -vs -p isolated_plugin --junitxml=/home/l30023782/PTA_213/recheck_20261010/isolated/results/case-257.xml test_unbacked_symints.py::TestUnbackedSymintsPRIVATEUSE1::test_softmax_npu,test/inductor/test_unbacked_symints.py::TestUnbackedSymintsPRIVATEUSE1::test_softmax_npu,/home/l30023782/PTA_213/recheck_20261010/isolated/results/case-257.log
258,test_unbacked_symints.py,test_unbacked_linear_layer_norm_input,SKIP,1,0,0,0,1,0,0,22.61,0,1,"test_unbacked_linear_layer_norm_input_npu: ('/home/l30023782/PTA_213/Community-Use-Case-Testing/v2.13.0/pytorch/test/inductor/test_unbacked_symints.py', 591, 'Skipped: torch.compile for gpu requires triton')",TORCH_TRANSFER_TO_NPU=1 TORCH_NPU_DEVICE_CAPABILITY=8.0 TORCHINDUCTOR_COMPILE_THREADS=2 OMP_NUM_THREADS=2 TORCHINDUCTOR_CACHE_DIR=/home/l30023782/PTA_213/recheck_20261010/isolated/cache/case-258 TORCHNPU_PRECOMPILE_THREADS=2 ASCEND_RT_VISIBLE_DEVICES=1,/home/l30023782/miniforge3/envs/pta_213_case/bin/python -m pytest -vs -p isolated_plugin --junitxml=/home/l30023782/PTA_213/recheck_20261010/isolated/results/case-258.xml test_unbacked_symints.py::TestUnbackedSymintsPRIVATEUSE1::test_unbacked_linear_layer_norm_input_npu,test/inductor/test_unbacked_symints.py::TestUnbackedSymintsPRIVATEUSE1::test_unbacked_linear_layer_norm_input_npu,/home/l30023782/PTA_213/recheck_20261010/isolated/results/case-258.log
259,test_unbacked_symints.py,test_to_int_with_unbacked_size,SKIP,1,0,0,0,1,0,0,17.942,0,0,"test_to_int_with_unbacked_size_npu: ('/home/l30023782/PTA_213/Community-Use-Case-Testing/v2.13.0/pytorch/test/inductor/test_unbacked_symints.py', 622, 'Skipped: torch.compile for gpu requires triton')",TORCH_TRANSFER_TO_NPU=1 TORCH_NPU_DEVICE_CAPABILITY=8.0 TORCHINDUCTOR_COMPILE_THREADS=2 OMP_NUM_THREADS=2 TORCHINDUCTOR_CACHE_DIR=/home/l30023782/PTA_213/recheck_20261010/isolated/cache/case-259 TORCHNPU_PRECOMPILE_THREADS=2 ASCEND_RT_VISIBLE_DEVICES=0,/home/l30023782/miniforge3/envs/pta_213_case/bin/python -m pytest -vs -p isolated_plugin --junitxml=/home/l30023782/PTA_213/recheck_20261010/isolated/results/case-259.xml test_unbacked_symints.py::TestUnbackedSymintsPRIVATEUSE1::test_to_int_with_unbacked_size_npu,test/inductor/test_unbacked_symints.py::TestUnbackedSymintsPRIVATEUSE1::test_to_int_with_unbacked_size_npu,/home/l30023782/PTA_213/recheck_20261010/isolated/results/case-259.log
260,test_unbacked_symints.py,test_triton_kernel_with_unbacked_symint_fallback,SKIP,1,0,0,0,1,0,0,17.315,0,2,"test_triton_kernel_with_unbacked_symint_fallback_npu: ('/home/l30023782/PTA_213/Community-Use-Case-Testing/v2.13.0/pytorch/test/inductor/test_unbacked_symints.py', 666, 'Skipped: requires gpu and triton')",TORCH_TRANSFER_TO_NPU=1 TORCH_NPU_DEVICE_CAPABILITY=8.0 TORCHINDUCTOR_COMPILE_THREADS=2 OMP_NUM_THREADS=2 TORCHINDUCTOR_CACHE_DIR=/home/l30023782/PTA_213/recheck_20261010/isolated/cache/case-260 TORCHNPU_PRECOMPILE_THREADS=2 ASCEND_RT_VISIBLE_DEVICES=2,/home/l30023782/miniforge3/envs/pta_213_case/bin/python -m pytest -vs -p isolated_plugin --junitxml=/home/l30023782/PTA_213/recheck_20261010/isolated/results/case-260.xml test_unbacked_symints.py::TestUnbackedSymintsPRIVATEUSE1::test_triton_kernel_with_unbacked_symint_fallback_npu,test/inductor/test_unbacked_symints.py::TestUnbackedSymintsPRIVATEUSE1::test_triton_kernel_with_unbacked_symint_fallback_npu,/home/l30023782/PTA_213/recheck_20261010/isolated/results/case-260.log
261,test_unbacked_symints.py,test_autotune_with_unbacked_stride,SKIP,1,0,0,0,1,0,0,14.386,0,1,"test_autotune_with_unbacked_stride_npu: ('/home/l30023782/PTA_213/Community-Use-Case-Testing/v2.13.0/pytorch/test/inductor/test_unbacked_symints.py', 688, 'Skipped: requires gpu and triton')",TORCH_TRANSFER_TO_NPU=1 TORCH_NPU_DEVICE_CAPABILITY=8.0 TORCHINDUCTOR_COMPILE_THREADS=2 OMP_NUM_THREADS=2 TORCHINDUCTOR_CACHE_DIR=/home/l30023782/PTA_213/recheck_20261010/isolated/cache/case-261 TORCHNPU_PRECOMPILE_THREADS=2 ASCEND_RT_VISIBLE_DEVICES=1,/home/l30023782/miniforge3/envs/pta_213_case/bin/python -m pytest -vs -p isolated_plugin --junitxml=/home/l30023782/PTA_213/recheck_20261010/isolated/results/case-261.xml test_unbacked_symints.py::TestUnbackedSymintsPRIVATEUSE1::test_autotune_with_unbacked_stride_npu,test/inductor/test_unbacked_symints.py::TestUnbackedSymintsPRIVATEUSE1::test_autotune_with_unbacked_stride_npu,/home/l30023782/PTA_213/recheck_20261010/isolated/results/case-261.log
262,test_unbacked_symints.py,test_fmod_with_out_arg,SKIP,1,0,0,0,1,0,0,13.59,0,0,"test_fmod_with_out_arg_npu: ('/home/l30023782/PTA_213/Community-Use-Case-Testing/v2.13.0/pytorch/test/inductor/test_unbacked_symints.py', 713, 'Skipped: requires gpu and triton')",TORCH_TRANSFER_TO_NPU=1 TORCH_NPU_DEVICE_CAPABILITY=8.0 TORCHINDUCTOR_COMPILE_THREADS=2 OMP_NUM_THREADS=2 TORCHINDUCTOR_CACHE_DIR=/home/l30023782/PTA_213/recheck_20261010/isolated/cache/case-262 TORCHNPU_PRECOMPILE_THREADS=2 ASCEND_RT_VISIBLE_DEVICES=0,/home/l30023782/miniforge3/envs/pta_213_case/bin/python -m pytest -vs -p isolated_plugin --junitxml=/home/l30023782/PTA_213/recheck_20261010/isolated/results/case-262.xml test_unbacked_symints.py::TestUnbackedSymintsPRIVATEUSE1::test_fmod_with_out_arg_npu,test/inductor/test_unbacked_symints.py::TestUnbackedSymintsPRIVATEUSE1::test_fmod_with_out_arg_npu,/home/l30023782/PTA_213/recheck_20261010/isolated/results/case-262.log
263,test_unbacked_symints.py,test_triton_pow_type_mismatch,SKIP,1,0,0,0,1,0,0,14.842,0,2,"test_triton_pow_type_mismatch_npu: ('/home/l30023782/PTA_213/Community-Use-Case-Testing/v2.13.0/pytorch/test/inductor/test_unbacked_symints.py', 725, 'Skipped: requires gpu and triton')",TORCH_TRANSFER_TO_NPU=1 TORCH_NPU_DEVICE_CAPABILITY=8.0 TORCHINDUCTOR_COMPILE_THREADS=2 OMP_NUM_THREADS=2 TORCHINDUCTOR_CACHE_DIR=/home/l30023782/PTA_213/recheck_20261010/isolated/cache/case-263 TORCHNPU_PRECOMPILE_THREADS=2 ASCEND_RT_VISIBLE_DEVICES=2,/home/l30023782/miniforge3/envs/pta_213_case/bin/python -m pytest -vs -p isolated_plugin --junitxml=/home/l30023782/PTA_213/recheck_20261010/isolated/results/case-263.xml test_unbacked_symints.py::TestUnbackedSymintsPRIVATEUSE1::test_triton_pow_type_mismatch_npu,test/inductor/test_unbacked_symints.py::TestUnbackedSymintsPRIVATEUSE1::test_triton_pow_type_mismatch_npu,/home/l30023782/PTA_213/recheck_20261010/isolated/results/case-263.log
264,test_unbacked_symints.py,test_triton_trunc_large_float_scalar_tensor,SKIP,1,0,0,0,1,0,0,13.518,0,1,"test_triton_trunc_large_float_scalar_tensor_npu: ('/home/l30023782/PTA_213/Community-Use-Case-Testing/v2.13.0/pytorch/test/inductor/test_unbacked_symints.py', 755, 'Skipped: requires gpu and triton')",TORCH_TRANSFER_TO_NPU=1 TORCH_NPU_DEVICE_CAPABILITY=8.0 TORCHINDUCTOR_COMPILE_THREADS=2 OMP_NUM_THREADS=2 TORCHINDUCTOR_CACHE_DIR=/home/l30023782/PTA_213/recheck_20261010/isolated/cache/case-264 TORCHNPU_PRECOMPILE_THREADS=2 ASCEND_RT_VISIBLE_DEVICES=1,/home/l30023782/miniforge3/envs/pta_213_case/bin/python -m pytest -vs -p isolated_plugin --junitxml=/home/l30023782/PTA_213/recheck_20261010/isolated/results/case-264.xml test_unbacked_symints.py::TestUnbackedSymintsPRIVATEUSE1::test_triton_trunc_large_float_scalar_tensor_npu,test/inductor/test_unbacked_symints.py::TestUnbackedSymintsPRIVATEUSE1::test_triton_trunc_large_float_scalar_tensor_npu,/home/l30023782/PTA_213/recheck_20261010/isolated/results/case-264.log
265,test_unbacked_symints.py,test_triton_trunc_float_scalar_tensor_preserves_positive_zero,SKIP,1,0,0,0,1,0,0,16.166,0,0,"test_triton_trunc_float_scalar_tensor_preserves_positive_zero_npu: ('/home/l30023782/PTA_213/Community-Use-Case-Testing/v2.13.0/pytorch/test/inductor/test_unbacked_symints.py', 772, 'Skipped: requires gpu and triton')",TORCH_TRANSFER_TO_NPU=1 TORCH_NPU_DEVICE_CAPABILITY=8.0 TORCHINDUCTOR_COMPILE_THREADS=2 OMP_NUM_THREADS=2 TORCHINDUCTOR_CACHE_DIR=/home/l30023782/PTA_213/recheck_20261010/isolated/cache/case-265 TORCHNPU_PRECOMPILE_THREADS=2 ASCEND_RT_VISIBLE_DEVICES=0,/home/l30023782/miniforge3/envs/pta_213_case/bin/python -m pytest -vs -p isolated_plugin --junitxml=/home/l30023782/PTA_213/recheck_20261010/isolated/results/case-265.xml test_unbacked_symints.py::TestUnbackedSymintsPRIVATEUSE1::test_triton_trunc_float_scalar_tensor_preserves_positive_zero_npu,test/inductor/test_unbacked_symints.py::TestUnbackedSymintsPRIVATEUSE1::test_triton_trunc_float_scalar_tensor_preserves_positive_zero_npu,/home/l30023782/PTA_213/recheck_20261010/isolated/results/case-265.log
266,test_unbacked_symints.py,test_triton_pow_symbolic_int_exponent,SKIP,1,0,0,0,1,0,0,14.863,0,2,"test_triton_pow_symbolic_int_exponent_npu: ('/home/l30023782/PTA_213/Community-Use-Case-Testing/v2.13.0/pytorch/test/inductor/test_unbacked_symints.py', 790, 'Skipped: requires gpu and triton')",TORCH_TRANSFER_TO_NPU=1 TORCH_NPU_DEVICE_CAPABILITY=8.0 TORCHINDUCTOR_COMPILE_THREADS=2 OMP_NUM_THREADS=2 TORCHINDUCTOR_CACHE_DIR=/home/l30023782/PTA_213/recheck_20261010/isolated/cache/case-266 TORCHNPU_PRECOMPILE_THREADS=2 ASCEND_RT_VISIBLE_DEVICES=2,/home/l30023782/miniforge3/envs/pta_213_case/bin/python -m pytest -vs -p isolated_plugin --junitxml=/home/l30023782/PTA_213/recheck_20261010/isolated/results/case-266.xml test_unbacked_symints.py::TestUnbackedSymintsPRIVATEUSE1::test_triton_pow_symbolic_int_exponent_npu,test/inductor/test_unbacked_symints.py::TestUnbackedSymintsPRIVATEUSE1::test_triton_pow_symbolic_int_exponent_npu,/home/l30023782/PTA_213/recheck_20261010/isolated/results/case-266.log
267,test_unbacked_symints.py,test_triton_pow_symbolic_negative_int_exponent,SKIP,1,0,0,0,1,0,0,15.807,0,1,"test_triton_pow_symbolic_negative_int_exponent_npu: ('/home/l30023782/PTA_213/Community-Use-Case-Testing/v2.13.0/pytorch/test/inductor/test_unbacked_symints.py', 827, 'Skipped: requires gpu and triton')",TORCH_TRANSFER_TO_NPU=1 TORCH_NPU_DEVICE_CAPABILITY=8.0 TORCHINDUCTOR_COMPILE_THREADS=2 OMP_NUM_THREADS=2 TORCHINDUCTOR_CACHE_DIR=/home/l30023782/PTA_213/recheck_20261010/isolated/cache/case-267 TORCHNPU_PRECOMPILE_THREADS=2 ASCEND_RT_VISIBLE_DEVICES=1,/home/l30023782/miniforge3/envs/pta_213_case/bin/python -m pytest -vs -p isolated_plugin --junitxml=/home/l30023782/PTA_213/recheck_20261010/isolated/results/case-267.xml test_unbacked_symints.py::TestUnbackedSymintsPRIVATEUSE1::test_triton_pow_symbolic_negative_int_exponent_npu,test/inductor/test_unbacked_symints.py::TestUnbackedSymintsPRIVATEUSE1::test_triton_pow_symbolic_negative_int_exponent_npu,/home/l30023782/PTA_213/recheck_20261010/isolated/results/case-267.log
268,test_unbacked_symints.py,test_slice_unbacked_bindings_with_later_constraint,SKIP,1,0,0,0,1,0,0,17.105,0,0,"test_slice_unbacked_bindings_with_later_constraint_npu: ('/home/l30023782/PTA_213/Community-Use-Case-Testing/v2.13.0/pytorch/test/inductor/test_unbacked_symints.py', 843, 'Skipped: requires gpu and triton')",TORCH_TRANSFER_TO_NPU=1 TORCH_NPU_DEVICE_CAPABILITY=8.0 TORCHINDUCTOR_COMPILE_THREADS=2 OMP_NUM_THREADS=2 TORCHINDUCTOR_CACHE_DIR=/home/l30023782/PTA_213/recheck_20261010/isolated/cache/case-268 TORCHNPU_PRECOMPILE_THREADS=2 ASCEND_RT_VISIBLE_DEVICES=0,/home/l30023782/miniforge3/envs/pta_213_case/bin/python -m pytest -vs -p isolated_plugin --junitxml=/home/l30023782/PTA_213/recheck_20261010/isolated/results/case-268.xml test_unbacked_symints.py::TestUnbackedSymintsPRIVATEUSE1::test_slice_unbacked_bindings_with_later_constraint_npu,test/inductor/test_unbacked_symints.py::TestUnbackedSymintsPRIVATEUSE1::test_slice_unbacked_bindings_with_later_constraint_npu,/home/l30023782/PTA_213/recheck_20261010/isolated/results/case-268.log
269,test_unbacked_symints.py,test_standalone_compile_reuses_fallback_unbacked_binding,SKIP,1,0,0,0,1,0,0,16.304,0,2,"test_standalone_compile_reuses_fallback_unbacked_binding_npu: ('/home/l30023782/PTA_213/Community-Use-Case-Testing/v2.13.0/pytorch/test/inductor/test_unbacked_symints.py', 873, 'Skipped: requires gpu and triton')",TORCH_TRANSFER_TO_NPU=1 TORCH_NPU_DEVICE_CAPABILITY=8.0 TORCHINDUCTOR_COMPILE_THREADS=2 OMP_NUM_THREADS=2 TORCHINDUCTOR_CACHE_DIR=/home/l30023782/PTA_213/recheck_20261010/isolated/cache/case-269 TORCHNPU_PRECOMPILE_THREADS=2 ASCEND_RT_VISIBLE_DEVICES=2,/home/l30023782/miniforge3/envs/pta_213_case/bin/python -m pytest -vs -p isolated_plugin --junitxml=/home/l30023782/PTA_213/recheck_20261010/isolated/results/case-269.xml test_unbacked_symints.py::TestUnbackedSymintsPRIVATEUSE1::test_standalone_compile_reuses_fallback_unbacked_binding_npu,test/inductor/test_unbacked_symints.py::TestUnbackedSymintsPRIVATEUSE1::test_standalone_compile_reuses_fallback_unbacked_binding_npu,/home/l30023782/PTA_213/recheck_20261010/isolated/results/case-269.log
270,test_unbacked_symints.py,test_override_optimization_hint_compiled,PASS,1,1,0,0,0,0,0,21.443,0,1,,TORCH_TRANSFER_TO_NPU=1 TORCH_NPU_DEVICE_CAPABILITY=8.0 TORCHINDUCTOR_COMPILE_THREADS=2 OMP_NUM_THREADS=2 TORCHINDUCTOR_CACHE_DIR=/home/l30023782/PTA_213/recheck_20261010/isolated/cache/case-270 TORCHNPU_PRECOMPILE_THREADS=2 ASCEND_RT_VISIBLE_DEVICES=1,/home/l30023782/miniforge3/envs/pta_213_case/bin/python -m pytest -vs -p isolated_plugin --junitxml=/home/l30023782/PTA_213/recheck_20261010/isolated/results/case-270.xml test_unbacked_symints.py::TestUnbackedSymintsPRIVATEUSE1::test_override_optimization_hint_compiled_npu,test/inductor/test_unbacked_symints.py::TestUnbackedSymintsPRIVATEUSE1::test_override_optimization_hint_compiled_npu,/home/l30023782/PTA_213/recheck_20261010/isolated/results/case-270.log
271,test_unbacked_symints.py,test_override_optimization_hint_compiled_tolist,PASS,1,1,0,0,0,0,0,22.22,0,2,,TORCH_TRANSFER_TO_NPU=1 TORCH_NPU_DEVICE_CAPABILITY=8.0 TORCHINDUCTOR_COMPILE_THREADS=2 OMP_NUM_THREADS=2 TORCHINDUCTOR_CACHE_DIR=/home/l30023782/PTA_213/recheck_20261010/isolated/cache/case-271 TORCHNPU_PRECOMPILE_THREADS=2 ASCEND_RT_VISIBLE_DEVICES=2,/home/l30023782/miniforge3/envs/pta_213_case/bin/python -m pytest -vs -p isolated_plugin --junitxml=/home/l30023782/PTA_213/recheck_20261010/isolated/results/case-271.xml test_unbacked_symints.py::TestUnbackedSymintsPRIVATEUSE1::test_override_optimization_hint_compiled_tolist_npu,test/inductor/test_unbacked_symints.py::TestUnbackedSymintsPRIVATEUSE1::test_override_optimization_hint_compiled_tolist_npu,/home/l30023782/PTA_213/recheck_20261010/isolated/results/case-271.log
272,test_unbacked_symints.py,test_override_optimization_hint_multiple_items,PASS,1,1,0,0,0,0,0,18.035,0,0,,TORCH_TRANSFER_TO_NPU=1 TORCH_NPU_DEVICE_CAPABILITY=8.0 TORCHINDUCTOR_COMPILE_THREADS=2 OMP_NUM_THREADS=2 TORCHINDUCTOR_CACHE_DIR=/home/l30023782/PTA_213/recheck_20261010/isolated/cache/case-272 TORCHNPU_PRECOMPILE_THREADS=2 ASCEND_RT_VISIBLE_DEVICES=0,/home/l30023782/miniforge3/envs/pta_213_case/bin/python -m pytest -vs -p isolated_plugin --junitxml=/home/l30023782/PTA_213/recheck_20261010/isolated/results/case-272.xml test_unbacked_symints.py::TestUnbackedSymintsPRIVATEUSE1::test_override_optimization_hint_multiple_items_npu,test/inductor/test_unbacked_symints.py::TestUnbackedSymintsPRIVATEUSE1::test_override_optimization_hint_multiple_items_npu,/home/l30023782/PTA_213/recheck_20261010/isolated/results/case-272.log
273,test_unbacked_symints.py,test_cat_sympy_channels_last_contiguous,SKIP,1,0,0,0,1,0,0,15.338,0,1,"test_cat_sympy_channels_last_contiguous_npu: ('/home/l30023782/PTA_213/Community-Use-Case-Testing/v2.13.0/pytorch/test/inductor/test_unbacked_symints.py', 1117, 'Skipped: requires gpu and triton')",TORCH_TRANSFER_TO_NPU=1 TORCH_NPU_DEVICE_CAPABILITY=8.0 TORCHINDUCTOR_COMPILE_THREADS=2 OMP_NUM_THREADS=2 TORCHINDUCTOR_CACHE_DIR=/home/l30023782/PTA_213/recheck_20261010/isolated/cache/case-273 TORCHNPU_PRECOMPILE_THREADS=2 ASCEND_RT_VISIBLE_DEVICES=1,/home/l30023782/miniforge3/envs/pta_213_case/bin/python -m pytest -vs -p isolated_plugin --junitxml=/home/l30023782/PTA_213/recheck_20261010/isolated/results/case-273.xml test_unbacked_symints.py::TestUnbackedSymintsPRIVATEUSE1::test_cat_sympy_channels_last_contiguous_npu,test/inductor/test_unbacked_symints.py::TestUnbackedSymintsPRIVATEUSE1::test_cat_sympy_channels_last_contiguous_npu,/home/l30023782/PTA_213/recheck_20261010/isolated/results/case-273.log
274,test_torchinductor_dynamic_shapes.py,test_constant_fold_uniform_value_dynamic,PROCESS_ERROR,0,0,0,0,0,0,0,14.636,4,0,,TORCH_TRANSFER_TO_NPU=1 TORCH_NPU_DEVICE_CAPABILITY=8.0 TORCHINDUCTOR_COMPILE_THREADS=2 OMP_NUM_THREADS=2 TORCHINDUCTOR_CACHE_DIR=/home/l30023782/PTA_213/recheck_20261010/isolated/cache/case-274 TORCHNPU_PRECOMPILE_THREADS=2 ASCEND_RT_VISIBLE_DEVICES=0,/home/l30023782/miniforge3/envs/pta_213_case/bin/python -m pytest -vs -p isolated_plugin --junitxml=/home/l30023782/PTA_213/recheck_20261010/isolated/results/case-274.xml test_torchinductor_dynamic_shapes.py::TestInductorDynamicNPU::test_constant_fold_uniform_value_dynamic_npu,test/inductor/test_torchinductor_dynamic_shapes.py::TestInductorDynamicNPU::test_constant_fold_uniform_value_dynamic_npu,/home/l30023782/PTA_213/recheck_20261010/isolated/results/case-274.log
275,test_torchinductor_dynamic_shapes.py,test_constant_fold_uniform_value_self_referential_shape,PROCESS_ERROR,0,0,0,0,0,0,0,14.8,4,2,,TORCH_TRANSFER_TO_NPU=1 TORCH_NPU_DEVICE_CAPABILITY=8.0 TORCHINDUCTOR_COMPILE_THREADS=2 OMP_NUM_THREADS=2 TORCHINDUCTOR_CACHE_DIR=/home/l30023782/PTA_213/recheck_20261010/isolated/cache/case-275 TORCHNPU_PRECOMPILE_THREADS=2 ASCEND_RT_VISIBLE_DEVICES=2,/home/l30023782/miniforge3/envs/pta_213_case/bin/python -m pytest -vs -p isolated_plugin --junitxml=/home/l30023782/PTA_213/recheck_20261010/isolated/results/case-275.xml test_torchinductor_dynamic_shapes.py::TestInductorDynamicNPU::test_constant_fold_uniform_value_self_referential_shape_npu,test/inductor/test_torchinductor_dynamic_shapes.py::TestInductorDynamicNPU::test_constant_fold_uniform_value_self_referential_shape_npu,/home/l30023782/PTA_213/recheck_20261010/isolated/results/case-275.log
276,test_torchinductor_dynamic_shapes.py,test_arange_dynamic,PROCESS_ERROR,0,0,0,0,0,0,0,13.8,4,1,,TORCH_TRANSFER_TO_NPU=1 TORCH_NPU_DEVICE_CAPABILITY=8.0 TORCHINDUCTOR_COMPILE_THREADS=2 OMP_NUM_THREADS=2 TORCHINDUCTOR_CACHE_DIR=/home/l30023782/PTA_213/recheck_20261010/isolated/cache/case-276 TORCHNPU_PRECOMPILE_THREADS=2 ASCEND_RT_VISIBLE_DEVICES=1,/home/l30023782/miniforge3/envs/pta_213_case/bin/python -m pytest -vs -p isolated_plugin --junitxml=/home/l30023782/PTA_213/recheck_20261010/isolated/results/case-276.xml test_torchinductor_dynamic_shapes.py::TestInductorDynamicNPU::test_arange_dynamic_npu,test/inductor/test_torchinductor_dynamic_shapes.py::TestInductorDynamicNPU::test_arange_dynamic_npu,/home/l30023782/PTA_213/recheck_20261010/isolated/results/case-276.log
277,test_torchinductor_dynamic_shapes.py,test_shape_as_constant_reciprocal_float_exp,PROCESS_ERROR,0,0,0,0,0,0,0,13.336,4,0,,TORCH_TRANSFER_TO_NPU=1 TORCH_NPU_DEVICE_CAPABILITY=8.0 TORCHINDUCTOR_COMPILE_THREADS=2 OMP_NUM_THREADS=2 TORCHINDUCTOR_CACHE_DIR=/home/l30023782/PTA_213/recheck_20261010/isolated/cache/case-277 TORCHNPU_PRECOMPILE_THREADS=2 ASCEND_RT_VISIBLE_DEVICES=0,/home/l30023782/miniforge3/envs/pta_213_case/bin/python -m pytest -vs -p isolated_plugin --junitxml=/home/l30023782/PTA_213/recheck_20261010/isolated/results/case-277.xml test_torchinductor_dynamic_shapes.py::TestInductorDynamicNPU::test_shape_as_constant_reciprocal_float_exp_npu,test/inductor/test_torchinductor_dynamic_shapes.py::TestInductorDynamicNPU::test_shape_as_constant_reciprocal_float_exp_npu,/home/l30023782/PTA_213/recheck_20261010/isolated/results/case-277.log
278,test_torchinductor_dynamic_shapes.py,test_bool_mask_nobreak,PROCESS_ERROR,0,0,0,0,0,0,0,14.626,4,2,,TORCH_TRANSFER_TO_NPU=1 TORCH_NPU_DEVICE_CAPABILITY=8.0 TORCHINDUCTOR_COMPILE_THREADS=2 OMP_NUM_THREADS=2 TORCHINDUCTOR_CACHE_DIR=/home/l30023782/PTA_213/recheck_20261010/isolated/cache/case-278 TORCHNPU_PRECOMPILE_THREADS=2 ASCEND_RT_VISIBLE_DEVICES=2,/home/l30023782/miniforge3/envs/pta_213_case/bin/python -m pytest -vs -p isolated_plugin --junitxml=/home/l30023782/PTA_213/recheck_20261010/isolated/results/case-278.xml test_torchinductor_dynamic_shapes.py::TestInductorDynamicNPU::test_bool_mask_nobreak_npu,test/inductor/test_torchinductor_dynamic_shapes.py::TestInductorDynamicNPU::test_bool_mask_nobreak_npu,/home/l30023782/PTA_213/recheck_20261010/isolated/results/case-278.log
279,test_torchinductor_dynamic_shapes.py,test_adaptive_max_pool3d_with_indices,PROCESS_ERROR,0,0,0,0,0,0,0,14.714,4,1,,TORCH_TRANSFER_TO_NPU=1 TORCH_NPU_DEVICE_CAPABILITY=8.0 TORCHINDUCTOR_COMPILE_THREADS=2 OMP_NUM_THREADS=2 TORCHINDUCTOR_CACHE_DIR=/home/l30023782/PTA_213/recheck_20261010/isolated/cache/case-279 TORCHNPU_PRECOMPILE_THREADS=2 ASCEND_RT_VISIBLE_DEVICES=1,/home/l30023782/miniforge3/envs/pta_213_case/bin/python -m pytest -vs -p isolated_plugin --junitxml=/home/l30023782/PTA_213/recheck_20261010/isolated/results/case-279.xml test_torchinductor_dynamic_shapes.py::TestInductorDynamicNPU::test_adaptive_max_pool3d_with_indices_npu,test/inductor/test_torchinductor_dynamic_shapes.py::TestInductorDynamicNPU::test_adaptive_max_pool3d_with_indices_npu,/home/l30023782/PTA_213/recheck_20261010/isolated/results/case-279.log
280,test_torchinductor_dynamic_shapes.py,test_unwrap_storage_didnt_work_repro,PROCESS_ERROR,0,0,0,0,0,0,0,14.551,4,0,,TORCH_TRANSFER_TO_NPU=1 TORCH_NPU_DEVICE_CAPABILITY=8.0 TORCHINDUCTOR_COMPILE_THREADS=2 OMP_NUM_THREADS=2 TORCHINDUCTOR_CACHE_DIR=/home/l30023782/PTA_213/recheck_20261010/isolated/cache/case-280 TORCHNPU_PRECOMPILE_THREADS=2 ASCEND_RT_VISIBLE_DEVICES=0,/home/l30023782/miniforge3/envs/pta_213_case/bin/python -m pytest -vs -p isolated_plugin --junitxml=/home/l30023782/PTA_213/recheck_20261010/isolated/results/case-280.xml test_torchinductor_dynamic_shapes.py::TestInductorDynamicNPU::test_unwrap_storage_didnt_work_repro_npu,test/inductor/test_torchinductor_dynamic_shapes.py::TestInductorDynamicNPU::test_unwrap_storage_didnt_work_repro_npu,/home/l30023782/PTA_213/recheck_20261010/isolated/results/case-280.log
281,test_torchinductor_dynamic_shapes.py,test_sym_sum_unbacked,PROCESS_ERROR,0,0,0,0,0,0,0,15.89,4,2,,TORCH_TRANSFER_TO_NPU=1 TORCH_NPU_DEVICE_CAPABILITY=8.0 TORCHINDUCTOR_COMPILE_THREADS=2 OMP_NUM_THREADS=2 TORCHINDUCTOR_CACHE_DIR=/home/l30023782/PTA_213/recheck_20261010/isolated/cache/case-281 TORCHNPU_PRECOMPILE_THREADS=2 ASCEND_RT_VISIBLE_DEVICES=2,/home/l30023782/miniforge3/envs/pta_213_case/bin/python -m pytest -vs -p isolated_plugin --junitxml=/home/l30023782/PTA_213/recheck_20261010/isolated/results/case-281.xml test_torchinductor_dynamic_shapes.py::TestInductorDynamicNPU::test_sym_sum_unbacked_npu,test/inductor/test_torchinductor_dynamic_shapes.py::TestInductorDynamicNPU::test_sym_sum_unbacked_npu,/home/l30023782/PTA_213/recheck_20261010/isolated/results/case-281.log
282,test_torchinductor_dynamic_shapes.py,test_nonzero_size_factory_nobreak,PROCESS_ERROR,0,0,0,0,0,0,0,15.038,4,1,,TORCH_TRANSFER_TO_NPU=1 TORCH_NPU_DEVICE_CAPABILITY=8.0 TORCHINDUCTOR_COMPILE_THREADS=2 OMP_NUM_THREADS=2 TORCHINDUCTOR_CACHE_DIR=/home/l30023782/PTA_213/recheck_20261010/isolated/cache/case-282 TORCHNPU_PRECOMPILE_THREADS=2 ASCEND_RT_VISIBLE_DEVICES=1,/home/l30023782/miniforge3/envs/pta_213_case/bin/python -m pytest -vs -p isolated_plugin --junitxml=/home/l30023782/PTA_213/recheck_20261010/isolated/results/case-282.xml test_torchinductor_dynamic_shapes.py::TestInductorDynamicNPU::test_nonzero_size_factory_nobreak_npu,test/inductor/test_torchinductor_dynamic_shapes.py::TestInductorDynamicNPU::test_nonzero_size_factory_nobreak_npu,/home/l30023782/PTA_213/recheck_20261010/isolated/results/case-282.log
283,test_torchinductor_dynamic_shapes.py,test_nonzero_no_realloc,PROCESS_ERROR,0,0,0,0,0,0,0,13.081,4,0,,TORCH_TRANSFER_TO_NPU=1 TORCH_NPU_DEVICE_CAPABILITY=8.0 TORCHINDUCTOR_COMPILE_THREADS=2 OMP_NUM_THREADS=2 TORCHINDUCTOR_CACHE_DIR=/home/l30023782/PTA_213/recheck_20261010/isolated/cache/case-283 TORCHNPU_PRECOMPILE_THREADS=2 ASCEND_RT_VISIBLE_DEVICES=0,/home/l30023782/miniforge3/envs/pta_213_case/bin/python -m pytest -vs -p isolated_plugin --junitxml=/home/l30023782/PTA_213/recheck_20261010/isolated/results/case-283.xml test_torchinductor_dynamic_shapes.py::TestInductorDynamicNPU::test_nonzero_no_realloc_npu,test/inductor/test_torchinductor_dynamic_shapes.py::TestInductorDynamicNPU::test_nonzero_no_realloc_npu,/home/l30023782/PTA_213/recheck_20261010/isolated/results/case-283.log
284,test_torchinductor_dynamic_shapes.py,test_item_nobreak,PROCESS_ERROR,0,0,0,0,0,0,0,15.568,4,2,,TORCH_TRANSFER_TO_NPU=1 TORCH_NPU_DEVICE_CAPABILITY=8.0 TORCHINDUCTOR_COMPILE_THREADS=2 OMP_NUM_THREADS=2 TORCHINDUCTOR_CACHE_DIR=/home/l30023782/PTA_213/recheck_20261010/isolated/cache/case-284 TORCHNPU_PRECOMPILE_THREADS=2 ASCEND_RT_VISIBLE_DEVICES=2,/home/l30023782/miniforge3/envs/pta_213_case/bin/python -m pytest -vs -p isolated_plugin --junitxml=/home/l30023782/PTA_213/recheck_20261010/isolated/results/case-284.xml test_torchinductor_dynamic_shapes.py::TestInductorDynamicNPU::test_item_nobreak_npu,test/inductor/test_torchinductor_dynamic_shapes.py::TestInductorDynamicNPU::test_item_nobreak_npu,/home/l30023782/PTA_213/recheck_20261010/isolated/results/case-284.log
285,test_torchinductor_dynamic_shapes.py,test_item_bool_nobreak,PROCESS_ERROR,0,0,0,0,0,0,0,14.489,4,1,,TORCH_TRANSFER_TO_NPU=1 TORCH_NPU_DEVICE_CAPABILITY=8.0 TORCHINDUCTOR_COMPILE_THREADS=2 OMP_NUM_THREADS=2 TORCHINDUCTOR_CACHE_DIR=/home/l30023782/PTA_213/recheck_20261010/isolated/cache/case-285 TORCHNPU_PRECOMPILE_THREADS=2 ASCEND_RT_VISIBLE_DEVICES=1,/home/l30023782/miniforge3/envs/pta_213_case/bin/python -m pytest -vs -p isolated_plugin --junitxml=/home/l30023782/PTA_213/recheck_20261010/isolated/results/case-285.xml test_torchinductor_dynamic_shapes.py::TestInductorDynamicNPU::test_item_bool_nobreak_npu,test/inductor/test_torchinductor_dynamic_shapes.py::TestInductorDynamicNPU::test_item_bool_nobreak_npu,/home/l30023782/PTA_213/recheck_20261010/isolated/results/case-285.log
286,test_torchinductor_dynamic_shapes.py,test_noops_tensor_repropagate,PROCESS_ERROR,0,0,0,0,0,0,0,13.472,4,0,,TORCH_TRANSFER_TO_NPU=1 TORCH_NPU_DEVICE_CAPABILITY=8.0 TORCHINDUCTOR_COMPILE_THREADS=2 OMP_NUM_THREADS=2 TORCHINDUCTOR_CACHE_DIR=/home/l30023782/PTA_213/recheck_20261010/isolated/cache/case-286 TORCHNPU_PRECOMPILE_THREADS=2 ASCEND_RT_VISIBLE_DEVICES=0,/home/l30023782/miniforge3/envs/pta_213_case/bin/python -m pytest -vs -p isolated_plugin --junitxml=/home/l30023782/PTA_213/recheck_20261010/isolated/results/case-286.xml test_torchinductor_dynamic_shapes.py::TestInductorDynamicNPU::test_noops_tensor_repropagate_npu,test/inductor/test_torchinductor_dynamic_shapes.py::TestInductorDynamicNPU::test_noops_tensor_repropagate_npu,/home/l30023782/PTA_213/recheck_20261010/isolated/results/case-286.log
287,test_torchinductor_dynamic_shapes.py,test_item_zeros_nobreak,PROCESS_ERROR,0,0,0,0,0,0,0,13.832,4,2,,TORCH_TRANSFER_TO_NPU=1 TORCH_NPU_DEVICE_CAPABILITY=8.0 TORCHINDUCTOR_COMPILE_THREADS=2 OMP_NUM_THREADS=2 TORCHINDUCTOR_CACHE_DIR=/home/l30023782/PTA_213/recheck_20261010/isolated/cache/case-287 TORCHNPU_PRECOMPILE_THREADS=2 ASCEND_RT_VISIBLE_DEVICES=2,/home/l30023782/miniforge3/envs/pta_213_case/bin/python -m pytest -vs -p isolated_plugin --junitxml=/home/l30023782/PTA_213/recheck_20261010/isolated/results/case-287.xml test_torchinductor_dynamic_shapes.py::TestInductorDynamicNPU::test_item_zeros_nobreak_npu,test/inductor/test_torchinductor_dynamic_shapes.py::TestInductorDynamicNPU::test_item_zeros_nobreak_npu,/home/l30023782/PTA_213/recheck_20261010/isolated/results/case-287.log
288,test_torchinductor_dynamic_shapes.py,test_item_return,PROCESS_ERROR,0,0,0,0,0,0,0,14.71,4,1,,TORCH_TRANSFER_TO_NPU=1 TORCH_NPU_DEVICE_CAPABILITY=8.0 TORCHINDUCTOR_COMPILE_THREADS=2 OMP_NUM_THREADS=2 TORCHINDUCTOR_CACHE_DIR=/home/l30023782/PTA_213/recheck_20261010/isolated/cache/case-288 TORCHNPU_PRECOMPILE_THREADS=2 ASCEND_RT_VISIBLE_DEVICES=1,/home/l30023782/miniforge3/envs/pta_213_case/bin/python -m pytest -vs -p isolated_plugin --junitxml=/home/l30023782/PTA_213/recheck_20261010/isolated/results/case-288.xml test_torchinductor_dynamic_shapes.py::TestInductorDynamicNPU::test_item_return_npu,test/inductor/test_torchinductor_dynamic_shapes.py::TestInductorDynamicNPU::test_item_return_npu,/home/l30023782/PTA_213/recheck_20261010/isolated/results/case-288.log
289,test_torchinductor_dynamic_shapes.py,test_float_item_inf,PROCESS_ERROR,0,0,0,0,0,0,0,14.612,4,0,,TORCH_TRANSFER_TO_NPU=1 TORCH_NPU_DEVICE_CAPABILITY=8.0 TORCHINDUCTOR_COMPILE_THREADS=2 OMP_NUM_THREADS=2 TORCHINDUCTOR_CACHE_DIR=/home/l30023782/PTA_213/recheck_20261010/isolated/cache/case-289 TORCHNPU_PRECOMPILE_THREADS=2 ASCEND_RT_VISIBLE_DEVICES=0,/home/l30023782/miniforge3/envs/pta_213_case/bin/python -m pytest -vs -p isolated_plugin --junitxml=/home/l30023782/PTA_213/recheck_20261010/isolated/results/case-289.xml test_torchinductor_dynamic_shapes.py::TestInductorDynamicNPU::test_float_item_inf_npu,test/inductor/test_torchinductor_dynamic_shapes.py::TestInductorDynamicNPU::test_float_item_inf_npu,/home/l30023782/PTA_213/recheck_20261010/isolated/results/case-289.log
290,test_torchinductor_dynamic_shapes.py,test_float_item_neginf,PROCESS_ERROR,0,0,0,0,0,0,0,14.662,4,2,,TORCH_TRANSFER_TO_NPU=1 TORCH_NPU_DEVICE_CAPABILITY=8.0 TORCHINDUCTOR_COMPILE_THREADS=2 OMP_NUM_THREADS=2 TORCHINDUCTOR_CACHE_DIR=/home/l30023782/PTA_213/recheck_20261010/isolated/cache/case-290 TORCHNPU_PRECOMPILE_THREADS=2 ASCEND_RT_VISIBLE_DEVICES=2,/home/l30023782/miniforge3/envs/pta_213_case/bin/python -m pytest -vs -p isolated_plugin --junitxml=/home/l30023782/PTA_213/recheck_20261010/isolated/results/case-290.xml test_torchinductor_dynamic_shapes.py::TestInductorDynamicNPU::test_float_item_neginf_npu,test/inductor/test_torchinductor_dynamic_shapes.py::TestInductorDynamicNPU::test_float_item_neginf_npu,/home/l30023782/PTA_213/recheck_20261010/isolated/results/case-290.log
291,test_torchinductor_dynamic_shapes.py,test_item_to_inputs_kernel_nobreak,PROCESS_ERROR,0,0,0,0,0,0,0,14.789,4,1,,TORCH_TRANSFER_TO_NPU=1 TORCH_NPU_DEVICE_CAPABILITY=8.0 TORCHINDUCTOR_COMPILE_THREADS=2 OMP_NUM_THREADS=2 TORCHINDUCTOR_CACHE_DIR=/home/l30023782/PTA_213/recheck_20261010/isolated/cache/case-291 TORCHNPU_PRECOMPILE_THREADS=2 ASCEND_RT_VISIBLE_DEVICES=1,/home/l30023782/miniforge3/envs/pta_213_case/bin/python -m pytest -vs -p isolated_plugin --junitxml=/home/l30023782/PTA_213/recheck_20261010/isolated/results/case-291.xml test_torchinductor_dynamic_shapes.py::TestInductorDynamicNPU::test_item_to_inputs_kernel_nobreak_npu,test/inductor/test_torchinductor_dynamic_shapes.py::TestInductorDynamicNPU::test_item_to_inputs_kernel_nobreak_npu,/home/l30023782/PTA_213/recheck_20261010/isolated/results/case-291.log
292,test_torchinductor_dynamic_shapes.py,test_float_item_return,PROCESS_ERROR,0,0,0,0,0,0,0,14.764,4,0,,TORCH_TRANSFER_TO_NPU=1 TORCH_NPU_DEVICE_CAPABILITY=8.0 TORCHINDUCTOR_COMPILE_THREADS=2 OMP_NUM_THREADS=2 TORCHINDUCTOR_CACHE_DIR=/home/l30023782/PTA_213/recheck_20261010/isolated/cache/case-292 TORCHNPU_PRECOMPILE_THREADS=2 ASCEND_RT_VISIBLE_DEVICES=0,/home/l30023782/miniforge3/envs/pta_213_case/bin/python -m pytest -vs -p isolated_plugin --junitxml=/home/l30023782/PTA_213/recheck_20261010/isolated/results/case-292.xml test_torchinductor_dynamic_shapes.py::TestInductorDynamicNPU::test_float_item_return_npu,test/inductor/test_torchinductor_dynamic_shapes.py::TestInductorDynamicNPU::test_float_item_return_npu,/home/l30023782/PTA_213/recheck_20261010/isolated/results/case-292.log
293,test_torchinductor_dynamic_shapes.py,test_unbacked_index_select,PROCESS_ERROR,0,0,0,0,0,0,0,14.965,4,2,,TORCH_TRANSFER_TO_NPU=1 TORCH_NPU_DEVICE_CAPABILITY=8.0 TORCHINDUCTOR_COMPILE_THREADS=2 OMP_NUM_THREADS=2 TORCHINDUCTOR_CACHE_DIR=/home/l30023782/PTA_213/recheck_20261010/isolated/cache/case-293 TORCHNPU_PRECOMPILE_THREADS=2 ASCEND_RT_VISIBLE_DEVICES=2,/home/l30023782/miniforge3/envs/pta_213_case/bin/python -m pytest -vs -p isolated_plugin --junitxml=/home/l30023782/PTA_213/recheck_20261010/isolated/results/case-293.xml test_torchinductor_dynamic_shapes.py::TestInductorDynamicNPU::test_unbacked_index_select_npu,test/inductor/test_torchinductor_dynamic_shapes.py::TestInductorDynamicNPU::test_unbacked_index_select_npu,/home/l30023782/PTA_213/recheck_20261010/isolated/results/case-293.log
294,test_torchinductor_dynamic_shapes.py,test_return_unbacked_view_split,PROCESS_ERROR,0,0,0,0,0,0,0,14.312,4,1,,TORCH_TRANSFER_TO_NPU=1 TORCH_NPU_DEVICE_CAPABILITY=8.0 TORCHINDUCTOR_COMPILE_THREADS=2 OMP_NUM_THREADS=2 TORCHINDUCTOR_CACHE_DIR=/home/l30023782/PTA_213/recheck_20261010/isolated/cache/case-294 TORCHNPU_PRECOMPILE_THREADS=2 ASCEND_RT_VISIBLE_DEVICES=1,/home/l30023782/miniforge3/envs/pta_213_case/bin/python -m pytest -vs -p isolated_plugin --junitxml=/home/l30023782/PTA_213/recheck_20261010/isolated/results/case-294.xml test_torchinductor_dynamic_shapes.py::TestInductorDynamicNPU::test_return_unbacked_view_split_npu,test/inductor/test_torchinductor_dynamic_shapes.py::TestInductorDynamicNPU::test_return_unbacked_view_split_npu,/home/l30023782/PTA_213/recheck_20261010/isolated/results/case-294.log
295,test_torchinductor_dynamic_shapes.py,test_unbacked_matmul,PROCESS_ERROR,0,0,0,0,0,0,0,14.347,4,0,,TORCH_TRANSFER_TO_NPU=1 TORCH_NPU_DEVICE_CAPABILITY=8.0 TORCHINDUCTOR_COMPILE_THREADS=2 OMP_NUM_THREADS=2 TORCHINDUCTOR_CACHE_DIR=/home/l30023782/PTA_213/recheck_20261010/isolated/cache/case-295 TORCHNPU_PRECOMPILE_THREADS=2 ASCEND_RT_VISIBLE_DEVICES=0,/home/l30023782/miniforge3/envs/pta_213_case/bin/python -m pytest -vs -p isolated_plugin --junitxml=/home/l30023782/PTA_213/recheck_20261010/isolated/results/case-295.xml test_torchinductor_dynamic_shapes.py::TestInductorDynamicNPU::test_unbacked_matmul_npu,test/inductor/test_torchinductor_dynamic_shapes.py::TestInductorDynamicNPU::test_unbacked_matmul_npu,/home/l30023782/PTA_213/recheck_20261010/isolated/results/case-295.log
296,test_torchinductor_dynamic_shapes.py,test_unbacked_save_for_backwards,PROCESS_ERROR,0,0,0,0,0,0,0,16.769,4,2,,TORCH_TRANSFER_TO_NPU=1 TORCH_NPU_DEVICE_CAPABILITY=8.0 TORCHINDUCTOR_COMPILE_THREADS=2 OMP_NUM_THREADS=2 TORCHINDUCTOR_CACHE_DIR=/home/l30023782/PTA_213/recheck_20261010/isolated/cache/case-296 TORCHNPU_PRECOMPILE_THREADS=2 ASCEND_RT_VISIBLE_DEVICES=2,/home/l30023782/miniforge3/envs/pta_213_case/bin/python -m pytest -vs -p isolated_plugin --junitxml=/home/l30023782/PTA_213/recheck_20261010/isolated/results/case-296.xml test_torchinductor_dynamic_shapes.py::TestInductorDynamicNPU::test_unbacked_save_for_backwards_npu,test/inductor/test_torchinductor_dynamic_shapes.py::TestInductorDynamicNPU::test_unbacked_save_for_backwards_npu,/home/l30023782/PTA_213/recheck_20261010/isolated/results/case-296.log
297,test_torchinductor_dynamic_shapes.py,test_unbacked_reduction,PROCESS_ERROR,0,0,0,0,0,0,0,15.116,4,1,,TORCH_TRANSFER_TO_NPU=1 TORCH_NPU_DEVICE_CAPABILITY=8.0 TORCHINDUCTOR_COMPILE_THREADS=2 OMP_NUM_THREADS=2 TORCHINDUCTOR_CACHE_DIR=/home/l30023782/PTA_213/recheck_20261010/isolated/cache/case-297 TORCHNPU_PRECOMPILE_THREADS=2 ASCEND_RT_VISIBLE_DEVICES=1,/home/l30023782/miniforge3/envs/pta_213_case/bin/python -m pytest -vs -p isolated_plugin --junitxml=/home/l30023782/PTA_213/recheck_20261010/isolated/results/case-297.xml test_torchinductor_dynamic_shapes.py::TestInductorDynamicNPU::test_unbacked_reduction_npu,test/inductor/test_torchinductor_dynamic_shapes.py::TestInductorDynamicNPU::test_unbacked_reduction_npu,/home/l30023782/PTA_213/recheck_20261010/isolated/results/case-297.log
298,test_torchinductor_dynamic_shapes.py,test_cat_unbacked_duplicate_size,PROCESS_ERROR,0,0,0,0,0,0,0,15.691,4,0,,TORCH_TRANSFER_TO_NPU=1 TORCH_NPU_DEVICE_CAPABILITY=8.0 TORCHINDUCTOR_COMPILE_THREADS=2 OMP_NUM_THREADS=2 TORCHINDUCTOR_CACHE_DIR=/home/l30023782/PTA_213/recheck_20261010/isolated/cache/case-298 TORCHNPU_PRECOMPILE_THREADS=2 ASCEND_RT_VISIBLE_DEVICES=0,/home/l30023782/miniforge3/envs/pta_213_case/bin/python -m pytest -vs -p isolated_plugin --junitxml=/home/l30023782/PTA_213/recheck_20261010/isolated/results/case-298.xml test_torchinductor_dynamic_shapes.py::TestInductorDynamicNPU::test_cat_unbacked_duplicate_size_npu,test/inductor/test_torchinductor_dynamic_shapes.py::TestInductorDynamicNPU::test_cat_unbacked_duplicate_size_npu,/home/l30023782/PTA_213/recheck_20261010/isolated/results/case-298.log
299,test_torchinductor_dynamic_shapes.py,test_unbacked_cat_backwards,PROCESS_ERROR,0,0,0,0,0,0,0,14.813,4,1,,TORCH_TRANSFER_TO_NPU=1 TORCH_NPU_DEVICE_CAPABILITY=8.0 TORCHINDUCTOR_COMPILE_THREADS=2 OMP_NUM_THREADS=2 TORCHINDUCTOR_CACHE_DIR=/home/l30023782/PTA_213/recheck_20261010/isolated/cache/case-299 TORCHNPU_PRECOMPILE_THREADS=2 ASCEND_RT_VISIBLE_DEVICES=1,/home/l30023782/miniforge3/envs/pta_213_case/bin/python -m pytest -vs -p isolated_plugin --junitxml=/home/l30023782/PTA_213/recheck_20261010/isolated/results/case-299.xml test_torchinductor_dynamic_shapes.py::TestInductorDynamicNPU::test_unbacked_cat_backwards_npu,test/inductor/test_torchinductor_dynamic_shapes.py::TestInductorDynamicNPU::test_unbacked_cat_backwards_npu,/home/l30023782/PTA_213/recheck_20261010/isolated/results/case-299.log
300,test_torchinductor_dynamic_shapes.py,test_unbacked_cat_backwards_save_data_dependent,PROCESS_ERROR,0,0,0,0,0,0,0,14.914,4,2,,TORCH_TRANSFER_TO_NPU=1 TORCH_NPU_DEVICE_CAPABILITY=8.0 TORCHINDUCTOR_COMPILE_THREADS=2 OMP_NUM_THREADS=2 TORCHINDUCTOR_CACHE_DIR=/home/l30023782/PTA_213/recheck_20261010/isolated/cache/case-300 TORCHNPU_PRECOMPILE_THREADS=2 ASCEND_RT_VISIBLE_DEVICES=2,/home/l30023782/miniforge3/envs/pta_213_case/bin/python -m pytest -vs -p isolated_plugin --junitxml=/home/l30023782/PTA_213/recheck_20261010/isolated/results/case-300.xml test_torchinductor_dynamic_shapes.py::TestInductorDynamicNPU::test_unbacked_cat_backwards_save_data_dependent_npu,test/inductor/test_torchinductor_dynamic_shapes.py::TestInductorDynamicNPU::test_unbacked_cat_backwards_save_data_dependent_npu,/home/l30023782/PTA_213/recheck_20261010/isolated/results/case-300.log
301,test_torchinductor_dynamic_shapes.py,test_embedding_backward_dynamic_shapes_large_grid,PROCESS_ERROR,0,0,0,0,0,0,0,15.555,4,0,,TORCH_TRANSFER_TO_NPU=1 TORCH_NPU_DEVICE_CAPABILITY=8.0 TORCHINDUCTOR_COMPILE_THREADS=2 OMP_NUM_THREADS=2 TORCHINDUCTOR_CACHE_DIR=/home/l30023782/PTA_213/recheck_20261010/isolated/cache/case-301 TORCHNPU_PRECOMPILE_THREADS=2 ASCEND_RT_VISIBLE_DEVICES=0,/home/l30023782/miniforge3/envs/pta_213_case/bin/python -m pytest -vs -p isolated_plugin --junitxml=/home/l30023782/PTA_213/recheck_20261010/isolated/results/case-301.xml test_torchinductor_dynamic_shapes.py::TestInductorDynamicNPU::test_embedding_backward_dynamic_shapes_large_grid_npu,test/inductor/test_torchinductor_dynamic_shapes.py::TestInductorDynamicNPU::test_embedding_backward_dynamic_shapes_large_grid_npu,/home/l30023782/PTA_213/recheck_20261010/isolated/results/case-301.log
302,test_torchinductor_dynamic_shapes.py,test_dynamic_stride_nobreak,PROCESS_ERROR,0,0,0,0,0,0,0,13.281,4,1,,TORCH_TRANSFER_TO_NPU=1 TORCH_NPU_DEVICE_CAPABILITY=8.0 TORCHINDUCTOR_COMPILE_THREADS=2 OMP_NUM_THREADS=2 TORCHINDUCTOR_CACHE_DIR=/home/l30023782/PTA_213/recheck_20261010/isolated/cache/case-302 TORCHNPU_PRECOMPILE_THREADS=2 ASCEND_RT_VISIBLE_DEVICES=1,/home/l30023782/miniforge3/envs/pta_213_case/bin/python -m pytest -vs -p isolated_plugin --junitxml=/home/l30023782/PTA_213/recheck_20261010/isolated/results/case-302.xml test_torchinductor_dynamic_shapes.py::TestInductorDynamicNPU::test_dynamic_stride_nobreak_npu,test/inductor/test_torchinductor_dynamic_shapes.py::TestInductorDynamicNPU::test_dynamic_stride_nobreak_npu,/home/l30023782/PTA_213/recheck_20261010/isolated/results/case-302.log
303,test_torchinductor_dynamic_shapes.py,test_multi_output_unbacked_custom_op,PROCESS_ERROR,0,0,0,0,0,0,0,13.534,4,2,,TORCH_TRANSFER_TO_NPU=1 TORCH_NPU_DEVICE_CAPABILITY=8.0 TORCHINDUCTOR_COMPILE_THREADS=2 OMP_NUM_THREADS=2 TORCHINDUCTOR_CACHE_DIR=/home/l30023782/PTA_213/recheck_20261010/isolated/cache/case-303 TORCHNPU_PRECOMPILE_THREADS=2 ASCEND_RT_VISIBLE_DEVICES=2,/home/l30023782/miniforge3/envs/pta_213_case/bin/python -m pytest -vs -p isolated_plugin --junitxml=/home/l30023782/PTA_213/recheck_20261010/isolated/results/case-303.xml test_torchinductor_dynamic_shapes.py::TestInductorDynamicNPU::test_multi_output_unbacked_custom_op_npu,test/inductor/test_torchinductor_dynamic_shapes.py::TestInductorDynamicNPU::test_multi_output_unbacked_custom_op_npu,/home/l30023782/PTA_213/recheck_20261010/isolated/results/case-303.log
304,test_torchinductor_dynamic_shapes.py,test_meta_dynamic_shapes,PROCESS_ERROR,0,0,0,0,0,0,0,14.044,4,0,,TORCH_TRANSFER_TO_NPU=1 TORCH_NPU_DEVICE_CAPABILITY=8.0 TORCHINDUCTOR_COMPILE_THREADS=2 OMP_NUM_THREADS=2 TORCHINDUCTOR_CACHE_DIR=/home/l30023782/PTA_213/recheck_20261010/isolated/cache/case-304 TORCHNPU_PRECOMPILE_THREADS=2 ASCEND_RT_VISIBLE_DEVICES=0,/home/l30023782/miniforge3/envs/pta_213_case/bin/python -m pytest -vs -p isolated_plugin --junitxml=/home/l30023782/PTA_213/recheck_20261010/isolated/results/case-304.xml test_torchinductor_dynamic_shapes.py::TestInductorDynamicNPU::test_meta_dynamic_shapes_npu,test/inductor/test_torchinductor_dynamic_shapes.py::TestInductorDynamicNPU::test_meta_dynamic_shapes_npu,/home/l30023782/PTA_213/recheck_20261010/isolated/results/case-304.log
305,test_torchinductor_dynamic_shapes.py,test_floor,PROCESS_ERROR,0,0,0,0,0,0,0,14.613,4,1,,TORCH_TRANSFER_TO_NPU=1 TORCH_NPU_DEVICE_CAPABILITY=8.0 TORCHINDUCTOR_COMPILE_THREADS=2 OMP_NUM_THREADS=2 TORCHINDUCTOR_CACHE_DIR=/home/l30023782/PTA_213/recheck_20261010/isolated/cache/case-305 TORCHNPU_PRECOMPILE_THREADS=2 ASCEND_RT_VISIBLE_DEVICES=1,/home/l30023782/miniforge3/envs/pta_213_case/bin/python -m pytest -vs -p isolated_plugin --junitxml=/home/l30023782/PTA_213/recheck_20261010/isolated/results/case-305.xml test_torchinductor_dynamic_shapes.py::TestInductorDynamicNPU::test_floor_npu,test/inductor/test_torchinductor_dynamic_shapes.py::TestInductorDynamicNPU::test_floor_npu,/home/l30023782/PTA_213/recheck_20261010/isolated/results/case-305.log
306,test_torchinductor_dynamic_shapes.py,test_pad_dynamic,PROCESS_ERROR,0,0,0,0,0,0,0,14.412,4,2,,TORCH_TRANSFER_TO_NPU=1 TORCH_NPU_DEVICE_CAPABILITY=8.0 TORCHINDUCTOR_COMPILE_THREADS=2 OMP_NUM_THREADS=2 TORCHINDUCTOR_CACHE_DIR=/home/l30023782/PTA_213/recheck_20261010/isolated/cache/case-306 TORCHNPU_PRECOMPILE_THREADS=2 ASCEND_RT_VISIBLE_DEVICES=2,/home/l30023782/miniforge3/envs/pta_213_case/bin/python -m pytest -vs -p isolated_plugin --junitxml=/home/l30023782/PTA_213/recheck_20261010/isolated/results/case-306.xml test_torchinductor_dynamic_shapes.py::TestInductorDynamicNPU::test_pad_dynamic_npu,test/inductor/test_torchinductor_dynamic_shapes.py::TestInductorDynamicNPU::test_pad_dynamic_npu,/home/l30023782/PTA_213/recheck_20261010/isolated/results/case-306.log
307,test_torchinductor_dynamic_shapes.py,test_slice_scatter,PROCESS_ERROR,0,0,0,0,0,0,0,15.431,4,0,,TORCH_TRANSFER_TO_NPU=1 TORCH_NPU_DEVICE_CAPABILITY=8.0 TORCHINDUCTOR_COMPILE_THREADS=2 OMP_NUM_THREADS=2 TORCHINDUCTOR_CACHE_DIR=/home/l30023782/PTA_213/recheck_20261010/isolated/cache/case-307 TORCHNPU_PRECOMPILE_THREADS=2 ASCEND_RT_VISIBLE_DEVICES=0,/home/l30023782/miniforge3/envs/pta_213_case/bin/python -m pytest -vs -p isolated_plugin --junitxml=/home/l30023782/PTA_213/recheck_20261010/isolated/results/case-307.xml test_torchinductor_dynamic_shapes.py::TestInductorDynamicNPU::test_slice_scatter_npu,test/inductor/test_torchinductor_dynamic_shapes.py::TestInductorDynamicNPU::test_slice_scatter_npu,/home/l30023782/PTA_213/recheck_20261010/isolated/results/case-307.log
308,test_torchinductor_dynamic_shapes.py,test_slice_index_changing_sign,PROCESS_ERROR,0,0,0,0,0,0,0,14.747,4,1,,TORCH_TRANSFER_TO_NPU=1 TORCH_NPU_DEVICE_CAPABILITY=8.0 TORCHINDUCTOR_COMPILE_THREADS=2 OMP_NUM_THREADS=2 TORCHINDUCTOR_CACHE_DIR=/home/l30023782/PTA_213/recheck_20261010/isolated/cache/case-308 TORCHNPU_PRECOMPILE_THREADS=2 ASCEND_RT_VISIBLE_DEVICES=1,/home/l30023782/miniforge3/envs/pta_213_case/bin/python -m pytest -vs -p isolated_plugin --junitxml=/home/l30023782/PTA_213/recheck_20261010/isolated/results/case-308.xml test_torchinductor_dynamic_shapes.py::TestInductorDynamicNPU::test_slice_index_changing_sign_npu,test/inductor/test_torchinductor_dynamic_shapes.py::TestInductorDynamicNPU::test_slice_index_changing_sign_npu,/home/l30023782/PTA_213/recheck_20261010/isolated/results/case-308.log
309,test_torchinductor_dynamic_shapes.py,test_sym_stride_lowering,PROCESS_ERROR,0,0,0,0,0,0,0,13.743,4,2,,TORCH_TRANSFER_TO_NPU=1 TORCH_NPU_DEVICE_CAPABILITY=8.0 TORCHINDUCTOR_COMPILE_THREADS=2 OMP_NUM_THREADS=2 TORCHINDUCTOR_CACHE_DIR=/home/l30023782/PTA_213/recheck_20261010/isolated/cache/case-309 TORCHNPU_PRECOMPILE_THREADS=2 ASCEND_RT_VISIBLE_DEVICES=2,/home/l30023782/miniforge3/envs/pta_213_case/bin/python -m pytest -vs -p isolated_plugin --junitxml=/home/l30023782/PTA_213/recheck_20261010/isolated/results/case-309.xml test_torchinductor_dynamic_shapes.py::TestInductorDynamicNPU::test_sym_stride_lowering_npu,test/inductor/test_torchinductor_dynamic_shapes.py::TestInductorDynamicNPU::test_sym_stride_lowering_npu,/home/l30023782/PTA_213/recheck_20261010/isolated/results/case-309.log
310,test_torchinductor_dynamic_shapes.py,test_item_materialize,PROCESS_ERROR,0,0,0,0,0,0,0,14.31,4,0,,TORCH_TRANSFER_TO_NPU=1 TORCH_NPU_DEVICE_CAPABILITY=8.0 TORCHINDUCTOR_COMPILE_THREADS=2 OMP_NUM_THREADS=2 TORCHINDUCTOR_CACHE_DIR=/home/l30023782/PTA_213/recheck_20261010/isolated/cache/case-310 TORCHNPU_PRECOMPILE_THREADS=2 ASCEND_RT_VISIBLE_DEVICES=0,/home/l30023782/miniforge3/envs/pta_213_case/bin/python -m pytest -vs -p isolated_plugin --junitxml=/home/l30023782/PTA_213/recheck_20261010/isolated/results/case-310.xml test_torchinductor_dynamic_shapes.py::TestInductorDynamicNPU::test_item_materialize_npu,test/inductor/test_torchinductor_dynamic_shapes.py::TestInductorDynamicNPU::test_item_materialize_npu,/home/l30023782/PTA_213/recheck_20261010/isolated/results/case-310.log
311,test_torchinductor_dynamic_shapes.py,test_abs,PROCESS_ERROR,0,0,0,0,0,0,0,14.905,4,2,,TORCH_TRANSFER_TO_NPU=1 TORCH_NPU_DEVICE_CAPABILITY=8.0 TORCHINDUCTOR_COMPILE_THREADS=2 OMP_NUM_THREADS=2 TORCHINDUCTOR_CACHE_DIR=/home/l30023782/PTA_213/recheck_20261010/isolated/cache/case-311 TORCHNPU_PRECOMPILE_THREADS=2 ASCEND_RT_VISIBLE_DEVICES=2,/home/l30023782/miniforge3/envs/pta_213_case/bin/python -m pytest -vs -p isolated_plugin --junitxml=/home/l30023782/PTA_213/recheck_20261010/isolated/results/case-311.xml test_torchinductor_dynamic_shapes.py::TestInductorDynamicNPU::test_abs_npu,test/inductor/test_torchinductor_dynamic_shapes.py::TestInductorDynamicNPU::test_abs_npu,/home/l30023782/PTA_213/recheck_20261010/isolated/results/case-311.log
312,test_torchinductor_dynamic_shapes.py,test_float_is_integer,PROCESS_ERROR,0,0,0,0,0,0,0,14.805,4,1,,TORCH_TRANSFER_TO_NPU=1 TORCH_NPU_DEVICE_CAPABILITY=8.0 TORCHINDUCTOR_COMPILE_THREADS=2 OMP_NUM_THREADS=2 TORCHINDUCTOR_CACHE_DIR=/home/l30023782/PTA_213/recheck_20261010/isolated/cache/case-312 TORCHNPU_PRECOMPILE_THREADS=2 ASCEND_RT_VISIBLE_DEVICES=1,/home/l30023782/miniforge3/envs/pta_213_case/bin/python -m pytest -vs -p isolated_plugin --junitxml=/home/l30023782/PTA_213/recheck_20261010/isolated/results/case-312.xml test_torchinductor_dynamic_shapes.py::TestInductorDynamicNPU::test_float_is_integer_npu,test/inductor/test_torchinductor_dynamic_shapes.py::TestInductorDynamicNPU::test_float_is_integer_npu,/home/l30023782/PTA_213/recheck_20261010/isolated/results/case-312.log
313,test_torchinductor_dynamic_shapes.py,test_magic_method_lowerings_with_symbolic_scalars,PROCESS_ERROR,0,0,0,0,0,0,0,15.593,4,0,,TORCH_TRANSFER_TO_NPU=1 TORCH_NPU_DEVICE_CAPABILITY=8.0 TORCHINDUCTOR_COMPILE_THREADS=2 OMP_NUM_THREADS=2 TORCHINDUCTOR_CACHE_DIR=/home/l30023782/PTA_213/recheck_20261010/isolated/cache/case-313 TORCHNPU_PRECOMPILE_THREADS=2 ASCEND_RT_VISIBLE_DEVICES=0,/home/l30023782/miniforge3/envs/pta_213_case/bin/python -m pytest -vs -p isolated_plugin --junitxml=/home/l30023782/PTA_213/recheck_20261010/isolated/results/case-313.xml test_torchinductor_dynamic_shapes.py::TestInductorDynamicNPU::test_magic_method_lowerings_with_symbolic_scalars_npu,test/inductor/test_torchinductor_dynamic_shapes.py::TestInductorDynamicNPU::test_magic_method_lowerings_with_symbolic_scalars_npu,/home/l30023782/PTA_213/recheck_20261010/isolated/results/case-313.log
314,test_torchinductor_dynamic_shapes.py,test_arithmetic_constant_folding,PROCESS_ERROR,0,0,0,0,0,0,0,14.461,4,2,,TORCH_TRANSFER_TO_NPU=1 TORCH_NPU_DEVICE_CAPABILITY=8.0 TORCHINDUCTOR_COMPILE_THREADS=2 OMP_NUM_THREADS=2 TORCHINDUCTOR_CACHE_DIR=/home/l30023782/PTA_213/recheck_20261010/isolated/cache/case-314 TORCHNPU_PRECOMPILE_THREADS=2 ASCEND_RT_VISIBLE_DEVICES=2,/home/l30023782/miniforge3/envs/pta_213_case/bin/python -m pytest -vs -p isolated_plugin --junitxml=/home/l30023782/PTA_213/recheck_20261010/isolated/results/case-314.xml test_torchinductor_dynamic_shapes.py::TestInductorDynamicNPU::test_arithmetic_constant_folding_npu,test/inductor/test_torchinductor_dynamic_shapes.py::TestInductorDynamicNPU::test_arithmetic_constant_folding_npu,/home/l30023782/PTA_213/recheck_20261010/isolated/results/case-314.log
315,test_torchinductor_dynamic_shapes.py,test_sub_constant_folding,PROCESS_ERROR,0,0,0,0,0,0,0,14.639,4,1,,TORCH_TRANSFER_TO_NPU=1 TORCH_NPU_DEVICE_CAPABILITY=8.0 TORCHINDUCTOR_COMPILE_THREADS=2 OMP_NUM_THREADS=2 TORCHINDUCTOR_CACHE_DIR=/home/l30023782/PTA_213/recheck_20261010/isolated/cache/case-315 TORCHNPU_PRECOMPILE_THREADS=2 ASCEND_RT_VISIBLE_DEVICES=1,/home/l30023782/miniforge3/envs/pta_213_case/bin/python -m pytest -vs -p isolated_plugin --junitxml=/home/l30023782/PTA_213/recheck_20261010/isolated/results/case-315.xml test_torchinductor_dynamic_shapes.py::TestInductorDynamicNPU::test_sub_constant_folding_npu,test/inductor/test_torchinductor_dynamic_shapes.py::TestInductorDynamicNPU::test_sub_constant_folding_npu,/home/l30023782/PTA_213/recheck_20261010/isolated/results/case-315.log
316,test_torchinductor_dynamic_shapes.py,test_full_symbolic_value,PROCESS_ERROR,0,0,0,0,0,0,0,13.306,4,0,,TORCH_TRANSFER_TO_NPU=1 TORCH_NPU_DEVICE_CAPABILITY=8.0 TORCHINDUCTOR_COMPILE_THREADS=2 OMP_NUM_THREADS=2 TORCHINDUCTOR_CACHE_DIR=/home/l30023782/PTA_213/recheck_20261010/isolated/cache/case-316 TORCHNPU_PRECOMPILE_THREADS=2 ASCEND_RT_VISIBLE_DEVICES=0,/home/l30023782/miniforge3/envs/pta_213_case/bin/python -m pytest -vs -p isolated_plugin --junitxml=/home/l30023782/PTA_213/recheck_20261010/isolated/results/case-316.xml test_torchinductor_dynamic_shapes.py::TestInductorDynamicNPU::test_full_symbolic_value_npu,test/inductor/test_torchinductor_dynamic_shapes.py::TestInductorDynamicNPU::test_full_symbolic_value_npu,/home/l30023782/PTA_213/recheck_20261010/isolated/results/case-316.log
317,test_torchinductor_dynamic_shapes.py,test_interpolate_ceil_eq,PROCESS_ERROR,0,0,0,0,0,0,0,15.039,4,2,,TORCH_TRANSFER_TO_NPU=1 TORCH_NPU_DEVICE_CAPABILITY=8.0 TORCHINDUCTOR_COMPILE_THREADS=2 OMP_NUM_THREADS=2 TORCHINDUCTOR_CACHE_DIR=/home/l30023782/PTA_213/recheck_20261010/isolated/cache/case-317 TORCHNPU_PRECOMPILE_THREADS=2 ASCEND_RT_VISIBLE_DEVICES=2,/home/l30023782/miniforge3/envs/pta_213_case/bin/python -m pytest -vs -p isolated_plugin --junitxml=/home/l30023782/PTA_213/recheck_20261010/isolated/results/case-317.xml test_torchinductor_dynamic_shapes.py::TestInductorDynamicNPU::test_interpolate_ceil_eq_npu,test/inductor/test_torchinductor_dynamic_shapes.py::TestInductorDynamicNPU::test_interpolate_ceil_eq_npu,/home/l30023782/PTA_213/recheck_20261010/isolated/results/case-317.log
318,test_torchinductor_dynamic_shapes.py,test_full_recompiles,PROCESS_ERROR,0,0,0,0,0,0,0,13.685,4,1,,TORCH_TRANSFER_TO_NPU=1 TORCH_NPU_DEVICE_CAPABILITY=8.0 TORCHINDUCTOR_COMPILE_THREADS=2 OMP_NUM_THREADS=2 TORCHINDUCTOR_CACHE_DIR=/home/l30023782/PTA_213/recheck_20261010/isolated/cache/case-318 TORCHNPU_PRECOMPILE_THREADS=2 ASCEND_RT_VISIBLE_DEVICES=1,/home/l30023782/miniforge3/envs/pta_213_case/bin/python -m pytest -vs -p isolated_plugin --junitxml=/home/l30023782/PTA_213/recheck_20261010/isolated/results/case-318.xml test_torchinductor_dynamic_shapes.py::TestInductorDynamicNPU::test_full_recompiles_npu,test/inductor/test_torchinductor_dynamic_shapes.py::TestInductorDynamicNPU::test_full_recompiles_npu,/home/l30023782/PTA_213/recheck_20261010/isolated/results/case-318.log
319,test_torchinductor_dynamic_shapes.py,test_math_ops,PROCESS_ERROR,0,0,0,0,0,0,0,14.342,4,0,,TORCH_TRANSFER_TO_NPU=1 TORCH_NPU_DEVICE_CAPABILITY=8.0 TORCHINDUCTOR_COMPILE_THREADS=2 OMP_NUM_THREADS=2 TORCHINDUCTOR_CACHE_DIR=/home/l30023782/PTA_213/recheck_20261010/isolated/cache/case-319 TORCHNPU_PRECOMPILE_THREADS=2 ASCEND_RT_VISIBLE_DEVICES=0,/home/l30023782/miniforge3/envs/pta_213_case/bin/python -m pytest -vs -p isolated_plugin --junitxml=/home/l30023782/PTA_213/recheck_20261010/isolated/results/case-319.xml test_torchinductor_dynamic_shapes.py::TestInductorDynamicNPU::test_math_ops_op0_npu test_torchinductor_dynamic_shapes.py::TestInductorDynamicNPU::test_math_ops_op10_npu test_torchinductor_dynamic_shapes.py::TestInductorDynamicNPU::test_math_ops_op1_npu test_torchinductor_dynamic_shapes.py::TestInductorDynamicNPU::test_math_ops_op2_npu test_torchinductor_dynamic_shapes.py::TestInductorDynamicNPU::test_math_ops_op3_npu test_torchinductor_dynamic_shapes.py::TestInductorDynamicNPU::test_math_ops_op4_npu test_torchinductor_dynamic_shapes.py::TestInductorDynamicNPU::test_math_ops_op5_npu test_torchinductor_dynamic_shapes.py::TestInductorDynamicNPU::test_math_ops_op6_npu test_torchinductor_dynamic_shapes.py::TestInductorDynamicNPU::test_math_ops_op7_npu test_torchinductor_dynamic_shapes.py::TestInductorDynamicNPU::test_math_ops_op8_npu test_torchinductor_dynamic_shapes.py::TestInductorDynamicNPU::test_math_ops_op9_npu,"test/inductor/test_torchinductor_dynamic_shapes.py::TestInductorDynamicNPU::test_math_ops_op0_npu
test/inductor/test_torchinductor_dynamic_shapes.py::TestInductorDynamicNPU::test_math_ops_op10_npu
test/inductor/test_torchinductor_dynamic_shapes.py::TestInductorDynamicNPU::test_math_ops_op1_npu
test/inductor/test_torchinductor_dynamic_shapes.py::TestInductorDynamicNPU::test_math_ops_op2_npu
test/inductor/test_torchinductor_dynamic_shapes.py::TestInductorDynamicNPU::test_math_ops_op3_npu
test/inductor/test_torchinductor_dynamic_shapes.py::TestInductorDynamicNPU::test_math_ops_op4_npu
test/inductor/test_torchinductor_dynamic_shapes.py::TestInductorDynamicNPU::test_math_ops_op5_npu
test/inductor/test_torchinductor_dynamic_shapes.py::TestInductorDynamicNPU::test_math_ops_op6_npu
test/inductor/test_torchinductor_dynamic_shapes.py::TestInductorDynamicNPU::test_math_ops_op7_npu
test/inductor/test_torchinductor_dynamic_shapes.py::TestInductorDynamicNPU::test_math_ops_op8_npu
test/inductor/test_torchinductor_dynamic_shapes.py::TestInductorDynamicNPU::test_math_ops_op9_npu",/home/l30023782/PTA_213/recheck_20261010/isolated/results/case-319.log
320,test_torchinductor_dynamic_shapes.py,test_wrapper_codegen_statically_known_int_or_none,PROCESS_ERROR,0,0,0,0,0,0,0,14.281,4,1,,TORCH_TRANSFER_TO_NPU=1 TORCH_NPU_DEVICE_CAPABILITY=8.0 TORCHINDUCTOR_COMPILE_THREADS=2 OMP_NUM_THREADS=2 TORCHINDUCTOR_CACHE_DIR=/home/l30023782/PTA_213/recheck_20261010/isolated/cache/case-320 TORCHNPU_PRECOMPILE_THREADS=2 ASCEND_RT_VISIBLE_DEVICES=1,/home/l30023782/miniforge3/envs/pta_213_case/bin/python -m pytest -vs -p isolated_plugin --junitxml=/home/l30023782/PTA_213/recheck_20261010/isolated/results/case-320.xml test_torchinductor_dynamic_shapes.py::TestInductorDynamicNPU::test_wrapper_codegen_statically_known_int_or_none_npu,test/inductor/test_torchinductor_dynamic_shapes.py::TestInductorDynamicNPU::test_wrapper_codegen_statically_known_int_or_none_npu,/home/l30023782/PTA_213/recheck_20261010/isolated/results/case-320.log
321,test_torchinductor_dynamic_shapes.py,test_item_unbacked_stride_nobreak,PROCESS_ERROR,0,0,0,0,0,0,0,14.307,4,2,,TORCH_TRANSFER_TO_NPU=1 TORCH_NPU_DEVICE_CAPABILITY=8.0 TORCHINDUCTOR_COMPILE_THREADS=2 OMP_NUM_THREADS=2 TORCHINDUCTOR_CACHE_DIR=/home/l30023782/PTA_213/recheck_20261010/isolated/cache/case-321 TORCHNPU_PRECOMPILE_THREADS=2 ASCEND_RT_VISIBLE_DEVICES=2,/home/l30023782/miniforge3/envs/pta_213_case/bin/python -m pytest -vs -p isolated_plugin --junitxml=/home/l30023782/PTA_213/recheck_20261010/isolated/results/case-321.xml test_torchinductor_dynamic_shapes.py::TestInductorDynamicNPU::test_item_unbacked_stride_nobreak_npu,test/inductor/test_torchinductor_dynamic_shapes.py::TestInductorDynamicNPU::test_item_unbacked_stride_nobreak_npu,/home/l30023782/PTA_213/recheck_20261010/isolated/results/case-321.log
322,test_torchinductor_dynamic_shapes.py,test_symint_sum_list,PROCESS_ERROR,0,0,0,0,0,0,0,14.384,4,0,,TORCH_TRANSFER_TO_NPU=1 TORCH_NPU_DEVICE_CAPABILITY=8.0 TORCHINDUCTOR_COMPILE_THREADS=2 OMP_NUM_THREADS=2 TORCHINDUCTOR_CACHE_DIR=/home/l30023782/PTA_213/recheck_20261010/isolated/cache/case-322 TORCHNPU_PRECOMPILE_THREADS=2 ASCEND_RT_VISIBLE_DEVICES=0,/home/l30023782/miniforge3/envs/pta_213_case/bin/python -m pytest -vs -p isolated_plugin --junitxml=/home/l30023782/PTA_213/recheck_20261010/isolated/results/case-322.xml test_torchinductor_dynamic_shapes.py::TestInductorDynamicNPU::test_symint_sum_list_npu,test/inductor/test_torchinductor_dynamic_shapes.py::TestInductorDynamicNPU::test_symint_sum_list_npu,/home/l30023782/PTA_213/recheck_20261010/isolated/results/case-322.log
323,test_torchinductor_dynamic_shapes.py,test_mark_unbacked_slice,PROCESS_ERROR,0,0,0,0,0,0,0,14.517,4,1,,TORCH_TRANSFER_TO_NPU=1 TORCH_NPU_DEVICE_CAPABILITY=8.0 TORCHINDUCTOR_COMPILE_THREADS=2 OMP_NUM_THREADS=2 TORCHINDUCTOR_CACHE_DIR=/home/l30023782/PTA_213/recheck_20261010/isolated/cache/case-323 TORCHNPU_PRECOMPILE_THREADS=2 ASCEND_RT_VISIBLE_DEVICES=1,/home/l30023782/miniforge3/envs/pta_213_case/bin/python -m pytest -vs -p isolated_plugin --junitxml=/home/l30023782/PTA_213/recheck_20261010/isolated/results/case-323.xml test_torchinductor_dynamic_shapes.py::TestInductorDynamicNPU::test_mark_unbacked_slice_npu,test/inductor/test_torchinductor_dynamic_shapes.py::TestInductorDynamicNPU::test_mark_unbacked_slice_npu,/home/l30023782/PTA_213/recheck_20261010/isolated/results/case-323.log
324,test_torchinductor_dynamic_shapes.py,test_unspecialized_float_operations,PROCESS_ERROR,0,0,0,0,0,0,0,14.317,4,2,,TORCH_TRANSFER_TO_NPU=1 TORCH_NPU_DEVICE_CAPABILITY=8.0 TORCHINDUCTOR_COMPILE_THREADS=2 OMP_NUM_THREADS=2 TORCHINDUCTOR_CACHE_DIR=/home/l30023782/PTA_213/recheck_20261010/isolated/cache/case-324 TORCHNPU_PRECOMPILE_THREADS=2 ASCEND_RT_VISIBLE_DEVICES=2,/home/l30023782/miniforge3/envs/pta_213_case/bin/python -m pytest -vs -p isolated_plugin --junitxml=/home/l30023782/PTA_213/recheck_20261010/isolated/results/case-324.xml test_torchinductor_dynamic_shapes.py::TestInductorDynamicNPU::test_unspecialized_float_operations_npu,test/inductor/test_torchinductor_dynamic_shapes.py::TestInductorDynamicNPU::test_unspecialized_float_operations_npu,/home/l30023782/PTA_213/recheck_20261010/isolated/results/case-324.log
325,test_torchinductor_dynamic_shapes.py,test_unspecialized_float_fallback_specialization,PROCESS_ERROR,0,0,0,0,0,0,0,13.957,4,0,,TORCH_TRANSFER_TO_NPU=1 TORCH_NPU_DEVICE_CAPABILITY=8.0 TORCHINDUCTOR_COMPILE_THREADS=2 OMP_NUM_THREADS=2 TORCHINDUCTOR_CACHE_DIR=/home/l30023782/PTA_213/recheck_20261010/isolated/cache/case-325 TORCHNPU_PRECOMPILE_THREADS=2 ASCEND_RT_VISIBLE_DEVICES=0,/home/l30023782/miniforge3/envs/pta_213_case/bin/python -m pytest -vs -p isolated_plugin --junitxml=/home/l30023782/PTA_213/recheck_20261010/isolated/results/case-325.xml test_torchinductor_dynamic_shapes.py::TestInductorDynamicNPU::test_unspecialized_float_fallback_specialization_npu,test/inductor/test_torchinductor_dynamic_shapes.py::TestInductorDynamicNPU::test_unspecialized_float_fallback_specialization_npu,/home/l30023782/PTA_213/recheck_20261010/isolated/results/case-325.log
326,test_torchinductor_dynamic_shapes.py,test_unspecialized_float_softshrink,PROCESS_ERROR,0,0,0,0,0,0,0,13.608,4,1,,TORCH_TRANSFER_TO_NPU=1 TORCH_NPU_DEVICE_CAPABILITY=8.0 TORCHINDUCTOR_COMPILE_THREADS=2 OMP_NUM_THREADS=2 TORCHINDUCTOR_CACHE_DIR=/home/l30023782/PTA_213/recheck_20261010/isolated/cache/case-326 TORCHNPU_PRECOMPILE_THREADS=2 ASCEND_RT_VISIBLE_DEVICES=1,/home/l30023782/miniforge3/envs/pta_213_case/bin/python -m pytest -vs -p isolated_plugin --junitxml=/home/l30023782/PTA_213/recheck_20261010/isolated/results/case-326.xml test_torchinductor_dynamic_shapes.py::TestInductorDynamicNPU::test_unspecialized_float_softshrink_npu,test/inductor/test_torchinductor_dynamic_shapes.py::TestInductorDynamicNPU::test_unspecialized_float_softshrink_npu,/home/l30023782/PTA_213/recheck_20261010/isolated/results/case-326.log
327,test_torchinductor_dynamic_shapes.py,test_dynamic_rblock_bounds,PROCESS_ERROR,0,0,0,0,0,0,0,14.538,4,2,,TORCH_TRANSFER_TO_NPU=1 TORCH_NPU_DEVICE_CAPABILITY=8.0 TORCHINDUCTOR_COMPILE_THREADS=2 OMP_NUM_THREADS=2 TORCHINDUCTOR_CACHE_DIR=/home/l30023782/PTA_213/recheck_20261010/isolated/cache/case-327 TORCHNPU_PRECOMPILE_THREADS=2 ASCEND_RT_VISIBLE_DEVICES=2,/home/l30023782/miniforge3/envs/pta_213_case/bin/python -m pytest -vs -p isolated_plugin --junitxml=/home/l30023782/PTA_213/recheck_20261010/isolated/results/case-327.xml test_torchinductor_dynamic_shapes.py::TestInductorDynamicNPU::test_dynamic_rblock_bounds_npu,test/inductor/test_torchinductor_dynamic_shapes.py::TestInductorDynamicNPU::test_dynamic_rblock_bounds_npu,/home/l30023782/PTA_213/recheck_20261010/isolated/results/case-327.log
328,test_torchinductor_dynamic_shapes.py,test_non_persistent_dynamic_rblock,PROCESS_ERROR,0,0,0,0,0,0,0,13.149,4,0,,TORCH_TRANSFER_TO_NPU=1 TORCH_NPU_DEVICE_CAPABILITY=8.0 TORCHINDUCTOR_COMPILE_THREADS=2 OMP_NUM_THREADS=2 TORCHINDUCTOR_CACHE_DIR=/home/l30023782/PTA_213/recheck_20261010/isolated/cache/case-328 TORCHNPU_PRECOMPILE_THREADS=2 ASCEND_RT_VISIBLE_DEVICES=0,/home/l30023782/miniforge3/envs/pta_213_case/bin/python -m pytest -vs -p isolated_plugin --junitxml=/home/l30023782/PTA_213/recheck_20261010/isolated/results/case-328.xml test_torchinductor_dynamic_shapes.py::TestInductorDynamicNPU::test_non_persistent_dynamic_rblock_npu,test/inductor/test_torchinductor_dynamic_shapes.py::TestInductorDynamicNPU::test_non_persistent_dynamic_rblock_npu,/home/l30023782/PTA_213/recheck_20261010/isolated/results/case-328.log
329,test_torchinductor_dynamic_shapes.py,test_unspecialized_float_dynamic,PROCESS_ERROR,0,0,0,0,0,0,0,14.426,4,1,,TORCH_TRANSFER_TO_NPU=1 TORCH_NPU_DEVICE_CAPABILITY=8.0 TORCHINDUCTOR_COMPILE_THREADS=2 OMP_NUM_THREADS=2 TORCHINDUCTOR_CACHE_DIR=/home/l30023782/PTA_213/recheck_20261010/isolated/cache/case-329 TORCHNPU_PRECOMPILE_THREADS=2 ASCEND_RT_VISIBLE_DEVICES=1,/home/l30023782/miniforge3/envs/pta_213_case/bin/python -m pytest -vs -p isolated_plugin --junitxml=/home/l30023782/PTA_213/recheck_20261010/isolated/results/case-329.xml test_torchinductor_dynamic_shapes.py::TestInductorDynamicNPU::test_unspecialized_float_dynamic_npu,test/inductor/test_torchinductor_dynamic_shapes.py::TestInductorDynamicNPU::test_unspecialized_float_dynamic_npu,/home/l30023782/PTA_213/recheck_20261010/isolated/results/case-329.log
330,test_torchinductor_dynamic_shapes.py,test_unspecialized_float_fallback_symint_specialization,PROCESS_ERROR,0,0,0,0,0,0,0,14.287,4,2,,TORCH_TRANSFER_TO_NPU=1 TORCH_NPU_DEVICE_CAPABILITY=8.0 TORCHINDUCTOR_COMPILE_THREADS=2 OMP_NUM_THREADS=2 TORCHINDUCTOR_CACHE_DIR=/home/l30023782/PTA_213/recheck_20261010/isolated/cache/case-330 TORCHNPU_PRECOMPILE_THREADS=2 ASCEND_RT_VISIBLE_DEVICES=2,/home/l30023782/miniforge3/envs/pta_213_case/bin/python -m pytest -vs -p isolated_plugin --junitxml=/home/l30023782/PTA_213/recheck_20261010/isolated/results/case-330.xml test_torchinductor_dynamic_shapes.py::TestInductorDynamicNPU::test_unspecialized_float_fallback_symint_specialization_npu,test/inductor/test_torchinductor_dynamic_shapes.py::TestInductorDynamicNPU::test_unspecialized_float_fallback_symint_specialization_npu,/home/l30023782/PTA_213/recheck_20261010/isolated/results/case-330.log
331,test_torchinductor_dynamic_shapes.py,test_sympy_infinity_bounds_in_persistent_reduction,PROCESS_ERROR,0,0,0,0,0,0,0,13.221,4,0,,TORCH_TRANSFER_TO_NPU=1 TORCH_NPU_DEVICE_CAPABILITY=8.0 TORCHINDUCTOR_COMPILE_THREADS=2 OMP_NUM_THREADS=2 TORCHINDUCTOR_CACHE_DIR=/home/l30023782/PTA_213/recheck_20261010/isolated/cache/case-331 TORCHNPU_PRECOMPILE_THREADS=2 ASCEND_RT_VISIBLE_DEVICES=0,/home/l30023782/miniforge3/envs/pta_213_case/bin/python -m pytest -vs -p isolated_plugin --junitxml=/home/l30023782/PTA_213/recheck_20261010/isolated/results/case-331.xml test_torchinductor_dynamic_shapes.py::TestInductorDynamicNPU::test_sympy_infinity_bounds_in_persistent_reduction_npu,test/inductor/test_torchinductor_dynamic_shapes.py::TestInductorDynamicNPU::test_sympy_infinity_bounds_in_persistent_reduction_npu,/home/l30023782/PTA_213/recheck_20261010/isolated/results/case-331.log
