序号,批次,文件,测试类,用例,测试目的,NPU覆盖建议,基线状态,PR状态,补丁状态,相对PR,本轮验证修改,通过变化类型,通过对应修改,通过修改证据,参数化统计,驱动错误仍存在,失败摘要,原PR结论,日志证据,目的源码证据,适配复测结果,适配测试修改,适配通过对应修改,适配修改证据,适配日志证据
1,01,test_static_triton_launcher.py,TestStaticTritonLauncher,test_basic,验证 static launcher 正确打包 Tensor 指针与整数标量，并通过指定 stream 执行加法。,功能启用时必测：NPU 若接入 static/fast launcher，应保留等价参数、资源及开关契约；原 CUDA launcher 接口不直接作为 NPU 基础验收。,失败,失败,失败,状态不变,在完整 PR #47384（16437be0）上加回 transfer_to_npu.py::_patch_triton_driver() 及 _init() 调用；显式选择 Ascend driver，并替换 triton_helpers.set_driver_to_gpu。,尚未全部通过,原用例尚未全部通过，不能将已应用的修改记为修复成功。,restore-driver.patch,"{""failed"": 1}",False,"        else:
>           raise KeyError(""Unknown key: '%s'"" % key)
E           KeyError: ""Unknown key: 'cubin'\n\nTo execute this test, run the following from the base repo dir:\n    python test/inductor/test_static_triton_launcher.py TestStaticTritonLauncher.test_basic\n\nThis message can be suppressed by setting PYTORCH_PRINT_REPRO_ON_FAILURE=0""

<site-packages>/triton/compiler/compiler.py:417: KeyError",本轮报告与基线的首错一致：write_cubin_to_tmp 读取 kernel.asm[cubin] 报 KeyError；Ascend 输出 npubin。,batch-01-results.json#test_static_triton_launcher.py::TestStaticTritonLauncher::test_basic,../npu-inductor-213-batches-20261008/batch-01-source-evidence.json#TestStaticTritonLauncher.test_basic,未另行适配复测,,,,
2,01,test_static_triton_launcher.py,TestStaticTritonLauncher,test_unsigned_integers,验证 static launcher 的 uint8/16/32/64 标量参数编码和无符号加法结果。,功能启用时必测：NPU 若接入 static/fast launcher，应保留等价参数、资源及开关契约；原 CUDA launcher 接口不直接作为 NPU 基础验收。,失败,失败,失败,状态不变,在完整 PR #47384（16437be0）上加回 transfer_to_npu.py::_patch_triton_driver() 及 _init() 调用；显式选择 Ascend driver，并替换 triton_helpers.set_driver_to_gpu。,尚未全部通过,原用例尚未全部通过，不能将已应用的修改记为修复成功。,restore-driver.patch,"{""failed"": 1}",False,"E       RuntimeError: zero_:third_party/op-plugin/op_plugin/ops/opapi/ZerosLikeKernelNpuOpApi.cpp:25 NPU function error: call aclnnInplaceZero failed, error code is 507899
E       [ERROR] 2026-10-09-11:08:43 (PID:<redacted>, Device:0, RankID:-1) ERR00100 PTA call acl api failed
E       [Error]: An internal error occurs in the Driver module.
E               Rectify the fault based on the error information in the ascend log.
E       [PID:<redacted>] 2026-10-09-11:08:43.945.636 AclNN_Parameter_Error(EZ1001): Tensor self not implemented for DT_UINT64, should be in dtype support list [DT_INT8,DT_INT32,DT_INT64,DT_UINT8,DT_FLOAT16,DT_FLOAT,DT_BOOL,DT_DOUBLE,DT_INT16,DT_UINT16,DT_COMPLEX128,DT_COMPLEX64,DT_BFLOAT16,DT_FLOAT8_E5M2,DT_FLOAT8_E4M3FN,DT_HIFLOAT8,DT_FLOAT4_E1M2, ...
E       TraceBack (most recent call last):
E               rtsDeviceGetInfo execution failed, reason=driver error:internal error[FUNC:FuncErrorReason][FILE:error_message_manage.cc][LINE:69]
E               Tensor self not implemented for DT_UINT64, should be in dtype support list [DT_INT8,DT_INT32,DT_INT64,DT_UINT8,DT_FLOAT16,DT_FLOAT,DT_BOOL,DT_DOUBLE,DT_INT16,DT_UINT16,DT_COMPLEX128,DT_COMPLEX64,DT_BFLOAT16,DT_FLOAT8_E5M2,DT_FLOAT8_E4M3FN,DT_HIFLOAT8,DT_FLOAT4_E1M2,DT_FLOAT4_E2M1,].",本轮报告与基线的首错一致：torch.zeros(dtype=uint64) 的 aclnnInplaceZero 拒绝 DT_UINT64；日志同时含 driver 507899，不能仅由错误码扩大归因。,batch-01-results.json#test_static_triton_launcher.py::TestStaticTritonLauncher::test_unsigned_integers,../npu-inductor-213-batches-20261008/batch-01-source-evidence.json#TestStaticTritonLauncher.test_unsigned_integers,未另行适配复测,,,,
3,01,test_static_triton_launcher.py,TestStaticTritonLauncher,test_signed_integers,验证 static launcher 的 int8/16/32/64 标量参数编码和有符号加法结果。,功能启用时必测：NPU 若接入 static/fast launcher，应保留等价参数、资源及开关契约；原 CUDA launcher 接口不直接作为 NPU 基础验收。,失败,失败,失败,状态不变,在完整 PR #47384（16437be0）上加回 transfer_to_npu.py::_patch_triton_driver() 及 _init() 调用；显式选择 Ascend driver，并替换 triton_helpers.set_driver_to_gpu。,尚未全部通过,原用例尚未全部通过，不能将已应用的修改记为修复成功。,restore-driver.patch,"{""failed"": 1}",False,"        else:
>           raise KeyError(""Unknown key: '%s'"" % key)
E           KeyError: ""Unknown key: 'cubin'\n\nTo execute this test, run the following from the base repo dir:\n    python test/inductor/test_static_triton_launcher.py TestStaticTritonLauncher.test_signed_integers\n\nThis message can be suppressed by setting PYTORCH_PRINT_REPRO_ON_FAILURE=0""

<site-packages>/triton/compiler/compiler.py:417: KeyError",本轮报告与基线的首错一致：write_cubin_to_tmp 读取 kernel.asm[cubin] 报 KeyError；Ascend 输出 npubin。,batch-01-results.json#test_static_triton_launcher.py::TestStaticTritonLauncher::test_signed_integers,../npu-inductor-213-batches-20261008/batch-01-source-evidence.json#TestStaticTritonLauncher.test_signed_integers,未另行适配复测,,,,
4,01,test_static_triton_launcher.py,TestStaticTritonLauncher,test_basic_1arg,验证只有一个 Tensor 参数时的 static launcher 参数签名和 kernel 执行。,功能启用时必测：NPU 若接入 static/fast launcher，应保留等价参数、资源及开关契约；原 CUDA launcher 接口不直接作为 NPU 基础验收。,失败,失败,失败,状态不变,在完整 PR #47384（16437be0）上加回 transfer_to_npu.py::_patch_triton_driver() 及 _init() 调用；显式选择 Ascend driver，并替换 triton_helpers.set_driver_to_gpu。,尚未全部通过,原用例尚未全部通过，不能将已应用的修改记为修复成功。,restore-driver.patch,"{""failed"": 1}",False,"        else:
>           raise KeyError(""Unknown key: '%s'"" % key)
E           KeyError: ""Unknown key: 'cubin'\n\nTo execute this test, run the following from the base repo dir:\n    python test/inductor/test_static_triton_launcher.py TestStaticTritonLauncher.test_basic_1arg\n\nThis message can be suppressed by setting PYTORCH_PRINT_REPRO_ON_FAILURE=0""

<site-packages>/triton/compiler/compiler.py:417: KeyError",本轮报告与基线的首错一致：write_cubin_to_tmp 读取 kernel.asm[cubin] 报 KeyError；Ascend 输出 npubin。,batch-01-results.json#test_static_triton_launcher.py::TestStaticTritonLauncher::test_basic_1arg,../npu-inductor-213-batches-20261008/batch-01-source-evidence.json#TestStaticTritonLauncher.test_basic_1arg,未另行适配复测,,,,
5,01,test_static_triton_launcher.py,TestStaticTritonLauncher,test_constexpr,验证 constexpr 编入 kernel 后从 launcher 的运行时参数表移除，结果仍正确。,功能启用时必测：NPU 若接入 static/fast launcher，应保留等价参数、资源及开关契约；原 CUDA launcher 接口不直接作为 NPU 基础验收。,失败,失败,失败,状态不变,在完整 PR #47384（16437be0）上加回 transfer_to_npu.py::_patch_triton_driver() 及 _init() 调用；显式选择 Ascend driver，并替换 triton_helpers.set_driver_to_gpu。,尚未全部通过,原用例尚未全部通过，不能将已应用的修改记为修复成功。,restore-driver.patch,"{""failed"": 1}",False,"        else:
>           raise KeyError(""Unknown key: '%s'"" % key)
E           KeyError: ""Unknown key: 'cubin'\n\nTo execute this test, run the following from the base repo dir:\n    python test/inductor/test_static_triton_launcher.py TestStaticTritonLauncher.test_constexpr\n\nThis message can be suppressed by setting PYTORCH_PRINT_REPRO_ON_FAILURE=0""

<site-packages>/triton/compiler/compiler.py:417: KeyError",本轮报告与基线的首错一致：write_cubin_to_tmp 读取 kernel.asm[cubin] 报 KeyError；Ascend 输出 npubin。,batch-01-results.json#test_static_triton_launcher.py::TestStaticTritonLauncher::test_constexpr,../npu-inductor-213-batches-20261008/batch-01-source-evidence.json#TestStaticTritonLauncher.test_constexpr,未另行适配复测,,,,
6,01,test_static_triton_launcher.py,TestStaticTritonLauncher,test_implied_constant,验证未显式标为 constexpr、但被 kernel 固定的 xnumel 不再需要运行时传参。,功能启用时必测：NPU 若接入 static/fast launcher，应保留等价参数、资源及开关契约；原 CUDA launcher 接口不直接作为 NPU 基础验收。,失败,失败,失败,状态不变,在完整 PR #47384（16437be0）上加回 transfer_to_npu.py::_patch_triton_driver() 及 _init() 调用；显式选择 Ascend driver，并替换 triton_helpers.set_driver_to_gpu。,尚未全部通过,原用例尚未全部通过，不能将已应用的修改记为修复成功。,restore-driver.patch,"{""failed"": 1}",False,"E       triton.compiler.errors.CompilationError: at 27:15:
E           rbase = r0_base  # noqa: F841
E           _tmp3 = tl.full([XBLOCK, R0_BLOCK], False, tl.int1)
E           for r0_offset in range(0, r0_numel, R0_BLOCK):
E               r0_index = r0_offset + r0_base
E               r0_mask = r0_index < r0_numel
E               roffset = r0_offset  # noqa: F841
E               rindex = r0_index  # noqa: F841",本轮报告与基线的首错一致：triton_helpers.libdevice.isinf 实际来自 triton.language.extra.libdevice，函数体为 ...，返回 None 后 .to 报错；Ascend get_module_map 返回空字典。,batch-01-results.json#test_static_triton_launcher.py::TestStaticTritonLauncher::test_implied_constant,../npu-inductor-213-batches-20261008/batch-01-source-evidence.json#TestStaticTritonLauncher.test_implied_constant,未另行适配复测,,,,
7,01,test_static_triton_launcher.py,TestStaticTritonLauncher,test_kernel_no_args,验证零参数 Triton kernel 可以由 static launcher 正常调用。,功能启用时必测：NPU 若接入 static/fast launcher，应保留等价参数、资源及开关契约；原 CUDA launcher 接口不直接作为 NPU 基础验收。,失败,失败,失败,状态不变,在完整 PR #47384（16437be0）上加回 transfer_to_npu.py::_patch_triton_driver() 及 _init() 调用；显式选择 Ascend driver，并替换 triton_helpers.set_driver_to_gpu。,尚未全部通过,原用例尚未全部通过，不能将已应用的修改记为修复成功。,restore-driver.patch,"{""failed"": 1}",False,"        else:
>           raise KeyError(""Unknown key: '%s'"" % key)
E           KeyError: ""Unknown key: 'cubin'\n\nTo execute this test, run the following from the base repo dir:\n    python test/inductor/test_static_triton_launcher.py TestStaticTritonLauncher.test_kernel_no_args\n\nThis message can be suppressed by setting PYTORCH_PRINT_REPRO_ON_FAILURE=0""

<site-packages>/triton/compiler/compiler.py:417: KeyError",本轮报告与基线的首错一致：write_cubin_to_tmp 读取 kernel.asm[cubin] 报 KeyError；Ascend 输出 npubin。,batch-01-results.json#test_static_triton_launcher.py::TestStaticTritonLauncher::test_kernel_no_args,../npu-inductor-213-batches-20261008/batch-01-source-evidence.json#TestStaticTritonLauncher.test_kernel_no_args,未另行适配复测,,,,
8,01,test_static_triton_launcher.py,TestStaticTritonLauncher,test_high_shared_mem,验证声明约 50 KB shared memory 时 slow-launch 路径能正确配置资源并执行。,CUDA 资源专项：不能直接用 CUDA shared memory 数值/异常验收 NPU；接入 NPU launcher 时应补对应设备资源边界测试。,失败,失败,失败,状态不变,在完整 PR #47384（16437be0）上加回 transfer_to_npu.py::_patch_triton_driver() 及 _init() 调用；显式选择 Ascend driver，并替换 triton_helpers.set_driver_to_gpu。,尚未全部通过,原用例尚未全部通过，不能将已应用的修改记为修复成功。,restore-driver.patch,"{""failed"": 1}",False,"        else:
>           raise KeyError(""Unknown key: '%s'"" % key)
E           KeyError: ""Unknown key: 'cubin'\n\nTo execute this test, run the following from the base repo dir:\n    python test/inductor/test_static_triton_launcher.py TestStaticTritonLauncher.test_high_shared_mem\n\nThis message can be suppressed by setting PYTORCH_PRINT_REPRO_ON_FAILURE=0""

<site-packages>/triton/compiler/compiler.py:417: KeyError",本轮报告与基线的首错一致：write_cubin_to_tmp 读取 kernel.asm[cubin] 报 KeyError；Ascend 输出 npubin。,batch-01-results.json#test_static_triton_launcher.py::TestStaticTritonLauncher::test_high_shared_mem,../npu-inductor-213-batches-20261008/batch-01-source-evidence.json#TestStaticTritonLauncher.test_high_shared_mem,未另行适配复测,,,,
9,01,test_static_triton_launcher.py,TestStaticTritonLauncher,test_too_high_shared_mem,验证声明超限 shared memory 时构造 launcher 报资源不足异常。,CUDA 资源专项：不能直接用 CUDA shared memory 数值/异常验收 NPU；接入 NPU launcher 时应补对应设备资源边界测试。,失败,失败,失败,状态不变,在完整 PR #47384（16437be0）上加回 transfer_to_npu.py::_patch_triton_driver() 及 _init() 调用；显式选择 Ascend driver，并替换 triton_helpers.set_driver_to_gpu。,尚未全部通过,原用例尚未全部通过，不能将已应用的修改记为修复成功。,restore-driver.patch,"{""failed"": 1}",False,"        else:
>           raise KeyError(""Unknown key: '%s'"" % key)
E           KeyError: ""Unknown key: 'cubin'\n\nTo execute this test, run the following from the base repo dir:\n    python test/inductor/test_static_triton_launcher.py TestStaticTritonLauncher.test_too_high_shared_mem\n\nThis message can be suppressed by setting PYTORCH_PRINT_REPRO_ON_FAILURE=0""

<site-packages>/triton/compiler/compiler.py:417: KeyError",本轮报告与基线的首错一致：write_cubin_to_tmp 读取 kernel.asm[cubin] 报 KeyError；Ascend 输出 npubin。,batch-01-results.json#test_static_triton_launcher.py::TestStaticTritonLauncher::test_too_high_shared_mem,../npu-inductor-213-batches-20261008/batch-01-source-evidence.json#TestStaticTritonLauncher.test_too_high_shared_mem,未另行适配复测,,,,
10,01,test_static_triton_launcher.py,TestStaticTritonLauncher,test_kernel_empty_tensor,验证含空 Tensor 输入的 cat kernel 在 static launcher 下正确传递指针、尺寸和 mask。,功能启用时必测：NPU 若接入 static/fast launcher，应保留等价参数、资源及开关契约；原 CUDA launcher 接口不直接作为 NPU 基础验收。,失败,失败,失败,状态不变,在完整 PR #47384（16437be0）上加回 transfer_to_npu.py::_patch_triton_driver() 及 _init() 调用；显式选择 Ascend driver，并替换 triton_helpers.set_driver_to_gpu。,尚未全部通过,原用例尚未全部通过，不能将已应用的修改记为修复成功。,restore-driver.patch,"{""failed"": 1}",False,"        else:
>           raise KeyError(""Unknown key: '%s'"" % key)
E           KeyError: ""Unknown key: 'cubin'\n\nTo execute this test, run the following from the base repo dir:\n    python test/inductor/test_static_triton_launcher.py TestStaticTritonLauncher.test_kernel_empty_tensor\n\nThis message can be suppressed by setting PYTORCH_PRINT_REPRO_ON_FAILURE=0""

<site-packages>/triton/compiler/compiler.py:417: KeyError",本轮报告与基线的首错一致：write_cubin_to_tmp 读取 kernel.asm[cubin] 报 KeyError；Ascend 输出 npubin。,batch-01-results.json#test_static_triton_launcher.py::TestStaticTritonLauncher::test_kernel_empty_tensor,../npu-inductor-213-batches-20261008/batch-01-source-evidence.json#TestStaticTritonLauncher.test_kernel_empty_tensor,未另行适配复测,,,,
11,01,test_static_triton_launcher.py,TestStaticTritonLauncher,test_kernel_many_args,验证 static launcher 能打包 200 个标量参数并得到正确累加结果。,功能启用时必测：NPU 若接入 static/fast launcher，应保留等价参数、资源及开关契约；原 CUDA launcher 接口不直接作为 NPU 基础验收。,失败,失败,失败,状态不变,在完整 PR #47384（16437be0）上加回 transfer_to_npu.py::_patch_triton_driver() 及 _init() 调用；显式选择 Ascend driver，并替换 triton_helpers.set_driver_to_gpu。,尚未全部通过,原用例尚未全部通过，不能将已应用的修改记为修复成功。,restore-driver.patch,"{""failed"": 1}",False,"        else:
>           raise KeyError(""Unknown key: '%s'"" % key)
E           KeyError: ""Unknown key: 'cubin'\n\nTo execute this test, run the following from the base repo dir:\n    python test/inductor/test_static_triton_launcher.py TestStaticTritonLauncher.test_kernel_many_args\n\nThis message can be suppressed by setting PYTORCH_PRINT_REPRO_ON_FAILURE=0""

<site-packages>/triton/compiler/compiler.py:417: KeyError",本轮报告与基线的首错一致：write_cubin_to_tmp 读取 kernel.asm[cubin] 报 KeyError；Ascend 输出 npubin。,batch-01-results.json#test_static_triton_launcher.py::TestStaticTritonLauncher::test_kernel_many_args,../npu-inductor-213-batches-20261008/batch-01-source-evidence.json#TestStaticTritonLauncher.test_kernel_many_args,未另行适配复测,,,,
12,01,test_static_triton_launcher.py,TestStaticTritonLauncher,test_launcher_keeps_module_owner_alive_until_release,验证 launcher 持有 kernel owner 的引用，避免可调用期间 module 提前卸载，并在释放后卸载一次。,主机生命周期回归：建议保留；使用 fake owner，不等同于真实 NPU module 卸载测试。,通过,通过,通过,状态不变,在完整 PR #47384（16437be0）上加回 transfer_to_npu.py::_patch_triton_driver() 及 _init() 调用；显式选择 Ascend driver，并替换 triton_helpers.set_driver_to_gpu。,基线已通过,基线环境已通过；采用 PR、再加回 driver patch 后均保持通过，无本轮新增修复。,,"{""passed"": 1}",False,,原测试全部选中实例的 setup/call/teardown 通过；覆盖范围沿用未变更的测试源码。,batch-01-results.json#test_static_triton_launcher.py::TestStaticTritonLauncher::test_launcher_keeps_module_owner_alive_until_release,../npu-inductor-213-batches-20261008/batch-01-source-evidence.json#TestStaticTritonLauncher.test_launcher_keeps_module_owner_alive_until_release,未另行适配复测,,,,
13,01,test_static_triton_launcher.py,TestStaticTritonCompileResult,test_basic_compile,验证启用 static-launch 配置时 torch.compile 加法可运行且与 eager 一致；原断言未证明实际走 static launcher。,条件必测：数值/空张量语义值得保留；作为 NPU launcher 专项验收前，应补实际启用该路径的证据，避免空覆盖。,通过,通过,通过,状态不变,在完整 PR #47384（16437be0）上加回 transfer_to_npu.py::_patch_triton_driver() 及 _init() 调用；显式选择 Ascend driver，并替换 triton_helpers.set_driver_to_gpu。,基线已通过,基线环境已通过；采用 PR、再加回 driver patch 后均保持通过，无本轮新增修复。,,"{""passed"": 1}",False,,原测试全部选中实例的 setup/call/teardown 通过；覆盖范围沿用未变更的测试源码。,batch-01-results.json#test_static_triton_launcher.py::TestStaticTritonCompileResult::test_basic_compile,../npu-inductor-213-batches-20261008/batch-01-source-evidence.json#TestStaticTritonCompileResult.test_basic_compile,未另行适配复测,,,,
14,01,test_static_triton_launcher.py,TestStaticTritonCompileResult,test_incompatible_code,验证严格 static 模式在未允许 user-defined Triton kernel 时按配置契约拒绝编译。,功能启用时必测：NPU 若接入 static/fast launcher，应保留等价参数、资源及开关契约；原 CUDA launcher 接口不直接作为 NPU 基础验收。,失败,失败,失败,状态不变,在完整 PR #47384（16437be0）上加回 transfer_to_npu.py::_patch_triton_driver() 及 _init() 调用；显式选择 Ascend driver，并替换 triton_helpers.set_driver_to_gpu。,尚未全部通过,原用例尚未全部通过，不能将已应用的修改记为修复成功。,restore-driver.patch,"{""failed"": 1}",False,E           AssertionError: InductorError not raised by <lambda>,本轮报告与基线的首错一致：原测试要求 strict static 模式拒绝自定义 Triton kernel；实际编译执行未抛 InductorError。,batch-01-results.json#test_static_triton_launcher.py::TestStaticTritonCompileResult::test_incompatible_code,../npu-inductor-213-batches-20261008/batch-01-source-evidence.json#TestStaticTritonCompileResult.test_incompatible_code,未另行适配复测,,,,
15,01,test_static_triton_launcher.py,TestStaticTritonCompileResult,test_static_launch_user_defined_triton_kernels,验证允许 user-defined Triton static launch 后，torch.compile 中的自定义 kernel 原地更新结果正确。,条件必测：数值/空张量语义值得保留；作为 NPU launcher 专项验收前，应补实际启用该路径的证据，避免空覆盖。,通过,通过,通过,状态不变,在完整 PR #47384（16437be0）上加回 transfer_to_npu.py::_patch_triton_driver() 及 _init() 调用；显式选择 Ascend driver，并替换 triton_helpers.set_driver_to_gpu。,基线已通过,基线环境已通过；采用 PR、再加回 driver patch 后均保持通过，无本轮新增修复。,,"{""passed"": 1}",False,,原测试全部选中实例的 setup/call/teardown 通过；覆盖范围沿用未变更的测试源码。,batch-01-results.json#test_static_triton_launcher.py::TestStaticTritonCompileResult::test_static_launch_user_defined_triton_kernels,../npu-inductor-213-batches-20261008/batch-01-source-evidence.json#TestStaticTritonCompileResult.test_static_launch_user_defined_triton_kernels,未另行适配复测,,,,
16,01,test_static_triton_launcher.py,TestStaticTritonCompileResult,test_empty_tensor,验证 static-launch 配置下，unbacked 的空输入与非空输入拼接保持数值和形状语义。,条件必测：数值/空张量语义值得保留；作为 NPU launcher 专项验收前，应补实际启用该路径的证据，避免空覆盖。,通过,通过,通过,状态不变,在完整 PR #47384（16437be0）上加回 transfer_to_npu.py::_patch_triton_driver() 及 _init() 调用；显式选择 Ascend driver，并替换 triton_helpers.set_driver_to_gpu。,基线已通过,基线环境已通过；采用 PR、再加回 driver patch 后均保持通过，无本轮新增修复。,,"{""passed"": 1}",False,,原测试全部选中实例的 setup/call/teardown 通过；覆盖范围沿用未变更的测试源码。,batch-01-results.json#test_static_triton_launcher.py::TestStaticTritonCompileResult::test_empty_tensor,../npu-inductor-213-batches-20261008/batch-01-source-evidence.json#TestStaticTritonCompileResult.test_empty_tensor,未另行适配复测,,,,
17,01,test_static_triton_launcher.py,TestStaticTritonCompileResult,test_any,验证 static-launch 配置下 float64 的 any/all/isinf 归约，覆盖有无 Inf 的结果。,dtype 能力项：按声明的 fp64 支持范围验收；不支持时需要明确能力/错误契约，不能换 float32 后称原用例已修复。,失败,失败,失败,状态不变,在完整 PR #47384（16437be0）上加回 transfer_to_npu.py::_patch_triton_driver() 及 _init() 调用；显式选择 Ascend driver，并替换 triton_helpers.set_driver_to_gpu。,尚未全部通过,原用例尚未全部通过，不能将已应用的修改记为修复成功。,restore-driver.patch,"{""failed"": 1}",False,"E           torch._inductor.exc.InductorError: SubprocException: An exception occurred in a subprocess:
E           Name=triton_per_fused_all_any_isinf_logical_not_0
E           Traceback (most recent call last):
E             File ""<site-packages>/torch/_inductor/compile_worker/subproc_pool.py"", line 475, in do_job
E               result = job()
E                        ^^^^^
E             File ""<site-packages>/torch/_inductor/runtime/compile_tasks.py"", line 204, in _worker_compile_triton
E               kernel.precompile(warm_cache_only=True)",本组失败实例出现：PR 已使 CudaDriver.is_active() 为 False，但 PyTorch _is_backend_active 又用 torch.cuda.is_available() 兜底；迁移别名返回 True，仍构造 CudaDriver 并因缺少 libcuda.so 失败。,batch-01-results.json#test_static_triton_launcher.py::TestStaticTritonCompileResult::test_any,../npu-inductor-213-batches-20261008/batch-01-source-evidence.json#TestStaticTritonCompileResult.test_any,未另行适配复测,,,,
18,01,test_static_triton_launcher.py,TestStaticTritonCompileResult,test_disable_static_triton_launcher,验证关闭 static launcher 开关后不调用该构造路径，并保持计算结果正确。,条件必测：数值/空张量语义值得保留；作为 NPU launcher 专项验收前，应补实际启用该路径的证据，避免空覆盖。,通过,通过,通过,状态不变,在完整 PR #47384（16437be0）上加回 transfer_to_npu.py::_patch_triton_driver() 及 _init() 调用；显式选择 Ascend driver，并替换 triton_helpers.set_driver_to_gpu。,基线已通过,基线环境已通过；采用 PR、再加回 driver patch 后均保持通过，无本轮新增修复。,,"{""passed"": 1}",False,,原测试全部选中实例的 setup/call/teardown 通过；覆盖范围沿用未变更的测试源码。,batch-01-results.json#test_static_triton_launcher.py::TestStaticTritonCompileResult::test_disable_static_triton_launcher,../npu-inductor-213-batches-20261008/batch-01-source-evidence.json#TestStaticTritonCompileResult.test_disable_static_triton_launcher,未另行适配复测,,,,
19,01,test_static_triton_launcher.py,TestFastCudaLauncher,test_basic,验证 fast launcher 的 Tensor 与标量参数调用路径及加法结果。,功能启用时必测：NPU 若接入 static/fast launcher，应保留等价参数、资源及开关契约；原 CUDA launcher 接口不直接作为 NPU 基础验收。,失败,失败,失败,状态不变,在完整 PR #47384（16437be0）上加回 transfer_to_npu.py::_patch_triton_driver() 及 _init() 调用；显式选择 Ascend driver，并替换 triton_helpers.set_driver_to_gpu。,尚未全部通过,原用例尚未全部通过，不能将已应用的修改记为修复成功。,restore-driver.patch,"{""failed"": 1}",False,"        else:
>           raise KeyError(""Unknown key: '%s'"" % key)
E           KeyError: ""Unknown key: 'cubin'\n\nTo execute this test, run the following from the base repo dir:\n    python test/inductor/test_static_triton_launcher.py TestFastCudaLauncher.test_basic\n\nThis message can be suppressed by setting PYTORCH_PRINT_REPRO_ON_FAILURE=0""

<site-packages>/triton/compiler/compiler.py:417: KeyError",本轮报告与基线的首错一致：write_cubin_to_tmp 读取 kernel.asm[cubin] 报 KeyError；Ascend 输出 npubin。,batch-01-results.json#test_static_triton_launcher.py::TestFastCudaLauncher::test_basic,../npu-inductor-213-batches-20261008/batch-01-source-evidence.json#TestFastCudaLauncher.test_basic,未另行适配复测,,,,
20,01,test_static_triton_launcher.py,TestFastCudaLauncher,test_multiple_tensor_args,验证 fast launcher 正确传递多个 Tensor 指针参数和独立输出指针。,功能启用时必测：NPU 若接入 static/fast launcher，应保留等价参数、资源及开关契约；原 CUDA launcher 接口不直接作为 NPU 基础验收。,失败,失败,失败,状态不变,在完整 PR #47384（16437be0）上加回 transfer_to_npu.py::_patch_triton_driver() 及 _init() 调用；显式选择 Ascend driver，并替换 triton_helpers.set_driver_to_gpu。,尚未全部通过,原用例尚未全部通过，不能将已应用的修改记为修复成功。,restore-driver.patch,"{""failed"": 1}",False,"        else:
>           raise KeyError(""Unknown key: '%s'"" % key)
E           KeyError: ""Unknown key: 'cubin'\n\nTo execute this test, run the following from the base repo dir:\n    python test/inductor/test_static_triton_launcher.py TestFastCudaLauncher.test_multiple_tensor_args\n\nThis message can be suppressed by setting PYTORCH_PRINT_REPRO_ON_FAILURE=0""

<site-packages>/triton/compiler/compiler.py:417: KeyError",本轮报告与基线的首错一致：write_cubin_to_tmp 读取 kernel.asm[cubin] 报 KeyError；Ascend 输出 npubin。,batch-01-results.json#test_static_triton_launcher.py::TestFastCudaLauncher::test_multiple_tensor_args,../npu-inductor-213-batches-20261008/batch-01-source-evidence.json#TestFastCudaLauncher.test_multiple_tensor_args,未另行适配复测,,,,
21,01,test_static_triton_launcher.py,TestFastCudaLauncher,test_zero_grid,验证 fast launcher 的零 grid 调用不执行 kernel、不修改目标 Tensor。,功能启用时必测：NPU 若接入 static/fast launcher，应保留等价参数、资源及开关契约；原 CUDA launcher 接口不直接作为 NPU 基础验收。,失败,失败,失败,状态不变,在完整 PR #47384（16437be0）上加回 transfer_to_npu.py::_patch_triton_driver() 及 _init() 调用；显式选择 Ascend driver，并替换 triton_helpers.set_driver_to_gpu。,尚未全部通过,原用例尚未全部通过，不能将已应用的修改记为修复成功。,restore-driver.patch,"{""failed"": 1}",False,"        else:
>           raise KeyError(""Unknown key: '%s'"" % key)
E           KeyError: ""Unknown key: 'cubin'\n\nTo execute this test, run the following from the base repo dir:\n    python test/inductor/test_static_triton_launcher.py TestFastCudaLauncher.test_zero_grid\n\nThis message can be suppressed by setting PYTORCH_PRINT_REPRO_ON_FAILURE=0""

<site-packages>/triton/compiler/compiler.py:417: KeyError",本轮报告与基线的首错一致：write_cubin_to_tmp 读取 kernel.asm[cubin] 报 KeyError；Ascend 输出 npubin。,batch-01-results.json#test_static_triton_launcher.py::TestFastCudaLauncher::test_zero_grid,../npu-inductor-213-batches-20261008/batch-01-source-evidence.json#TestFastCudaLauncher.test_zero_grid,未另行适配复测,,,,
22,01,test_static_triton_launcher.py,TestFastCudaLauncher,test_wrong_arg_count,验证 fast launcher 对缺失参数报告 RuntimeError，而非错误启动 kernel。,功能启用时必测：NPU 若接入 static/fast launcher，应保留等价参数、资源及开关契约；原 CUDA launcher 接口不直接作为 NPU 基础验收。,失败,失败,失败,状态不变,在完整 PR #47384（16437be0）上加回 transfer_to_npu.py::_patch_triton_driver() 及 _init() 调用；显式选择 Ascend driver，并替换 triton_helpers.set_driver_to_gpu。,尚未全部通过,原用例尚未全部通过，不能将已应用的修改记为修复成功。,restore-driver.patch,"{""failed"": 1}",False,"        else:
>           raise KeyError(""Unknown key: '%s'"" % key)
E           KeyError: ""Unknown key: 'cubin'\n\nTo execute this test, run the following from the base repo dir:\n    python test/inductor/test_static_triton_launcher.py TestFastCudaLauncher.test_wrong_arg_count\n\nThis message can be suppressed by setting PYTORCH_PRINT_REPRO_ON_FAILURE=0""

<site-packages>/triton/compiler/compiler.py:417: KeyError",本轮报告与基线的首错一致：write_cubin_to_tmp 读取 kernel.asm[cubin] 报 KeyError；Ascend 输出 npubin。,batch-01-results.json#test_static_triton_launcher.py::TestFastCudaLauncher::test_wrong_arg_count,../npu-inductor-213-batches-20261008/batch-01-source-evidence.json#TestFastCudaLauncher.test_wrong_arg_count,未另行适配复测,,,,
23,01,test_static_triton_launcher.py,TestFastCudaLauncher,test_too_many_args_raises_value_error,验证 fast launcher 超过 MAX_ARGS=121 时在构造阶段抛 ValueError，覆盖 130 参数边界。,功能启用时必测：NPU 若接入 static/fast launcher，应保留等价参数、资源及开关契约；原 CUDA launcher 接口不直接作为 NPU 基础验收。,失败,失败,失败,状态不变,在完整 PR #47384（16437be0）上加回 transfer_to_npu.py::_patch_triton_driver() 及 _init() 调用；显式选择 Ascend driver，并替换 triton_helpers.set_driver_to_gpu。,尚未全部通过,原用例尚未全部通过，不能将已应用的修改记为修复成功。,restore-driver.patch,"{""failed"": 1}",False,E       ImportError: cannot import name '_FastCudaLauncher' from 'torch._C' (<site-packages>/torch/_C.cpython-311-x86_64-linux-gnu.so),本轮报告与基线的首错一致：from torch._C import _FastCudaLauncher 报 ImportError；当前 torch 为 2.13.0+cpu。,batch-01-results.json#test_static_triton_launcher.py::TestFastCudaLauncher::test_too_many_args_raises_value_error,../npu-inductor-213-batches-20261008/batch-01-source-evidence.json#TestFastCudaLauncher.test_too_many_args_raises_value_error,未另行适配复测,,,,
24,01,test_static_triton_launcher.py,TestFastCudaLauncherCompileResult,test_basic_compile,验证 torch.compile 加法实际构造 fast launcher，且数值与 eager 一致。,功能启用时必测：NPU 若接入 static/fast launcher，应保留等价参数、资源及开关契约；原 CUDA launcher 接口不直接作为 NPU 基础验收。,失败,失败,失败,状态不变,在完整 PR #47384（16437be0）上加回 transfer_to_npu.py::_patch_triton_driver() 及 _init() 调用；显式选择 Ascend driver，并替换 triton_helpers.set_driver_to_gpu。,尚未全部通过,原用例尚未全部通过，不能将已应用的修改记为修复成功。,restore-driver.patch,"{""failed"": 1}",False,E               AssertionError: False is not true : _FastCudaLauncher was not built by any CachingAutotuner,本轮报告与基线的首错一致：数值比较已通过，但 any(results) 为 False：没有构造 _FastCudaLauncher。,batch-01-results.json#test_static_triton_launcher.py::TestFastCudaLauncherCompileResult::test_basic_compile,../npu-inductor-213-batches-20261008/batch-01-source-evidence.json#TestFastCudaLauncherCompileResult.test_basic_compile,未另行适配复测,,,,
25,01,test_static_triton_launcher.py,TestFastCudaLauncherCompileResult,test_disable_fast_launcher,验证关闭 fast launcher 后使用普通调用路径，未构造 fast launcher 且数值正确。,条件必测：数值/空张量语义值得保留；作为 NPU launcher 专项验收前，应补实际启用该路径的证据，避免空覆盖。,通过,通过,通过,状态不变,在完整 PR #47384（16437be0）上加回 transfer_to_npu.py::_patch_triton_driver() 及 _init() 调用；显式选择 Ascend driver，并替换 triton_helpers.set_driver_to_gpu。,基线已通过,基线环境已通过；采用 PR、再加回 driver patch 后均保持通过，无本轮新增修复。,,"{""passed"": 1}",False,,原测试全部选中实例的 setup/call/teardown 通过；覆盖范围沿用未变更的测试源码。,batch-01-results.json#test_static_triton_launcher.py::TestFastCudaLauncherCompileResult::test_disable_fast_launcher,../npu-inductor-213-batches-20261008/batch-01-source-evidence.json#TestFastCudaLauncherCompileResult.test_disable_fast_launcher,未另行适配复测,,,,
26,02,test_lookup_table.py,TestLookupTable,test_lookup_mismatch,验证 lookup table 的算子 key 不匹配时返回空结果，不误用其它算子的配置。,lookup 功能启用时必测：保留查表、过滤和候选选择契约；未接入 NPU lookup 时不能把原 CUDA 模板断言作为基础算子验收。,通过,通过,通过,状态不变,在完整 PR #47384（16437be0）上加回 transfer_to_npu.py::_patch_triton_driver() 及 _init() 调用；显式选择 Ascend driver，并替换 triton_helpers.set_driver_to_gpu。,基线已通过,基线环境已通过；采用 PR、再加回 driver patch 后均保持通过，无本轮新增修复。,,"{""passed"": 1}",False,,原测试全部选中实例的 setup/call/teardown 通过；覆盖范围沿用未变更的测试源码。,batch-02-results.json#test_lookup_table.py::test_lookup_mismatch,../npu-inductor-213-batches-20261008/batch-02-source-evidence.json#test_lookup_table.py::test_lookup_mismatch,未另行适配复测,,,,
27,02,test_lookup_table.py,TestLookupTable,test_successful_lookup_with_template_filtering,验证命中 lookup table 后按 template_id 筛选多种模板配置，并移除仅用于查表的字段。,lookup 功能启用时必测：保留查表、过滤和候选选择契约；未接入 NPU lookup 时不能把原 CUDA 模板断言作为基础算子验收。,失败,失败,失败,状态不变,在完整 PR #47384（16437be0）上加回 transfer_to_npu.py::_patch_triton_driver() 及 _init() 调用；显式选择 Ascend driver，并替换 triton_helpers.set_driver_to_gpu。,尚未全部通过,原用例尚未全部通过，不能将已应用的修改记为修复成功。,restore-driver.patch,"{""failed"": 1}",False,"                raise AssertionError(""Result should not be None"")
>           self.assertEqual(len(result[""triton""]), 2)
E           KeyError: 'triton\n\nTo execute this test, run the following from the base repo dir:\n    python test/inductor/test_lookup_table.py TestLookupTable.test_successful_lookup_with_template_filtering\n\nThis message can be suppressed by setting PYTORCH_PRINT_REPRO_ON_FAILURE=0'

test_lookup_table.py:215: KeyError",本轮异常签名/跳过原因及实例结果与基线一致：_get_device_key 对非 cuda 返回 None；NPU 的 make_lookup_key/variants 为 None，查表返回 {}，触发键缺失、数量或应抛 ValueError 的断言。,batch-02-results.json#test_lookup_table.py::test_successful_lookup_with_template_filtering,../npu-inductor-213-batches-20261008/batch-02-source-evidence.json#test_lookup_table.py::test_successful_lookup_with_template_filtering,未另行适配复测,,,,
28,02,test_lookup_table.py,TestLookupTable,test_empty_table,验证空 lookup table 返回空结果，作为正常未命中处理。,lookup 功能启用时必测：保留查表、过滤和候选选择契约；未接入 NPU lookup 时不能把原 CUDA 模板断言作为基础算子验收。,通过,通过,通过,状态不变,在完整 PR #47384（16437be0）上加回 transfer_to_npu.py::_patch_triton_driver() 及 _init() 调用；显式选择 Ascend driver，并替换 triton_helpers.set_driver_to_gpu。,基线已通过,基线环境已通过；采用 PR、再加回 driver patch 后均保持通过，无本轮新增修复。,,"{""passed"": 1}",False,,原测试全部选中实例的 setup/call/teardown 通过；覆盖范围沿用未变更的测试源码。,batch-02-results.json#test_lookup_table.py::test_empty_table,../npu-inductor-213-batches-20261008/batch-02-source-evidence.json#test_lookup_table.py::test_empty_table,未另行适配复测,,,,
29,02,test_lookup_table.py,TestLookupTable,test_validation_error,验证命中的配置缺少必需 template_id 时报告明确的 ValueError。,lookup 功能启用时必测：保留查表、过滤和候选选择契约；未接入 NPU lookup 时不能把原 CUDA 模板断言作为基础算子验收。,失败,失败,失败,状态不变,在完整 PR #47384（16437be0）上加回 transfer_to_npu.py::_patch_triton_driver() 及 _init() 调用；显式选择 Ascend driver，并替换 triton_helpers.set_driver_to_gpu。,尚未全部通过,原用例尚未全部通过，不能将已应用的修改记为修复成功。,restore-driver.patch,"{""failed"": 1}",False,E           AssertionError: ValueError not raised,本轮异常签名/跳过原因及实例结果与基线一致：_get_device_key 对非 cuda 返回 None；NPU 的 make_lookup_key/variants 为 None，查表返回 {}，触发键缺失、数量或应抛 ValueError 的断言。,batch-02-results.json#test_lookup_table.py::test_validation_error,../npu-inductor-213-batches-20261008/batch-02-source-evidence.json#test_lookup_table.py::test_validation_error,未另行适配复测,,,,
30,02,test_lookup_table.py,TestLookupTable,test_cpu_input_returns_empty,验证 CPU 输入不命中面向加速器的 lookup table，避免误用设备专用配置。,lookup 功能启用时必测：保留查表、过滤和候选选择契约；未接入 NPU lookup 时不能把原 CUDA 模板断言作为基础算子验收。,通过,通过,通过,状态不变,在完整 PR #47384（16437be0）上加回 transfer_to_npu.py::_patch_triton_driver() 及 _init() 调用；显式选择 Ascend driver，并替换 triton_helpers.set_driver_to_gpu。,基线已通过,基线环境已通过；采用 PR、再加回 driver patch 后均保持通过，无本轮新增修复。,,"{""passed"": 1}",False,,原测试全部选中实例的 setup/call/teardown 通过；覆盖范围沿用未变更的测试源码。,batch-02-results.json#test_lookup_table.py::test_cpu_input_returns_empty,../npu-inductor-213-batches-20261008/batch-02-source-evidence.json#test_lookup_table.py::test_cpu_input_returns_empty,未另行适配复测,,,,
31,02,test_lookup_table.py,TestLookupTable,test_multiple_calls_work,验证同一 lookup 对象重复查不同模板时结果稳定，不被前次查询修改。,lookup 功能启用时必测：保留查表、过滤和候选选择契约；未接入 NPU lookup 时不能把原 CUDA 模板断言作为基础算子验收。,失败,失败,失败,状态不变,在完整 PR #47384（16437be0）上加回 transfer_to_npu.py::_patch_triton_driver() 及 _init() 调用；显式选择 Ascend driver，并替换 triton_helpers.set_driver_to_gpu。,尚未全部通过,原用例尚未全部通过，不能将已应用的修改记为修复成功。,restore-driver.patch,"{""failed"": 1}",False,"                raise AssertionError(""Result2 should not be None"")
>           self.assertEqual(len(result1[""triton""]), 1)
E           KeyError: 'triton\n\nTo execute this test, run the following from the base repo dir:\n    python test/inductor/test_lookup_table.py TestLookupTable.test_multiple_calls_work\n\nThis message can be suppressed by setting PYTORCH_PRINT_REPRO_ON_FAILURE=0'

test_lookup_table.py:303: KeyError",本轮异常签名/跳过原因及实例结果与基线一致：_get_device_key 对非 cuda 返回 None；NPU 的 make_lookup_key/variants 为 None，查表返回 {}，触发键缺失、数量或应抛 ValueError 的断言。,batch-02-results.json#test_lookup_table.py::test_multiple_calls_work,../npu-inductor-213-batches-20261008/batch-02-source-evidence.json#test_lookup_table.py::test_multiple_calls_work,未另行适配复测,,,,
32,02,test_lookup_table.py,TestLookupTable,test_batch_lookup_mixed_entries,验证一次查询多个模板时只返回存在的配置，保留各模板参数且排除缺失项。,lookup 功能启用时必测：保留查表、过滤和候选选择契约；未接入 NPU lookup 时不能把原 CUDA 模板断言作为基础算子验收。,失败,失败,失败,状态不变,在完整 PR #47384（16437be0）上加回 transfer_to_npu.py::_patch_triton_driver() 及 _init() 调用；显式选择 Ascend driver，并替换 triton_helpers.set_driver_to_gpu。,尚未全部通过,原用例尚未全部通过，不能将已应用的修改记为修复成功。,restore-driver.patch,"{""failed"": 1}",False,E           AssertionError: 'triton' not found in {},本轮异常签名/跳过原因及实例结果与基线一致：_get_device_key 对非 cuda 返回 None；NPU 的 make_lookup_key/variants 为 None，查表返回 {}，触发键缺失、数量或应抛 ValueError 的断言。,batch-02-results.json#test_lookup_table.py::test_batch_lookup_mixed_entries,../npu-inductor-213-batches-20261008/batch-02-source-evidence.json#test_lookup_table.py::test_batch_lookup_mixed_entries,未另行适配复测,,,,
33,02,test_lookup_table.py,TestLookupTable,test_template_hash_checking,验证模板源码 hash 匹配、失配及缺省时的保留/过滤规则，并剥离返回配置中的 hash 字段。,lookup 功能启用时必测：保留查表、过滤和候选选择契约；未接入 NPU lookup 时不能把原 CUDA 模板断言作为基础算子验收。,失败,失败,失败,状态不变,在完整 PR #47384（16437be0）上加回 transfer_to_npu.py::_patch_triton_driver() 及 _init() 调用；显式选择 Ascend driver，并替换 triton_helpers.set_driver_to_gpu。,尚未全部通过,原用例尚未全部通过，不能将已应用的修改记为修复成功。,restore-driver.patch,"{""failed"": 4, ""passed"": 1}",False,"E               AssertionError: 'triton' not found in {}

E               AssertionError: 'triton' not found in {}

E               AssertionError: 'triton' not found in {}

E               AssertionError: 'triton' not found in {}",本轮异常签名/跳过原因及实例结果与基线一致：_get_device_key 对非 cuda 返回 None；NPU 的 make_lookup_key/variants 为 None，查表返回 {}，触发键缺失、数量或应抛 ValueError 的断言。,batch-02-results.json#test_lookup_table.py::test_template_hash_checking,../npu-inductor-213-batches-20261008/batch-02-source-evidence.json#test_lookup_table.py::test_template_hash_checking,未另行适配复测,,,,
34,02,test_lookup_table.py,TestLookupTable,test_template_hash_checking_disabled,验证关闭源码 hash 检查后保留失配配置，同时不向模板执行端传递 hash 字段。,lookup 功能启用时必测：保留查表、过滤和候选选择契约；未接入 NPU lookup 时不能把原 CUDA 模板断言作为基础算子验收。,失败,失败,失败,状态不变,在完整 PR #47384（16437be0）上加回 transfer_to_npu.py::_patch_triton_driver() 及 _init() 调用；显式选择 Ascend driver，并替换 triton_helpers.set_driver_to_gpu。,尚未全部通过,原用例尚未全部通过，不能将已应用的修改记为修复成功。,restore-driver.patch,"{""failed"": 1}",False,E           AssertionError: 'triton' not found in {},本轮异常签名/跳过原因及实例结果与基线一致：_get_device_key 对非 cuda 返回 None；NPU 的 make_lookup_key/variants 为 None，查表返回 {}，触发键缺失、数量或应抛 ValueError 的断言。,batch-02-results.json#test_lookup_table.py::test_template_hash_checking_disabled,../npu-inductor-213-batches-20261008/batch-02-source-evidence.json#test_lookup_table.py::test_template_hash_checking_disabled,未另行适配复测,,,,
35,02,test_lookup_table.py,TestLookupTable,test_template_hash_mixed_scenarios,验证混合正确、错误和缺省 hash 的配置列表只过滤错误项。,lookup 功能启用时必测：保留查表、过滤和候选选择契约；未接入 NPU lookup 时不能把原 CUDA 模板断言作为基础算子验收。,失败,失败,失败,状态不变,在完整 PR #47384（16437be0）上加回 transfer_to_npu.py::_patch_triton_driver() 及 _init() 调用；显式选择 Ascend driver，并替换 triton_helpers.set_driver_to_gpu。,尚未全部通过,原用例尚未全部通过，不能将已应用的修改记为修复成功。,restore-driver.patch,"{""failed"": 1}",False,E           AssertionError: 'triton' not found in {},本轮异常签名/跳过原因及实例结果与基线一致：_get_device_key 对非 cuda 返回 None；NPU 的 make_lookup_key/variants 为 None，查表返回 {}，触发键缺失、数量或应抛 ValueError 的断言。,batch-02-results.json#test_lookup_table.py::test_template_hash_mixed_scenarios,../npu-inductor-213-batches-20261008/batch-02-source-evidence.json#test_lookup_table.py::test_template_hash_mixed_scenarios,未另行适配复测,,,,
36,02,test_lookup_table.py,TestLookupTable,test_hash_checking_disabled_edge_cases,验证关闭 hash 检查后，畸形字符串、数字、空值和缺省字段均不会错误过滤合法配置。,lookup 功能启用时必测：保留查表、过滤和候选选择契约；未接入 NPU lookup 时不能把原 CUDA 模板断言作为基础算子验收。,失败,失败,失败,状态不变,在完整 PR #47384（16437be0）上加回 transfer_to_npu.py::_patch_triton_driver() 及 _init() 调用；显式选择 Ascend driver，并替换 triton_helpers.set_driver_to_gpu。,尚未全部通过,原用例尚未全部通过，不能将已应用的修改记为修复成功。,restore-driver.patch,"{""failed"": 4}",False,"E           AssertionError: 'triton' not found in {} : Should have triton result for missing hash field

E           AssertionError: 'triton' not found in {} : Should have triton result for non-string hash

E           AssertionError: 'triton' not found in {} : Should have triton result for empty string hash

E           AssertionError: 'triton' not found in {} : Should have triton result for malformed hash",本轮异常签名/跳过原因及实例结果与基线一致：_get_device_key 对非 cuda 返回 None；NPU 的 make_lookup_key/variants 为 None，查表返回 {}，触发键缺失、数量或应抛 ValueError 的断言。,batch-02-results.json#test_lookup_table.py::test_hash_checking_disabled_edge_cases,../npu-inductor-213-batches-20261008/batch-02-source-evidence.json#test_lookup_table.py::test_hash_checking_disabled_edge_cases,未另行适配复测,,,,
37,02,test_lookup_table.py,TestLookupTable,test_device_key_lookup_scenarios,验证设备专用 key 与通用 key 在设备相同/不同情况下的命中规则。,lookup 功能启用时必测：保留查表、过滤和候选选择契约；未接入 NPU lookup 时不能把原 CUDA 模板断言作为基础算子验收。,失败,失败,失败,状态不变,在完整 PR #47384（16437be0）上加回 transfer_to_npu.py::_patch_triton_driver() 及 _init() 调用；显式选择 Ascend driver，并替换 triton_helpers.set_driver_to_gpu。,尚未全部通过,原用例尚未全部通过，不能将已应用的修改记为修复成功。,restore-driver.patch,"{""failed"": 3, ""passed"": 1}",False,"E           AssertionError: 'triton' not found in {} : Should have triton result when found

E           AssertionError: 'triton' not found in {} : Should have triton result when found

E           AssertionError: 'triton' not found in {} : Should have triton result when found",本轮异常签名/跳过原因及实例结果与基线一致：_get_device_key 对非 cuda 返回 None；NPU 的 make_lookup_key/variants 为 None，查表返回 {}，触发键缺失、数量或应抛 ValueError 的断言。,batch-02-results.json#test_lookup_table.py::test_device_key_lookup_scenarios,../npu-inductor-213-batches-20261008/batch-02-source-evidence.json#test_lookup_table.py::test_device_key_lookup_scenarios,未另行适配复测,,,,
38,02,test_lookup_table.py,TestLookupTable,test_device_key_priority,验证同一算子同时有设备专用和通用配置时，优先采用设备专用配置。,lookup 功能启用时必测：保留查表、过滤和候选选择契约；未接入 NPU lookup 时不能把原 CUDA 模板断言作为基础算子验收。,失败,失败,失败,状态不变,在完整 PR #47384（16437be0）上加回 transfer_to_npu.py::_patch_triton_driver() 及 _init() 调用；显式选择 Ascend driver，并替换 triton_helpers.set_driver_to_gpu。,尚未全部通过,原用例尚未全部通过，不能将已应用的修改记为修复成功。,restore-driver.patch,"{""failed"": 1}",False,E           AssertionError: 'triton' not found in {},本轮异常签名/跳过原因及实例结果与基线一致：_get_device_key 对非 cuda 返回 None；NPU 的 make_lookup_key/variants 为 None，查表返回 {}，触发键缺失、数量或应抛 ValueError 的断言。,batch-02-results.json#test_lookup_table.py::test_device_key_priority,../npu-inductor-213-batches-20261008/batch-02-source-evidence.json#test_lookup_table.py::test_device_key_priority,未另行适配复测,,,,
39,02,test_lookup_table.py,TestLookupTable,test_make_lookup_key_variants,验证生成的设备专用/通用 lookup key 均为字符串，且正确包含输入和设备标识。,lookup 功能启用时必测：保留查表、过滤和候选选择契约；未接入 NPU lookup 时不能把原 CUDA 模板断言作为基础算子验收。,失败,失败,失败,状态不变,在完整 PR #47384（16437be0）上加回 transfer_to_npu.py::_patch_triton_driver() 及 _init() 调用；显式选择 Ascend driver，并替换 triton_helpers.set_driver_to_gpu。,尚未全部通过,原用例尚未全部通过，不能将已应用的修改记为修复成功。,restore-driver.patch,"{""failed"": 1}",False,E       AssertionError: None is not an instance of <class 'str'>,本轮异常签名/跳过原因及实例结果与基线一致：_get_device_key 对非 cuda 返回 None；NPU 的 make_lookup_key/variants 为 None，查表返回 {}，触发键缺失、数量或应抛 ValueError 的断言。,batch-02-results.json#test_lookup_table.py::test_make_lookup_key_variants,../npu-inductor-213-batches-20261008/batch-02-source-evidence.json#test_lookup_table.py::test_make_lookup_key_variants,未另行适配复测,,,,
40,02,test_lookup_table.py,TestLookupTableE2E,test_no_lookup_table_entry_autotune_modes,验证 lookup 未命中时 max_autotune 开/关下的候选选择及矩阵运算仍正常。,lookup 功能启用时必测：保留查表、过滤和候选选择契约；未接入 NPU lookup 时不能把原 CUDA 模板断言作为基础算子验收。,通过,通过,通过,状态不变,在完整 PR #47384（16437be0）上加回 transfer_to_npu.py::_patch_triton_driver() 及 _init() 调用；显式选择 Ascend driver，并替换 triton_helpers.set_driver_to_gpu。,基线已通过,基线环境已通过；采用 PR、再加回 driver patch 后均保持通过，无本轮新增修复。,,"{""passed"": 2}",False,,原测试全部选中实例的 setup/call/teardown 通过；覆盖范围沿用未变更的测试源码。,batch-02-results.json#test_lookup_table.py::test_no_lookup_table_entry_autotune_modes,../npu-inductor-213-batches-20261008/batch-02-source-evidence.json#test_lookup_table.py::test_no_lookup_table_entry_autotune_modes,未另行适配复测,,,,
41,02,test_lookup_table.py,TestLookupTableE2E,test_valid_lookup_table_entry,验证 mm/addmm/bmm/mm_plus_mm 的有效查表配置参与候选选择，结果与参考实现一致。,lookup 功能启用时必测：保留查表、过滤和候选选择契约；未接入 NPU lookup 时不能把原 CUDA 模板断言作为基础算子验收。,通过,通过,通过,状态不变,在完整 PR #47384（16437be0）上加回 transfer_to_npu.py::_patch_triton_driver() 及 _init() 调用；显式选择 Ascend driver，并替换 triton_helpers.set_driver_to_gpu。,基线已通过,基线环境已通过；采用 PR、再加回 driver patch 后均保持通过，无本轮新增修复。,,"{""passed"": 4}",False,,原测试全部选中实例的 setup/call/teardown 通过；覆盖范围沿用未变更的测试源码。,batch-02-results.json#test_lookup_table.py::test_valid_lookup_table_entry,../npu-inductor-213-batches-20261008/batch-02-source-evidence.json#test_lookup_table.py::test_valid_lookup_table_entry,未另行适配复测,,,,
42,02,test_lookup_table.py,TestLookupTableE2E,test_tma_lookup_table_entry,验证具备 TMA 能力时 mm/addmm 的 persistent TMA 模板查表、候选数和结果。,CUDA TMA 专项：保留真实能力条件；NPU 等价查表功能应使用 NPU 模板覆盖，不能仅删除 skip。,跳过,跳过,跳过,状态不变,在完整 PR #47384（16437be0）上加回 transfer_to_npu.py::_patch_triton_driver() 及 _init() 调用；显式选择 Ascend driver，并替换 triton_helpers.set_driver_to_gpu。,尚未全部通过,原用例尚未全部通过，不能将已应用的修改记为修复成功。,restore-driver.patch,"{""skipped"": 2}",False,,"本轮异常签名/跳过原因及实例结果与基线一致：@skipIf(not has_triton_tma_device(), ""Need TMA support"") 跳过。",batch-02-results.json#test_lookup_table.py::test_tma_lookup_table_entry,../npu-inductor-213-batches-20261008/batch-02-source-evidence.json#test_lookup_table.py::test_tma_lookup_table_entry,跳过,测试副本设置 PYTORCH_TEST_WITH_SLOW=1；保留原测试及真实 TMA/CUTLASS 条件，未伪造能力或强制解除 skip。,适配复测仍未通过；下列适配条件不代表修复成功。,../npu-inductor-213-batches-20261008/skip-validation/manifest.json；restore-driver.patch,skip/case-42.json#test_lookup_table.py::test_tma_lookup_table_entry
43,02,test_lookup_table.py,TestLookupTableE2E,test_decompose_k_lookup_table_entry,验证 decompose_k 子图模板查表后候选选择及矩阵乘结果。,lookup 功能启用时必测：保留查表、过滤和候选选择契约；未接入 NPU lookup 时不能把原 CUDA 模板断言作为基础算子验收。,通过,通过,通过,状态不变,在完整 PR #47384（16437be0）上加回 transfer_to_npu.py::_patch_triton_driver() 及 _init() 调用；显式选择 Ascend driver，并替换 triton_helpers.set_driver_to_gpu。,基线已通过,基线环境已通过；采用 PR、再加回 driver patch 后均保持通过，无本轮新增修复。,,"{""passed"": 1}",False,,原测试全部选中实例的 setup/call/teardown 通过；覆盖范围沿用未变更的测试源码。,batch-02-results.json#test_lookup_table.py::test_decompose_k_lookup_table_entry,../npu-inductor-213-batches-20261008/batch-02-source-evidence.json#test_lookup_table.py::test_decompose_k_lookup_table_entry,未另行适配复测,,,,
44,02,test_lookup_table.py,TestLookupTableE2E,test_bias_addmm_lookup_table_entry,验证 stride=0 的广播 bias 匹配 bias_addmm 配置时，ATEN 候选路径正确执行。,lookup 功能启用时必测：保留查表、过滤和候选选择契约；未接入 NPU lookup 时不能把原 CUDA 模板断言作为基础算子验收。,失败,失败,失败,状态不变,在完整 PR #47384（16437be0）上加回 transfer_to_npu.py::_patch_triton_driver() 及 _init() 调用；显式选择 Ascend driver，并替换 triton_helpers.set_driver_to_gpu。,尚未全部通过,原用例尚未全部通过，不能将已应用的修改记为修复成功。,restore-driver.patch,"{""failed"": 1}",False,"E       torch._inductor.exc.InductorError: AttributeError: module 'torch._C' has no attribute '_cuda_cudaCachingAllocator_is_enabled'
E       Set TORCHDYNAMO_VERBOSE=1 for the internal stack trace (please do this especially if you're reporting a bug to PyTorch). For even more developer context, set TORCH_LOGS=""+dynamo""",本轮异常签名/跳过原因及实例结果与基线一致：mode=max-autotune 开启图捕获路径；check_caching_allocator_for_cudagraphs 调用 torch._C._cuda_cudaCachingAllocator_is_enabled，CPU torch 构建无该符号。,batch-02-results.json#test_lookup_table.py::test_bias_addmm_lookup_table_entry,../npu-inductor-213-batches-20261008/batch-02-source-evidence.json#test_lookup_table.py::test_bias_addmm_lookup_table_entry,未另行适配复测,,,,
45,02,test_lookup_table.py,TestLookupTableE2E,test_multiple_configs_same_template,验证同一 persistent TMA 模板的两组配置均作为候选参与选择并正确计算。,CUDA TMA 专项：保留真实能力条件；NPU 等价查表功能应使用 NPU 模板覆盖，不能仅删除 skip。,跳过,跳过,跳过,状态不变,在完整 PR #47384（16437be0）上加回 transfer_to_npu.py::_patch_triton_driver() 及 _init() 调用；显式选择 Ascend driver，并替换 triton_helpers.set_driver_to_gpu。,尚未全部通过,原用例尚未全部通过，不能将已应用的修改记为修复成功。,restore-driver.patch,"{""skipped"": 1}",False,,"本轮异常签名/跳过原因及实例结果与基线一致：@skipIf(not has_triton_tma_device(), ""Need TMA support"") 跳过。",batch-02-results.json#test_lookup_table.py::test_multiple_configs_same_template,../npu-inductor-213-batches-20261008/batch-02-source-evidence.json#test_lookup_table.py::test_multiple_configs_same_template,跳过,测试副本设置 PYTORCH_TEST_WITH_SLOW=1；保留原测试及真实 TMA/CUTLASS 条件，未伪造能力或强制解除 skip。,适配复测仍未通过；下列适配条件不代表修复成功。,../npu-inductor-213-batches-20261008/skip-validation/manifest.json；restore-driver.patch,skip/case-45.json#test_lookup_table.py::test_multiple_configs_same_template
46,02,test_lookup_table.py,TestLookupTableE2E,test_mixed_template_configs,验证普通 Triton 与 persistent TMA 两类模板配置可共同参与候选选择。,CUDA TMA 专项：保留真实能力条件；NPU 等价查表功能应使用 NPU 模板覆盖，不能仅删除 skip。,跳过,跳过,跳过,状态不变,在完整 PR #47384（16437be0）上加回 transfer_to_npu.py::_patch_triton_driver() 及 _init() 调用；显式选择 Ascend driver，并替换 triton_helpers.set_driver_to_gpu。,尚未全部通过,原用例尚未全部通过，不能将已应用的修改记为修复成功。,restore-driver.patch,"{""skipped"": 1}",False,,"本轮异常签名/跳过原因及实例结果与基线一致：@skipIf(not has_triton_tma_device(), ""Need TMA support"") 跳过。",batch-02-results.json#test_lookup_table.py::test_mixed_template_configs,../npu-inductor-213-batches-20261008/batch-02-source-evidence.json#test_lookup_table.py::test_mixed_template_configs,跳过,测试副本设置 PYTORCH_TEST_WITH_SLOW=1；保留原测试及真实 TMA/CUTLASS 条件，未伪造能力或强制解除 skip。,适配复测仍未通过；下列适配条件不代表修复成功。,../npu-inductor-213-batches-20261008/skip-validation/manifest.json；restore-driver.patch,skip/case-46.json#test_lookup_table.py::test_mixed_template_configs
47,02,test_lookup_table.py,TestLookupTableE2E,test_template_hash_filtering_e2e,验证真实矩阵乘编译中按模板源码 hash 过滤过期配置并保留正确候选。,lookup 功能启用时必测：保留查表、过滤和候选选择契约；未接入 NPU lookup 时不能把原 CUDA 模板断言作为基础算子验收。,通过,通过,通过,状态不变,在完整 PR #47384（16437be0）上加回 transfer_to_npu.py::_patch_triton_driver() 及 _init() 调用；显式选择 Ascend driver，并替换 triton_helpers.set_driver_to_gpu。,基线已通过,基线环境已通过；采用 PR、再加回 driver patch 后均保持通过，无本轮新增修复。,,"{""passed"": 1}",False,,原测试全部选中实例的 setup/call/teardown 通过；覆盖范围沿用未变更的测试源码。,batch-02-results.json#test_lookup_table.py::test_template_hash_filtering_e2e,../npu-inductor-213-batches-20261008/batch-02-source-evidence.json#test_lookup_table.py::test_template_hash_filtering_e2e,未另行适配复测,,,,
48,03,test_utils.py,TestUtilsCUDA,test_flops_fx,验证 FX 节点形式及 OpOverload 形式的支持算子能估算 FLOPs，不支持的逐元素算子返回无估算。,性能估算工具：NPU 使用 FLOPs/TFLOPs 估算做调度或分析时需适配；不属于数值 kernel 必测项。,失败,失败,失败,状态不变,在完整 PR #47384（16437be0）上加回 transfer_to_npu.py::_patch_triton_driver() 及 _init() 调用；显式选择 Ascend driver，并替换 triton_helpers.set_driver_to_gpu。,尚未全部通过,原用例尚未全部通过，不能将已应用的修改记为修复成功。,restore-driver.patch,"{""failed"": 1}",False,E           AttributeError: module 'torch._C' has no attribute '_cuda_setStream',本轮异常签名/跳过原因及实例结果与基线一致：TestUtilsCUDA 包装器进入 CudaNonDefaultStream.__enter__，直接调用缺失的 torch._C._cuda_setStream。,batch-03-results.json#test_utils.py::test_flops_fx,../npu-inductor-213-batches-20261008/batch-03-source-evidence.json#test_utils.py::test_flops_fx,未另行适配复测,,,,
49,03,test_utils.py,TestUtilsCUDA,test_get_device_tflops,验证按 float16/bfloat16/float32 查询设备理论 TFLOPs 的工具接口返回浮点数。,性能估算工具：NPU 使用 FLOPs/TFLOPs 估算做调度或分析时需适配；不属于数值 kernel 必测项。,失败,失败,失败,状态不变,在完整 PR #47384（16437be0）上加回 transfer_to_npu.py::_patch_triton_driver() 及 _init() 调用；显式选择 Ascend driver，并替换 triton_helpers.set_driver_to_gpu。,尚未全部通过,原用例尚未全部通过，不能将已应用的修改记为修复成功。,restore-driver.patch,"{""failed"": 3}",False,"E           AttributeError: module 'torch._C' has no attribute '_cuda_setStream'

E           AttributeError: module 'torch._C' has no attribute '_cuda_setStream'

E           AttributeError: module 'torch._C' has no attribute '_cuda_setStream'",本轮异常签名/跳过原因及实例结果与基线一致：TestUtilsCUDA 包装器进入 CudaNonDefaultStream.__enter__，直接调用缺失的 torch._C._cuda_setStream。,batch-03-results.json#test_utils.py::test_get_device_tflops,../npu-inductor-213-batches-20261008/batch-03-source-evidence.json#test_utils.py::test_get_device_tflops,未另行适配复测,,,,
50,03,test_utils.py,TestFP4Support,test_ensure_fp4_dtype_registered,验证 FP4 注册工具将 torch.float4_e2m1fn_x2 映射到 CUTLASS Float4E2M1FN，且不破坏 float32 映射。,CUDA/CUTLASS 类型注册专项：不作为 NPU kernel 验收；仅在承诺兼容该工具依赖时需要。,跳过,跳过,跳过,状态不变,在完整 PR #47384（16437be0）上加回 transfer_to_npu.py::_patch_triton_driver() 及 _init() 调用；显式选择 Ascend driver，并替换 triton_helpers.set_driver_to_gpu。,尚未全部通过,原用例尚未全部通过，不能将已应用的修改记为修复成功。,restore-driver.patch,"{""skipped"": 1}",False,,本轮异常签名/跳过原因及实例结果与基线一致：原 skip 条件要求 CUDA 可用且安装 cutlass_api；当前缺少 cutlass_api，测试体跳过。,batch-03-results.json#test_utils.py::test_ensure_fp4_dtype_registered,../npu-inductor-213-batches-20261008/batch-03-source-evidence.json#test_utils.py::test_ensure_fp4_dtype_registered,跳过,测试副本设置 PYTORCH_TEST_WITH_SLOW=1；保留原测试及真实 TMA/CUTLASS 条件，未伪造能力或强制解除 skip。,适配复测仍未通过；下列适配条件不代表修复成功。,../npu-inductor-213-batches-20261008/skip-validation/manifest.json；restore-driver.patch,skip/case-50.json#test_utils.py::test_ensure_fp4_dtype_registered
51,03,test_inplacing_pass.py,TestReinplacingPassCorrectness,test_dont_modify_live,验证 index_put 的源中间值仍被输出引用时，reinplace 优化不会提前覆盖活跃数据。,编译优化正确性：建议保留；检查原地更新、别名和 clone，避免优化改变用户可见语义。,失败,失败,失败,状态不变,在完整 PR #47384（16437be0）上加回 transfer_to_npu.py::_patch_triton_driver() 及 _init() 调用；显式选择 Ascend driver，并替换 triton_helpers.set_driver_to_gpu。,尚未全部通过,原用例尚未全部通过，不能将已应用的修改记为修复成功。,restore-driver.patch,"{""failed"": 1}",False,"E       RuntimeError: Expected all tensors to be on the same device. Expected NPU tensor, please check whether the input tensor device is correct.
E       [ERROR] 2026-10-09-11:32:53 (PID:<redacted>, Device:0, RankID:-1) ERR01002 OPS invalid type",本轮异常签名/跳过原因及实例结果与基线一致：全局 const=torch.tensor(0.0) 位于 CPU；_test 创建 NPU x/y，f(*inp) 中 index_put/index_put_ 拒绝跨设备 value。编译函数尚未执行。,batch-03-results.json#test_inplacing_pass.py::test_dont_modify_live,../npu-inductor-213-batches-20261008/batch-03-source-evidence.json#test_inplacing_pass.py::test_dont_modify_live,未另行适配复测,,,,
52,03,test_inplacing_pass.py,TestReinplacingPassCorrectness,test_dont_modify_view_of_live,验证对活跃 Tensor 的 alias/view 更新时，reinplace 优化不会破坏后续对原值的使用。,编译优化正确性：建议保留；检查原地更新、别名和 clone，避免优化改变用户可见语义。,失败,失败,失败,状态不变,在完整 PR #47384（16437be0）上加回 transfer_to_npu.py::_patch_triton_driver() 及 _init() 调用；显式选择 Ascend driver，并替换 triton_helpers.set_driver_to_gpu。,尚未全部通过,原用例尚未全部通过，不能将已应用的修改记为修复成功。,restore-driver.patch,"{""failed"": 1}",False,"E       RuntimeError: Expected all tensors to be on the same device. Expected NPU tensor, please check whether the input tensor device is correct.
E       [ERROR] 2026-10-09-11:32:53 (PID:<redacted>, Device:0, RankID:-1) ERR01002 OPS invalid type",本轮异常签名/跳过原因及实例结果与基线一致：全局 const=torch.tensor(0.0) 位于 CPU；_test 创建 NPU x/y，f(*inp) 中 index_put/index_put_ 拒绝跨设备 value。编译函数尚未执行。,batch-03-results.json#test_inplacing_pass.py::test_dont_modify_view_of_live,../npu-inductor-213-batches-20261008/batch-03-source-evidence.json#test_inplacing_pass.py::test_dont_modify_view_of_live,未另行适配复测,,,,
53,03,test_inplacing_pass.py,TestReinplacingPassCorrectness,test_dont_modify_input,验证原本非原地的 index_put 不会被优化成意外修改图输入。,编译优化正确性：建议保留；检查原地更新、别名和 clone，避免优化改变用户可见语义。,失败,失败,失败,状态不变,在完整 PR #47384（16437be0）上加回 transfer_to_npu.py::_patch_triton_driver() 及 _init() 调用；显式选择 Ascend driver，并替换 triton_helpers.set_driver_to_gpu。,尚未全部通过,原用例尚未全部通过，不能将已应用的修改记为修复成功。,restore-driver.patch,"{""failed"": 1}",False,"E       RuntimeError: Expected all tensors to be on the same device. Expected NPU tensor, please check whether the input tensor device is correct.
E       [ERROR] 2026-10-09-11:32:53 (PID:<redacted>, Device:0, RankID:-1) ERR01002 OPS invalid type",本轮异常签名/跳过原因及实例结果与基线一致：全局 const=torch.tensor(0.0) 位于 CPU；_test 创建 NPU x/y，f(*inp) 中 index_put/index_put_ 拒绝跨设备 value。编译函数尚未执行。,batch-03-results.json#test_inplacing_pass.py::test_dont_modify_input,../npu-inductor-213-batches-20261008/batch-03-source-evidence.json#test_inplacing_pass.py::test_dont_modify_input,未另行适配复测,,,,
54,03,test_inplacing_pass.py,TestReinplacingPassCorrectness,test_should_modify_inner,验证无其它活跃引用的内部 Tensor 可以安全 reinplace，同时保持结果正确。,编译优化正确性：建议保留；检查原地更新、别名和 clone，避免优化改变用户可见语义。,失败,失败,失败,状态不变,在完整 PR #47384（16437be0）上加回 transfer_to_npu.py::_patch_triton_driver() 及 _init() 调用；显式选择 Ascend driver，并替换 triton_helpers.set_driver_to_gpu。,尚未全部通过,原用例尚未全部通过，不能将已应用的修改记为修复成功。,restore-driver.patch,"{""failed"": 1}",False,"E       RuntimeError: Expected all tensors to be on the same device. Expected NPU tensor, please check whether the input tensor device is correct.
E       [ERROR] 2026-10-09-11:34:00 (PID:<redacted>, Device:0, RankID:-1) ERR01002 OPS invalid type",本轮异常签名/跳过原因及实例结果与基线一致：全局 const=torch.tensor(0.0) 位于 CPU；_test 创建 NPU x/y，f(*inp) 中 index_put/index_put_ 拒绝跨设备 value。编译函数尚未执行。,batch-03-results.json#test_inplacing_pass.py::test_should_modify_inner,../npu-inductor-213-batches-20261008/batch-03-source-evidence.json#test_inplacing_pass.py::test_should_modify_inner,未另行适配复测,,,,
55,03,test_inplacing_pass.py,TestReinplacingPassCorrectness,test_should_modify_input,验证原本原地的 index_put_ 经 functionalization 和 reinplace 后仍正确修改输入。,编译优化正确性：建议保留；检查原地更新、别名和 clone，避免优化改变用户可见语义。,失败,失败,失败,状态不变,在完整 PR #47384（16437be0）上加回 transfer_to_npu.py::_patch_triton_driver() 及 _init() 调用；显式选择 Ascend driver，并替换 triton_helpers.set_driver_to_gpu。,尚未全部通过,原用例尚未全部通过，不能将已应用的修改记为修复成功。,restore-driver.patch,"{""failed"": 1}",False,"E       RuntimeError: Expected all tensors to be on the same device. Expected NPU tensor, please check whether the input tensor device is correct.
E       [ERROR] 2026-10-09-11:34:00 (PID:<redacted>, Device:0, RankID:-1) ERR01002 OPS invalid type",本轮异常签名/跳过原因及实例结果与基线一致：全局 const=torch.tensor(0.0) 位于 CPU；_test 创建 NPU x/y，f(*inp) 中 index_put/index_put_ 拒绝跨设备 value。编译函数尚未执行。,batch-03-results.json#test_inplacing_pass.py::test_should_modify_input,../npu-inductor-213-batches-20261008/batch-03-source-evidence.json#test_inplacing_pass.py::test_should_modify_input,未另行适配复测,,,,
56,03,test_inplacing_pass.py,TestReinplacingPassCorrectness,test_multi_output_intermediate,验证多输出自定义算子的内部输出能 reinplace，覆盖 functionalization 两版本及 requires_grad 开/关。,编译优化正确性：建议保留；检查原地更新、别名和 clone，避免优化改变用户可见语义。,通过,通过,通过,状态不变,在完整 PR #47384（16437be0）上加回 transfer_to_npu.py::_patch_triton_driver() 及 _init() 调用；显式选择 Ascend driver，并替换 triton_helpers.set_driver_to_gpu。,基线已通过,基线环境已通过；采用 PR、再加回 driver patch 后均保持通过，无本轮新增修复。,,"{""passed"": 1}",False,,原测试全部选中实例的 setup/call/teardown 通过；覆盖范围沿用未变更的测试源码。,batch-03-results.json#test_inplacing_pass.py::test_multi_output_intermediate,../npu-inductor-213-batches-20261008/batch-03-source-evidence.json#test_inplacing_pass.py::test_multi_output_intermediate,未另行适配复测,,,,
57,03,test_inplacing_pass.py,TestReinplacingPassCorrectness,test_multiple_mutations,验证连续多次修改同一输入输出缓冲区时，结果和输入更新语义正确，reinplace 不丢失。,编译优化正确性：建议保留；检查原地更新、别名和 clone，避免优化改变用户可见语义。,通过,通过,通过,状态不变,在完整 PR #47384（16437be0）上加回 transfer_to_npu.py::_patch_triton_driver() 及 _init() 调用；显式选择 Ascend driver，并替换 triton_helpers.set_driver_to_gpu。,基线已通过,基线环境已通过；采用 PR、再加回 driver patch 后均保持通过，无本轮新增修复。,,"{""passed"": 1}",False,,原测试全部选中实例的 setup/call/teardown 通过；覆盖范围沿用未变更的测试源码。,batch-03-results.json#test_inplacing_pass.py::test_multiple_mutations,../npu-inductor-213-batches-20261008/batch-03-source-evidence.json#test_inplacing_pass.py::test_multiple_mutations,未另行适配复测,,,,
58,03,test_inplacing_pass.py,TestReinplacingPassCorrectness,test_multiple_intermediate,验证连续多次修改内部临时缓冲区时，结果正确且不产生 reinplace 失败。,编译优化正确性：建议保留；检查原地更新、别名和 clone，避免优化改变用户可见语义。,通过,通过,通过,状态不变,在完整 PR #47384（16437be0）上加回 transfer_to_npu.py::_patch_triton_driver() 及 _init() 调用；显式选择 Ascend driver，并替换 triton_helpers.set_driver_to_gpu。,基线已通过,基线环境已通过；采用 PR、再加回 driver patch 后均保持通过，无本轮新增修复。,,"{""passed"": 1}",False,,原测试全部选中实例的 setup/call/teardown 通过；覆盖范围沿用未变更的测试源码。,batch-03-results.json#test_inplacing_pass.py::test_multiple_intermediate,../npu-inductor-213-batches-20261008/batch-03-source-evidence.json#test_inplacing_pass.py::test_multiple_intermediate,未另行适配复测,,,,
59,03,test_inplacing_pass.py,TestReinplacingPassCorrectness,test_lists_functionalize_v2,验证 functionalization v2 对列表中的 alias/view 可在 base 上原地更新，避免多余 clone。,编译优化正确性：建议保留；检查原地更新、别名和 clone，避免优化改变用户可见语义。,通过,通过,通过,状态不变,在完整 PR #47384（16437be0）上加回 transfer_to_npu.py::_patch_triton_driver() 及 _init() 调用；显式选择 Ascend driver，并替换 triton_helpers.set_driver_to_gpu。,基线已通过,基线环境已通过；采用 PR、再加回 driver patch 后均保持通过，无本轮新增修复。,,"{""passed"": 1}",False,,原测试全部选中实例的 setup/call/teardown 通过；覆盖范围沿用未变更的测试源码。,batch-03-results.json#test_inplacing_pass.py::test_lists_functionalize_v2,../npu-inductor-213-batches-20261008/batch-03-source-evidence.json#test_inplacing_pass.py::test_lists_functionalize_v2,未另行适配复测,,,,
60,03,test_inplacing_pass.py,TestReinplacingPassCorrectness,test_lists_old_functionalize,验证旧 functionalization 对列表 view 保留必要 clone，并正确统计未 reinplace 的次数和字节数。,旧 functionalization 路径：仍支持该开关时保留；若正式移除该旧实现，可随功能退役。,通过,通过,通过,状态不变,在完整 PR #47384（16437be0）上加回 transfer_to_npu.py::_patch_triton_driver() 及 _init() 调用；显式选择 Ascend driver，并替换 triton_helpers.set_driver_to_gpu。,基线已通过,基线环境已通过；采用 PR、再加回 driver patch 后均保持通过，无本轮新增修复。,,"{""passed"": 1}",False,,原测试全部选中实例的 setup/call/teardown 通过；覆盖范围沿用未变更的测试源码。,batch-03-results.json#test_inplacing_pass.py::test_lists_old_functionalize,../npu-inductor-213-batches-20261008/batch-03-source-evidence.json#test_inplacing_pass.py::test_lists_old_functionalize,未另行适配复测,,,,
61,03,test_inplacing_pass.py,TestReinplacingPassCorrectness,test_partitioner_recomputes_factory,验证 AOT 分区涉及重建 empty_like 输出时，自定义算子/Triton 算子的 reinplace 处理仍成立；未显式执行 backward。,编译优化正确性：建议保留；检查原地更新、别名和 clone，避免优化改变用户可见语义。,通过,通过,通过,状态不变,在完整 PR #47384（16437be0）上加回 transfer_to_npu.py::_patch_triton_driver() 及 _init() 调用；显式选择 Ascend driver，并替换 triton_helpers.set_driver_to_gpu。,基线已通过,基线环境已通过；采用 PR、再加回 driver patch 后均保持通过，无本轮新增修复。,,"{""passed"": 2}",False,,原测试全部选中实例的 setup/call/teardown 通过；覆盖范围沿用未变更的测试源码。,batch-03-results.json#test_inplacing_pass.py::test_partitioner_recomputes_factory,../npu-inductor-213-batches-20261008/batch-03-source-evidence.json#test_inplacing_pass.py::test_partitioner_recomputes_factory,未另行适配复测,,,,
62,03,test_inductor_annotations.py,InductorAnnotationTestCase,test_no_annotations,验证默认生成代码不含 NVTX import 和训练阶段标注，避免无条件插入观测开销。,默认代码生成回归：建议保留不无故生成标注的检查；原 NVTX 文本只对应社区实现。,通过,通过,通过,状态不变,在完整 PR #47384（16437be0）上加回 transfer_to_npu.py::_patch_triton_driver() 及 _init() 调用；显式选择 Ascend driver，并替换 triton_helpers.set_driver_to_gpu。,基线已通过,基线环境已通过；采用 PR、再加回 driver patch 后均保持通过，无本轮新增修复。,,"{""passed"": 1}",False,,原测试全部选中实例的 setup/call/teardown 通过；覆盖范围沿用未变更的测试源码。,batch-03-results.json#test_inductor_annotations.py::test_no_annotations,../npu-inductor-213-batches-20261008/batch-03-source-evidence.json#test_inductor_annotations.py::test_no_annotations,未另行适配复测,,,,
63,03,test_inductor_annotations.py,InductorAnnotationTestCase,test_training_annotation,验证开启训练标注时生成配对的 NVTX inference range start/end 调用。,CUDA NVTX 专项：NPU 若提供训练标注，应按实际 profiler 接口替换断言；不是基础数值必测。,失败,失败,失败,状态不变,在完整 PR #47384（16437be0）上加回 transfer_to_npu.py::_patch_triton_driver() 及 _init() 调用；显式选择 Ascend driver，并替换 triton_helpers.set_driver_to_gpu。,尚未全部通过,原用例尚未全部通过，不能将已应用的修改记为修复成功。,restore-driver.patch,"{""failed"": 1}",False,E       AttributeError: '_NVTXStub' object has no attribute 'deviceRangeStart',本轮异常签名/跳过原因及实例结果与基线一致：annotate_training=True 生成 NVTX device range 调用，当前 torch.cuda.nvtx._NVTXStub 无 deviceRangeStart。,batch-03-results.json#test_inductor_annotations.py::test_training_annotation,../npu-inductor-213-batches-20261008/batch-03-source-evidence.json#test_inductor_annotations.py::test_training_annotation,未另行适配复测,,,,
64,04,test_alignment.py,GPUTests,test_unaligned_input,验证 storage_offset=1 的一维非对齐切片输入经过 ReLU 编译仍正确。,基础正确性或边界回归：建议保留；按原输入、dtype、形状和断言验证 NPU，不能仅根据当前失败/跳过删除。,通过,通过,通过,状态不变,在完整 PR #47384（16437be0）上加回 transfer_to_npu.py::_patch_triton_driver() 及 _init() 调用；显式选择 Ascend driver，并替换 triton_helpers.set_driver_to_gpu。,基线已通过,基线环境已通过；采用 PR、再加回 driver patch 后均保持通过，无本轮新增修复。,,"{""passed"": 1}",False,,原测试全部选中实例的 setup/call/teardown 通过；覆盖范围沿用未变更的测试源码。,batch-04-results.json#test_alignment.py::test_unaligned_input,../npu-inductor-213-batches-20261008/batch-04-source-evidence.json#test_alignment.py::test_unaligned_input,未另行适配复测,,,,
65,04,test_alignment.py,GPUTests,test_unaligned_input_2d,验证二维行切片造成的非对齐地址和非连续行 stride 下 ReLU 仍正确。,基础正确性或边界回归：建议保留；按原输入、dtype、形状和断言验证 NPU，不能仅根据当前失败/跳过删除。,通过,通过,通过,状态不变,在完整 PR #47384（16437be0）上加回 transfer_to_npu.py::_patch_triton_driver() 及 _init() 调用；显式选择 Ascend driver，并替换 triton_helpers.set_driver_to_gpu。,基线已通过,基线环境已通过；采用 PR、再加回 driver patch 后均保持通过，无本轮新增修复。,,"{""passed"": 1}",False,,原测试全部选中实例的 setup/call/teardown 通过；覆盖范围沿用未变更的测试源码。,batch-04-results.json#test_alignment.py::test_unaligned_input_2d,../npu-inductor-213-batches-20261008/batch-04-source-evidence.json#test_alignment.py::test_unaligned_input_2d,未另行适配复测,,,,
66,04,test_alignment.py,GPUTests,test_alignment_without_custom_op,验证普通算子链内产生非对齐切片后，后续 cos 计算正确。,基础正确性或边界回归：建议保留；按原输入、dtype、形状和断言验证 NPU，不能仅根据当前失败/跳过删除。,通过,通过,通过,状态不变,在完整 PR #47384（16437be0）上加回 transfer_to_npu.py::_patch_triton_driver() 及 _init() 调用；显式选择 Ascend driver，并替换 triton_helpers.set_driver_to_gpu。,基线已通过,基线环境已通过；采用 PR、再加回 driver patch 后均保持通过，无本轮新增修复。,,"{""passed"": 1}",False,,原测试全部选中实例的 setup/call/teardown 通过；覆盖范围沿用未变更的测试源码。,batch-04-results.json#test_alignment.py::test_alignment_without_custom_op,../npu-inductor-213-batches-20261008/batch-04-source-evidence.json#test_alignment.py::test_alignment_without_custom_op,未另行适配复测,,,,
67,04,test_alignment.py,GPUTests,test_no_align_for_custom_op,验证自定义算子返回的一维非对齐 view 被下游 cos 正确消费，不假定其地址已对齐。,基础正确性或边界回归：建议保留；按原输入、dtype、形状和断言验证 NPU，不能仅根据当前失败/跳过删除。,通过,通过,通过,状态不变,在完整 PR #47384（16437be0）上加回 transfer_to_npu.py::_patch_triton_driver() 及 _init() 调用；显式选择 Ascend driver，并替换 triton_helpers.set_driver_to_gpu。,基线已通过,基线环境已通过；采用 PR、再加回 driver patch 后均保持通过，无本轮新增修复。,,"{""passed"": 1}",False,,原测试全部选中实例的 setup/call/teardown 通过；覆盖范围沿用未变更的测试源码。,batch-04-results.json#test_alignment.py::test_no_align_for_custom_op,../npu-inductor-213-batches-20261008/batch-04-source-evidence.json#test_alignment.py::test_no_align_for_custom_op,未另行适配复测,,,,
68,04,test_alignment.py,GPUTests,test_no_align_for_custom_op_2d,验证自定义算子返回的二维非对齐、带行 stride 的 view 保持正确布局和数值。,基础正确性或边界回归：建议保留；按原输入、dtype、形状和断言验证 NPU，不能仅根据当前失败/跳过删除。,失败,失败,失败,状态不变,在完整 PR #47384（16437be0）上加回 transfer_to_npu.py::_patch_triton_driver() 及 _init() 调用；显式选择 Ascend driver，并替换 triton_helpers.set_driver_to_gpu。,尚未全部通过,原用例尚未全部通过，不能将已应用的修改记为修复成功。,restore-driver.patch,"{""failed"": 1}",False,"E   AssertionError: expected size 1024==1024, stride 1024==1040 at dim=0
E   Error in op: torch.ops.test.slice2d.default
E   This error most often comes from a incorrect fake (aka meta) kernel for a custom op.
E   Use torch.library.opcheck to test your custom op.
E   See https://pytorch.org/docs/stable/library.html#torch.library.opcheck",本轮异常签名/跳过原因及实例结果与基线一致：define_custom_op_for_test 仅注册 CPU/CUDA/XPU/MPS/Meta，没有 PrivateUse1；CPU fallback 回 NPU 后实际 stride[0]=1024，meta 预期1040。,batch-04-results.json#test_alignment.py::test_no_align_for_custom_op_2d,../npu-inductor-213-batches-20261008/batch-04-source-evidence.json#test_alignment.py::test_no_align_for_custom_op_2d,未另行适配复测,,,,
69,04,test_alignment.py,GPUTests,test_incorrect_meta_for_custom_op_2d,验证自定义 Meta 声称对齐但实际 storage_offset=1 时，运行时 alignment assertion 捕获不一致。,接口负向回归：建议保留 Meta 与真实布局不一致的检查；需按 NPU 实际对齐契约适配异常，不照搬 16-byte CUDA 文案。,失败,失败,失败,状态不变,在完整 PR #47384（16437be0）上加回 transfer_to_npu.py::_patch_triton_driver() 及 _init() 调用；显式选择 Ascend driver，并替换 triton_helpers.set_driver_to_gpu。,尚未全部通过,原用例尚未全部通过，不能将已应用的修改记为修复成功。,restore-driver.patch,"{""failed"": 1}",False,"E       AssertionError: ""Expect the tensor to be 16 bytes aligned. Fail due to storage_offset=1 itemsize=4"" does not match ""expected size 1024==1024, stride 1024==1040 at dim=0
E       Error in op: torch.ops.test.slice2d_incorrect_meta.default
E       This error most often comes from a incorrect fake (aka meta) kernel for a custom op.
E       Use torch.library.opcheck to test your custom op.
E       See https://pytorch.org/docs/stable/library.html#torch.library.opcheck""",本轮异常签名/跳过原因及实例结果与基线一致：define_custom_op_for_test 仅注册 CPU/CUDA/XPU/MPS/Meta，没有 PrivateUse1；CPU fallback 回 NPU 后实际 stride[0]=1024，meta 预期1040。 原测试预期 storage_offset 引起的16字节对齐错误，却先得到 stride 错误，正则不匹配。,batch-04-results.json#test_alignment.py::test_incorrect_meta_for_custom_op_2d,../npu-inductor-213-batches-20261008/batch-04-source-evidence.json#test_alignment.py::test_incorrect_meta_for_custom_op_2d,未另行适配复测,,,,
70,04,test_alignment.py,GPUTests,test_slice,验证从第二个元素开始的一维 slice 加法正确处理非对齐访问。,基础正确性或边界回归：建议保留；按原输入、dtype、形状和断言验证 NPU，不能仅根据当前失败/跳过删除。,通过,通过,通过,状态不变,在完整 PR #47384（16437be0）上加回 transfer_to_npu.py::_patch_triton_driver() 及 _init() 调用；显式选择 Ascend driver，并替换 triton_helpers.set_driver_to_gpu。,基线已通过,基线环境已通过；采用 PR、再加回 driver patch 后均保持通过，无本轮新增修复。,,"{""passed"": 1}",False,,原测试全部选中实例的 setup/call/teardown 通过；覆盖范围沿用未变更的测试源码。,batch-04-results.json#test_alignment.py::test_slice,../npu-inductor-213-batches-20261008/batch-04-source-evidence.json#test_alignment.py::test_slice,未另行适配复测,,,,
71,04,test_alignment.py,GPUTests,test_view_dtype_slice,验证 BF16 先位重解释成 float32 再 slice 时，地址、元素大小和计算结果正确。,基础正确性或边界回归：建议保留；按原输入、dtype、形状和断言验证 NPU，不能仅根据当前失败/跳过删除。,通过,通过,通过,状态不变,在完整 PR #47384（16437be0）上加回 transfer_to_npu.py::_patch_triton_driver() 及 _init() 调用；显式选择 Ascend driver，并替换 triton_helpers.set_driver_to_gpu。,基线已通过,基线环境已通过；采用 PR、再加回 driver patch 后均保持通过，无本轮新增修复。,,"{""passed"": 1}",False,,原测试全部选中实例的 setup/call/teardown 通过；覆盖范围沿用未变更的测试源码。,batch-04-results.json#test_alignment.py::test_view_dtype_slice,../npu-inductor-213-batches-20261008/batch-04-source-evidence.json#test_alignment.py::test_view_dtype_slice,未另行适配复测,,,,
72,04,test_alignment.py,GPUTests,test_slice_view_dtype,验证 BF16 先 slice 再位重解释成 float32 时，多种规模的加载向量化仍满足对齐要求。,基础正确性或边界回归：建议保留；按原输入、dtype、形状和断言验证 NPU，不能仅根据当前失败/跳过删除。,通过,通过,通过,状态不变,在完整 PR #47384（16437be0）上加回 transfer_to_npu.py::_patch_triton_driver() 及 _init() 调用；显式选择 Ascend driver，并替换 triton_helpers.set_driver_to_gpu。,基线已通过,基线环境已通过；采用 PR、再加回 driver patch 后均保持通过，无本轮新增修复。,,"{""passed"": 3}",False,,原测试全部选中实例的 setup/call/teardown 通过；覆盖范围沿用未变更的测试源码。,batch-04-results.json#test_alignment.py::test_slice_view_dtype,../npu-inductor-213-batches-20261008/batch-04-source-evidence.json#test_alignment.py::test_slice_view_dtype,未另行适配复测,,,,
73,04,test_alignment.py,GPUTests,test_Q4_K_dequantization,验证 Q4_K 量化块拆包、scale/min 提取和反量化的非对齐访问结果。,量化场景回归：支持 Q4_K/类似位打包模型时建议保留；先修正测试输入和广播形状。,失败,失败,失败,状态不变,在完整 PR #47384（16437be0）上加回 transfer_to_npu.py::_patch_triton_driver() 及 _init() 调用；显式选择 Ascend driver，并替换 triton_helpers.set_driver_to_gpu。,尚未全部通过,原用例尚未全部通过，不能将已应用的修改记为修复成功。,restore-driver.patch,"{""failed"": 1}",False,"E       RuntimeError: __rshift__:third_party/op-plugin/op_plugin/ops/opapi/__Rshift__KernelNpuOpApi.cpp:26 NPU function error: call aclnnRightShift failed, error code is 507899
E       [ERROR] 2026-10-09-11:34:15 (PID:<redacted>, Device:0, RankID:-1) ERR00100 PTA call acl api failed
E       [Error]: An internal error occurs in the Driver module.
E               Rectify the fault based on the error information in the ascend log.
E       [PID:<redacted>] 2026-10-09-11:34:15.591.099 AclNN_Parameter_Error(EZ1001): Shape of out should be [221184, 4, 2, 32], but current is [221184, 4, 1, 32].","本轮异常签名/跳过原因及实例结果与基线一致：aclnnRightShift 要求输出 [221184,4,2,32]，实际预分配 [221184,4,1,32]；尚未进入 torch.compile。",batch-04-results.json#test_alignment.py::test_Q4_K_dequantization,../npu-inductor-213-batches-20261008/batch-04-source-evidence.json#test_alignment.py::test_Q4_K_dequantization,未另行适配复测,,,,
74,04,test_smoke.py,SmokeTest,test_mlp,验证打开 Dynamo/Inductor/AOT 调试日志时，编译 MLP 可连续运行三次；属于冒烟测试，未显式比较数值。,编译入口冒烟：建议保留；reduce-overhead 部分按 NPU 图执行能力确定，不能替代数值正确性覆盖。,失败,通过,通过,状态不变,在完整 PR #47384（16437be0）上加回 transfer_to_npu.py::_patch_triton_driver() 及 _init() 调用；显式选择 Ascend driver，并替换 triton_helpers.set_driver_to_gpu。,采用 PR 后通过,采用 PR #47384（16437be0）的完整 transfer_to_npu.py；其中将 benchmarking._get_default_gpu_device_type 替换为返回 npu 的函数，消除 CUDA/NPU 重复设备判断。,../npu-inductor-pr47384-20261008/pr-transfer.patch,"{""passed"": 1}",False,,PR 的默认 benchmark 设备修复生效，原 MLP 冒烟测试三次调用完成，基线的重复设备断言消失。,batch-04-results.json#test_smoke.py::test_mlp,../npu-inductor-213-batches-20261008/batch-04-source-evidence.json#test_smoke.py::test_mlp,未另行适配复测,,,,
75,04,test_smoke.py,SmokeTest,test_compile_decorator,验证普通 torch.compile 装饰器及 reduce-overhead 模式连续调用可运行；属于编译入口冒烟测试。,编译入口冒烟：建议保留；reduce-overhead 部分按 NPU 图执行能力确定，不能替代数值正确性覆盖。,失败,失败,失败,状态不变,在完整 PR #47384（16437be0）上加回 transfer_to_npu.py::_patch_triton_driver() 及 _init() 调用；显式选择 Ascend driver，并替换 triton_helpers.set_driver_to_gpu。,尚未全部通过,原用例尚未全部通过，不能将已应用的修改记为修复成功。,restore-driver.patch,"{""failed"": 1}",False,"E       torch._inductor.exc.InductorError: AttributeError: module 'torch._C' has no attribute '_cuda_cudaCachingAllocator_is_enabled'
E       Set TORCHDYNAMO_VERBOSE=1 for the internal stack trace (please do this especially if you're reporting a bug to PyTorch). For even more developer context, set TORCH_LOGS=""+dynamo""",本轮异常签名/跳过原因及实例结果与基线一致：mode=max-autotune 开启图捕获路径；check_caching_allocator_for_cudagraphs 调用 torch._C._cuda_cudaCachingAllocator_is_enabled，CPU torch 构建无该符号。,batch-04-results.json#test_smoke.py::test_compile_decorator,../npu-inductor-213-batches-20261008/batch-04-source-evidence.json#test_smoke.py::test_compile_decorator,未另行适配复测,,,,
76,04,test_benchmarking.py,TestBenchmarker,test_benchmark_smoke,验证 benchmark 接口对 CPU/加速器输入正确分派、返回正耗时并更新对应计数。,autotune 计时基础设施：建议保留设备分派与参数契约；xfail 必须单列，计时值不用于性能排名。,部分通过/含预期失败,部分通过/含预期失败,部分通过/含预期失败,状态不变,在完整 PR #47384（16437be0）上加回 transfer_to_npu.py::_patch_triton_driver() 及 _init() 调用；显式选择 Ascend driver，并替换 triton_helpers.set_driver_to_gpu。,尚未全部通过,原用例尚未全部通过，不能将已应用的修改记为修复成功。,restore-driver.patch,"{""passed"": 3, ""xfail"": 1}",False,,本轮逐实例复核与基线一致：Benchmarker 基类的 NPU benchmark_gpu 抛 NotImplementedError，原 decorateIf 标记为 expectedFailure；TritonBenchmarker 对应实例通过。,batch-04-results.json#test_benchmarking.py::test_benchmark_smoke,../npu-inductor-213-batches-20261008/batch-04-source-evidence.json#test_benchmarking.py::test_benchmark_smoke,未另行适配复测,,,,
77,04,test_benchmarking.py,TestBenchmarker,test_benchmark_gpu_smoke,验证 benchmark_gpu 直接入口返回正耗时并更新设备 benchmark 计数。,autotune 计时基础设施：建议保留设备分派与参数契约；xfail 必须单列，计时值不用于性能排名。,部分通过/含预期失败,部分通过/含预期失败,部分通过/含预期失败,状态不变,在完整 PR #47384（16437be0）上加回 transfer_to_npu.py::_patch_triton_driver() 及 _init() 调用；显式选择 Ascend driver，并替换 triton_helpers.set_driver_to_gpu。,尚未全部通过,原用例尚未全部通过，不能将已应用的修改记为修复成功。,restore-driver.patch,"{""xfail"": 1, ""passed"": 1}",False,,本轮逐实例复核与基线一致：Benchmarker 基类的 NPU benchmark_gpu 抛 NotImplementedError，原 decorateIf 标记为 expectedFailure；TritonBenchmarker 对应实例通过。,batch-04-results.json#test_benchmarking.py::test_benchmark_gpu_smoke,../npu-inductor-213-batches-20261008/batch-04-source-evidence.json#test_benchmarking.py::test_benchmark_gpu_smoke,未另行适配复测,,,,
78,04,test_benchmarking.py,TestBenchmarker,test_benchmark_safely_infers_device_no_devices,验证无 Tensor 参数时 benchmark 无法推断设备的失败行为；原测试以 expectedFailure 表示该限制。,autotune 计时基础设施：建议保留设备分派与参数契约；xfail 必须单列，计时值不用于性能排名。,预期失败,预期失败,预期失败,状态不变,在完整 PR #47384（16437be0）上加回 transfer_to_npu.py::_patch_triton_driver() 及 _init() 调用；显式选择 Ascend driver，并替换 triton_helpers.set_driver_to_gpu。,尚未全部通过,原用例尚未全部通过，不能将已应用的修改记为修复成功。,restore-driver.patch,"{""xfail"": 2}",False,,本轮逐实例复核与基线一致：实际 rawexcinfo 为 ValueError：fn_args/fn_kwargs 没有可用于推断设备的 tensor；与负向目标一致。,batch-04-results.json#test_benchmarking.py::test_benchmark_safely_infers_device_no_devices,../npu-inductor-213-batches-20261008/batch-04-source-evidence.json#test_benchmarking.py::test_benchmark_safely_infers_device_no_devices,未另行适配复测,,,,
79,04,test_benchmarking.py,TestBenchmarker,test_benchmark_safely_infers_device_many_devices,验证同时含 CPU 与加速器输入时 benchmark 设备推断的失败行为；原测试以 expectedFailure 表示该限制。,autotune 计时基础设施：建议保留设备分派与参数契约；xfail 必须单列，计时值不用于性能排名。,预期失败,预期失败,预期失败,状态不变,在完整 PR #47384（16437be0）上加回 transfer_to_npu.py::_patch_triton_driver() 及 _init() 调用；显式选择 Ascend driver，并替换 triton_helpers.set_driver_to_gpu。,尚未全部通过,原用例尚未全部通过，不能将已应用的修改记为修复成功。,restore-driver.patch,"{""xfail"": 2}",False,,本轮逐实例复核与基线一致：实际 rawexcinfo 为 AttributeError: TestBenchmarker 没有 make_sum；测试在创建输入时失败。,batch-04-results.json#test_benchmarking.py::test_benchmark_safely_infers_device_many_devices,../npu-inductor-213-batches-20261008/batch-04-source-evidence.json#test_benchmarking.py::test_benchmark_safely_infers_device_many_devices,未另行适配复测,,,,
80,04,test_benchmarking.py,TestBenchmarker,test_benchmark_warmup_and_rep_defaults,验证 benchmark 将默认 warmup/rep 传递给设备计时实现；使用 mock，不衡量真实性能。,autotune 计时基础设施：建议保留设备分派与参数契约；xfail 必须单列，计时值不用于性能排名。,通过,通过,通过,状态不变,在完整 PR #47384（16437be0）上加回 transfer_to_npu.py::_patch_triton_driver() 及 _init() 调用；显式选择 Ascend driver，并替换 triton_helpers.set_driver_to_gpu。,基线已通过,基线环境已通过；采用 PR、再加回 driver patch 后均保持通过，无本轮新增修复。,,"{""passed"": 1}",False,,原测试全部选中实例的 setup/call/teardown 通过；覆盖范围沿用未变更的测试源码。,batch-04-results.json#test_benchmarking.py::test_benchmark_warmup_and_rep_defaults,../npu-inductor-213-batches-20261008/batch-04-source-evidence.json#test_benchmarking.py::test_benchmark_warmup_and_rep_defaults,未另行适配复测,,,,
81,04,test_benchmarking.py,TestBenchmarker,test_benchmark_warmup_and_rep_custom_values,验证显式 warmup=50、rep=200 原样传递给设备计时实现；使用 mock，不衡量真实性能。,autotune 计时基础设施：建议保留设备分派与参数契约；xfail 必须单列，计时值不用于性能排名。,通过,通过,通过,状态不变,在完整 PR #47384（16437be0）上加回 transfer_to_npu.py::_patch_triton_driver() 及 _init() 调用；显式选择 Ascend driver，并替换 triton_helpers.set_driver_to_gpu。,基线已通过,基线环境已通过；采用 PR、再加回 driver patch 后均保持通过，无本轮新增修复。,,"{""passed"": 1}",False,,原测试全部选中实例的 setup/call/teardown 通过；覆盖范围沿用未变更的测试源码。,batch-04-results.json#test_benchmarking.py::test_benchmark_warmup_and_rep_custom_values,../npu-inductor-213-batches-20261008/batch-04-source-evidence.json#test_benchmarking.py::test_benchmark_warmup_and_rep_custom_values,未另行适配复测,,,,
82,04,test_benchmarking.py,TestBenchmarker,test_torch_profiler_benchmarker_reuses_inductor_helpers,验证 TorchProfilerBenchmarker 复用事件和缓存刷新工具，并按 CUDA/ROCm 条件选择 buffer 尺寸及设备。,profiler 计时接口：NPU 使用该 benchmark 路径时需等价覆盖；CUDA/ROCm 缓存尺寸分支不是 NPU 固定要求。,失败,失败,失败,状态不变,在完整 PR #47384（16437be0）上加回 transfer_to_npu.py::_patch_triton_driver() 及 _init() 调用；显式选择 Ascend driver，并替换 triton_helpers.set_driver_to_gpu。,尚未全部通过,原用例尚未全部通过，不能将已应用的修改记为修复成功。,restore-driver.patch,"{""failed"": 2}",False,"E       AttributeError: 'profile' object has no attribute 'profiler'

E       AttributeError: 'profile' object has no attribute 'profiler'",两个参数实例均越过设备推断，创建 NPU buffer/event 后，在 prof.profiler.kineto_results.events() 报 AttributeError；迁移后的 NPU profile 对象没有 profiler 属性。,batch-04-results.json#test_benchmarking.py::test_torch_profiler_benchmarker_reuses_inductor_helpers,../npu-inductor-213-batches-20261008/batch-04-source-evidence.json#test_benchmarking.py::test_torch_profiler_benchmarker_reuses_inductor_helpers,未另行适配复测,,,,
83,04,test_efficient_conv_bn_eval.py,EfficientConvBNEvalGpuTests,test_conv_bn_eval,验证推理 Conv/ConvTranspose/Linear 与 BN 优化的前向、训练一步后的结果及优化计数；由外层 test_basic 枚举组合。,Conv/BN 优化启用时必测：保留前向、更新后的结果和优化计数；不能仅以模型可运行为通过。,失败,失败,失败,状态不变,在完整 PR #47384（16437be0）上加回 transfer_to_npu.py::_patch_triton_driver() 及 _init() 调用；显式选择 Ascend driver，并替换 triton_helpers.set_driver_to_gpu。,尚未全部通过,原用例尚未全部通过，不能将已应用的修改记为修复成功。,restore-driver.patch,"{""failed"": 1}",False,"E       AssertionError: Tensor-likes are not close!
E       Mismatched elements: 520 / 6016 (8.6%)
E       Greatest absolute difference: 0.00024169683456420898 at index (2, 16, 4) (up to 1e-05 allowed)
E       Greatest relative difference: 0.006693016737699509 at index (0, 27, 26) (up to 1.3e-06 allowed)",已越过原 pad_mm 设备重复计数断言，外层 test_basic 到达数值比较后失败：520/6016 元素不符，最大绝对差 0.0002416968（允许 1e-5）。,batch-04-results.json#test_efficient_conv_bn_eval.py::test_conv_bn_eval,../npu-inductor-213-batches-20261008/batch-04-source-evidence.json#test_efficient_conv_bn_eval.py::test_conv_bn_eval,未另行适配复测,,,,
84,05,test_inplace_padding.py,InplacePaddingTest,test_skip_pad_due_to_fusion,验证 padding 可与下游 reduction 融合时不进行无收益的 inplace padding，且数值正确。,inplace padding 启用时必测：保留空间边界、输入突变及梯度契约；生成代码文本按 NPU 分配/调度方式适配。,通过,通过,通过,状态不变,在完整 PR #47384（16437be0）上加回 transfer_to_npu.py::_patch_triton_driver() 及 _init() 调用；显式选择 Ascend driver，并替换 triton_helpers.set_driver_to_gpu。,基线已通过,基线环境已通过；采用 PR、再加回 driver patch 后均保持通过，无本轮新增修复。,,"{""passed"": 1}",False,,原测试全部选中实例的 setup/call/teardown 通过；覆盖范围沿用未变更的测试源码。,batch-05-results.json#test_inplace_padding.py::test_skip_pad_due_to_fusion,../npu-inductor-213-batches-20261008/batch-05-source-evidence.json#test_inplace_padding.py::test_skip_pad_due_to_fusion,未另行适配复测,,,,
85,05,test_inplace_padding.py,InplacePaddingTest,test_skip_pad_input,验证默认不对图输入做 inplace padding，避免假设外部分配的输入有可写尾部空间。,inplace padding 启用时必测：保留空间边界、输入突变及梯度契约；生成代码文本按 NPU 分配/调度方式适配。,通过,通过,通过,状态不变,在完整 PR #47384（16437be0）上加回 transfer_to_npu.py::_patch_triton_driver() 及 _init() 调用；显式选择 Ascend driver，并替换 triton_helpers.set_driver_to_gpu。,基线已通过,基线环境已通过；采用 PR、再加回 driver patch 后均保持通过，无本轮新增修复。,,"{""passed"": 1}",False,,原测试全部选中实例的 setup/call/teardown 通过；覆盖范围沿用未变更的测试源码。,batch-05-results.json#test_inplace_padding.py::test_skip_pad_input,../npu-inductor-213-batches-20261008/batch-05-source-evidence.json#test_inplace_padding.py::test_skip_pad_input,未另行适配复测,,,,
86,05,test_inplace_padding.py,InplacePaddingTest,test_pad_non_zero,验证非零 padding 复用中间缓冲区时扩大分配并保留 view，防止最后一行越界，且矩阵乘结果正确。,inplace padding 启用时必测：保留空间边界、输入突变及梯度契约；生成代码文本按 NPU 分配/调度方式适配。,失败,失败,失败,状态不变,在完整 PR #47384（16437be0）上加回 transfer_to_npu.py::_patch_triton_driver() 及 _init() 调用；显式选择 Ascend driver，并替换 triton_helpers.set_driver_to_gpu。,尚未全部通过,原用例尚未全部通过，不能将已应用的修改记为修复成功。,restore-driver.patch,"{""failed"": 1}",False,"E           RuntimeError: In the deterministic mode of Inductor, we will avoid those
E                   benchmarkings that would cause non-deterministic results. Only benchmarkings in the vetted
E                   scenarios are allowed. Examples include autotuning for triton configs of pointwise kernels.
E                   When you see this exception, you can do one of the following two things:
E                   1. if the benchmarking you are doing does not introduce any non-determinism, you can just
E                   add is_vetted_benchmarking=True to your benchmark_gpu call. That would solve the issue.
E                   2. if the benchmarking you are doing indeed introduces non-determinism, you'll need to disable
E                   such feature in deterministic mode or find an alternative implementation that is deterministic.",本轮异常签名/跳过原因及实例结果与基线一致：测试类启用 config.deterministic；NPUCachingAutotuner._bench_with_launch_args 调 benchmark_gpu 未提供 vetted 标记，may_ban_benchmarking 抛 RuntimeError。,batch-05-results.json#test_inplace_padding.py::test_pad_non_zero,../npu-inductor-213-batches-20261008/batch-05-source-evidence.json#test_inplace_padding.py::test_pad_non_zero,未另行适配复测,,,,
87,05,test_inplace_padding.py,InplacePaddingTest,test_pad_non_zero_cpp_wrapper,验证 C++ wrapper 下非零 inplace padding 的扩容、view、编译期 autotune 调用及数值结果。,C++ wrapper 与 inplace padding 同时启用时必测；仅支持 Python wrapper 的范围无需原样承诺此路径。,失败,失败,失败,状态不变,在完整 PR #47384（16437be0）上加回 transfer_to_npu.py::_patch_triton_driver() 及 _init() 调用；显式选择 Ascend driver，并替换 triton_helpers.set_driver_to_gpu。,尚未全部通过,原用例尚未全部通过，不能将已应用的修改记为修复成功。,restore-driver.patch,"{""failed"": 1}",False,"E           torch._inductor.exc.InductorError: RuntimeError: Failed to run autotuning code block: In the deterministic mode of Inductor, we will avoid those
E                   benchmarkings that would cause non-deterministic results. Only benchmarkings in the vetted
E                   scenarios are allowed. Examples include autotuning for triton configs of pointwise kernels.
E                   When you see this exception, you can do one of the following two things:
E                   1. if the benchmarking you are doing does not introduce any non-determinism, you can just
E                   add is_vetted_benchmarking=True to your benchmark_gpu call. That would solve the issue.
E                   2. if the benchmarking you are doing indeed introduces non-determinism, you'll need to disable
E                   such feature in deterministic mode or find an alternative implementation that is deterministic.",本轮异常签名/跳过原因及实例结果与基线一致：测试类启用 config.deterministic；NPUCachingAutotuner._bench_with_launch_args 调 benchmark_gpu 未提供 vetted 标记，may_ban_benchmarking 抛 RuntimeError。,batch-05-results.json#test_inplace_padding.py::test_pad_non_zero_cpp_wrapper,../npu-inductor-213-batches-20261008/batch-05-source-evidence.json#test_inplace_padding.py::test_pad_non_zero_cpp_wrapper,未另行适配复测,,,,
88,05,test_inplace_padding.py,InplacePaddingTest,test_pad_too_large,验证 padding 宽度超过可用尾部空间时拒绝 inplace 优化，保持结果正确。,inplace padding 启用时必测：保留空间边界、输入突变及梯度契约；生成代码文本按 NPU 分配/调度方式适配。,通过,通过,通过,状态不变,在完整 PR #47384（16437be0）上加回 transfer_to_npu.py::_patch_triton_driver() 及 _init() 调用；显式选择 Ascend driver，并替换 triton_helpers.set_driver_to_gpu。,基线已通过,基线环境已通过；采用 PR、再加回 driver patch 后均保持通过，无本轮新增修复。,,"{""passed"": 1}",False,,原测试全部选中实例的 setup/call/teardown 通过；覆盖范围沿用未变更的测试源码。,batch-05-results.json#test_inplace_padding.py::test_pad_too_large,../npu-inductor-213-batches-20261008/batch-05-source-evidence.json#test_inplace_padding.py::test_pad_too_large,未另行适配复测,,,,
89,05,test_inplace_padding.py,InplacePaddingTest,test_mutating_padding_input,验证允许图输入 inplace padding 时，后续原地修改原输入不破坏 padding 结果的语义。,inplace padding 启用时必测：保留空间边界、输入突变及梯度契约；生成代码文本按 NPU 分配/调度方式适配。,失败,失败,失败,状态不变,在完整 PR #47384（16437be0）上加回 transfer_to_npu.py::_patch_triton_driver() 及 _init() 调用；显式选择 Ascend driver，并替换 triton_helpers.set_driver_to_gpu。,尚未全部通过,原用例尚未全部通过，不能将已应用的修改记为修复成功。,restore-driver.patch,"{""failed"": 1}",False,"E           RuntimeError: In the deterministic mode of Inductor, we will avoid those
E                   benchmarkings that would cause non-deterministic results. Only benchmarkings in the vetted
E                   scenarios are allowed. Examples include autotuning for triton configs of pointwise kernels.
E                   When you see this exception, you can do one of the following two things:
E                   1. if the benchmarking you are doing does not introduce any non-determinism, you can just
E                   add is_vetted_benchmarking=True to your benchmark_gpu call. That would solve the issue.
E                   2. if the benchmarking you are doing indeed introduces non-determinism, you'll need to disable
E                   such feature in deterministic mode or find an alternative implementation that is deterministic.",本轮异常签名/跳过原因及实例结果与基线一致：测试类启用 config.deterministic；NPUCachingAutotuner._bench_with_launch_args 调 benchmark_gpu 未提供 vetted 标记，may_ban_benchmarking 抛 RuntimeError。,batch-05-results.json#test_inplace_padding.py::test_mutating_padding_input,../npu-inductor-213-batches-20261008/batch-05-source-evidence.json#test_inplace_padding.py::test_mutating_padding_input,未另行适配复测,,,,
90,05,test_inplace_padding.py,InplacePaddingTest,test_mutating_padding_output,验证 padding 输出再被原地修改时不套用仅适合矩阵乘用户的 inplace 优化。,inplace padding 启用时必测：保留空间边界、输入突变及梯度契约；生成代码文本按 NPU 分配/调度方式适配。,失败,失败,失败,状态不变,在完整 PR #47384（16437be0）上加回 transfer_to_npu.py::_patch_triton_driver() 及 _init() 调用；显式选择 Ascend driver，并替换 triton_helpers.set_driver_to_gpu。,尚未全部通过,原用例尚未全部通过，不能将已应用的修改记为修复成功。,restore-driver.patch,"{""failed"": 1}",False,"E           RuntimeError: In the deterministic mode of Inductor, we will avoid those
E                   benchmarkings that would cause non-deterministic results. Only benchmarkings in the vetted
E                   scenarios are allowed. Examples include autotuning for triton configs of pointwise kernels.
E                   When you see this exception, you can do one of the following two things:
E                   1. if the benchmarking you are doing does not introduce any non-determinism, you can just
E                   add is_vetted_benchmarking=True to your benchmark_gpu call. That would solve the issue.
E                   2. if the benchmarking you are doing indeed introduces non-determinism, you'll need to disable
E                   such feature in deterministic mode or find an alternative implementation that is deterministic.",本轮异常签名/跳过原因及实例结果与基线一致：测试类启用 config.deterministic；NPUCachingAutotuner._bench_with_launch_args 调 benchmark_gpu 未提供 vetted 标记，may_ban_benchmarking 抛 RuntimeError。,batch-05-results.json#test_inplace_padding.py::test_mutating_padding_output,../npu-inductor-213-batches-20261008/batch-05-source-evidence.json#test_inplace_padding.py::test_mutating_padding_output,未另行适配复测,,,,
91,05,test_inplace_padding.py,InplacePaddingTest,test_linear_and_cel,验证强制 shape padding、确定性初始化下 BF16 Linear+CrossEntropy 的 loss、输入梯度和参数梯度正确。,inplace padding 启用时必测：保留空间边界、输入突变及梯度契约；生成代码文本按 NPU 分配/调度方式适配。,失败,失败,失败,状态不变,在完整 PR #47384（16437be0）上加回 transfer_to_npu.py::_patch_triton_driver() 及 _init() 调用；显式选择 Ascend driver，并替换 triton_helpers.set_driver_to_gpu。,尚未全部通过,原用例尚未全部通过，不能将已应用的修改记为修复成功。,restore-driver.patch,"{""failed"": 1}",False,"E           RuntimeError: In the deterministic mode of Inductor, we will avoid those
E                   benchmarkings that would cause non-deterministic results. Only benchmarkings in the vetted
E                   scenarios are allowed. Examples include autotuning for triton configs of pointwise kernels.
E                   When you see this exception, you can do one of the following two things:
E                   1. if the benchmarking you are doing does not introduce any non-determinism, you can just
E                   add is_vetted_benchmarking=True to your benchmark_gpu call. That would solve the issue.
E                   2. if the benchmarking you are doing indeed introduces non-determinism, you'll need to disable
E                   such feature in deterministic mode or find an alternative implementation that is deterministic.",本轮异常签名/跳过原因及实例结果与基线一致：测试类启用 config.deterministic；NPUCachingAutotuner._bench_with_launch_args 调 benchmark_gpu 未提供 vetted 标记，may_ban_benchmarking 抛 RuntimeError。,batch-05-results.json#test_inplace_padding.py::test_linear_and_cel,../npu-inductor-213-batches-20261008/batch-05-source-evidence.json#test_inplace_padding.py::test_linear_and_cel,未另行适配复测,,,,
92,05,test_inplace_padding.py,InplacePaddingTest,test_linear_and_cel_max_autotune,验证 max_autotune 开启时同一 Linear+CrossEntropy 训练和 padding 回归仍正确。,inplace padding 启用时必测：保留空间边界、输入突变及梯度契约；生成代码文本按 NPU 分配/调度方式适配。,失败,失败,失败,状态不变,在完整 PR #47384（16437be0）上加回 transfer_to_npu.py::_patch_triton_driver() 及 _init() 调用；显式选择 Ascend driver，并替换 triton_helpers.set_driver_to_gpu。,尚未全部通过,原用例尚未全部通过，不能将已应用的修改记为修复成功。,restore-driver.patch,"{""failed"": 1}",False,"E           RuntimeError: In the deterministic mode of Inductor, we will avoid those
E                   benchmarkings that would cause non-deterministic results. Only benchmarkings in the vetted
E                   scenarios are allowed. Examples include autotuning for triton configs of pointwise kernels.
E                   When you see this exception, you can do one of the following two things:
E                   1. if the benchmarking you are doing does not introduce any non-determinism, you can just
E                   add is_vetted_benchmarking=True to your benchmark_gpu call. That would solve the issue.
E                   2. if the benchmarking you are doing indeed introduces non-determinism, you'll need to disable
E                   such feature in deterministic mode or find an alternative implementation that is deterministic.",本轮异常签名/跳过原因及实例结果与基线一致：测试类启用 config.deterministic；NPUCachingAutotuner._bench_with_launch_args 调 benchmark_gpu 未提供 vetted 标记，may_ban_benchmarking 抛 RuntimeError。,batch-05-results.json#test_inplace_padding.py::test_linear_and_cel_max_autotune,../npu-inductor-213-batches-20261008/batch-05-source-evidence.json#test_inplace_padding.py::test_linear_and_cel_max_autotune,未另行适配复测,,,,
93,05,test_triton_extension_backend.py,TritonExtensionBackendTests,test_open_device_registration,验证扩展设备注册 scheduler、wrapper、device interface 后可生成对应 Triton 代码；使用模拟 PrivateUse1 后端。,扩展框架自检：使用模拟 PrivateUse1，应在不占用 NPU 注册槽的隔离环境测试；不是 NPU 数值必测项。,失败,失败,失败,状态不变,在完整 PR #47384（16437be0）上加回 transfer_to_npu.py::_patch_triton_driver() 及 _init() 调用；显式选择 Ascend driver，并替换 triton_helpers.set_driver_to_gpu。,尚未全部通过,原用例尚未全部通过，不能将已应用的修改记为修复成功。,restore-driver.patch,"{""failed"": 1}",False,E           RuntimeError: The runtime module of 'npu' has already been registered with '<module 'torch_npu.npu' from '<site-packages>/torch_npu/npu/__init__.py'>',独立进程仍在注册 privateuseone 时提示 npu runtime 已注册；排除了同进程 teardown 删除 torch.npu 的连带错误。,case-93-isolated-results.json#test_triton_extension_backend.py::test_open_device_registration,../npu-inductor-213-batches-20261008/batch-05-source-evidence.json#test_triton_extension_backend.py::test_open_device_registration,未另行适配复测,,,,
94,05,test_triton_extension_backend.py,TritonExtensionBackendTests,test_codegen_with_custom_heuristics_module,验证扩展后端的自定义 heuristics 模块和 metadata 字段进入普通编译 kernel 的生成代码。,扩展后端接口：承诺自定义 heuristics/用户 Triton 扩展时保留；常规 NPU 算子验收可独立分类。,失败,失败,失败,状态不变,在完整 PR #47384（16437be0）上加回 transfer_to_npu.py::_patch_triton_driver() 及 _init() 调用；显式选择 Ascend driver，并替换 triton_helpers.set_driver_to_gpu。,尚未全部通过,原用例尚未全部通过，不能将已应用的修改记为修复成功。,restore-driver.patch,"{""failed"": 1}",False,"E       torch._dynamo.exc.BackendCompilerFailed: backend='inductor' raised:
E       RuntimeError: The Inner error is reported as above. The process exits for this inner error, and the current working operator name is aclnnInplaceCopy.
E       Since the operator is called asynchronously, the stacktrace may be inaccurate. If you want to get the accurate stacktrace, please set the environment variable ASCEND_LAUNCH_BLOCKING=1.
E       Note: ASCEND_LAUNCH_BLOCKING=1 will force ops to run in synchronous mode, resulting in performance degradation. Please unset ASCEND_LAUNCH_BLOCKING in time after debugging.
E       [ERROR] 2026-10-09-12:00:13 (PID:<redacted>, Device:0, RankID:-1) ERR00100 PTA call acl api failed.
E       Set TORCHDYNAMO_VERBOSE=1 for the internal stack trace (please do this especially if you're reporting a bug to PyTorch). For even more developer context, set TORCH_LOGS=""+dynamo""",独立进程在 fuse_attention 模式初始化的 aclnnInplaceCopy 处报告异步设备异常；本轮该报告没有给出具体非法访存位置，不能认定原 worker 模块搜索路径问题已修复。,case-94-isolated-results.json#test_triton_extension_backend.py::test_codegen_with_custom_heuristics_module,../npu-inductor-213-batches-20261008/batch-05-source-evidence.json#test_triton_extension_backend.py::test_codegen_with_custom_heuristics_module,未另行适配复测,,,,
95,05,test_triton_extension_backend.py,TritonExtensionBackendTests,test_codegen_with_custom_heuristics_module_udtk,验证扩展后端的自定义 heuristics 模块进入 user-defined Triton kernel 的生成路径。,扩展后端接口：承诺自定义 heuristics/用户 Triton 扩展时保留；常规 NPU 算子验收可独立分类。,失败,失败,失败,状态不变,在完整 PR #47384（16437be0）上加回 transfer_to_npu.py::_patch_triton_driver() 及 _init() 调用；显式选择 Ascend driver，并替换 triton_helpers.set_driver_to_gpu。,尚未全部通过,原用例尚未全部通过，不能将已应用的修改记为修复成功。,restore-driver.patch,"{""failed"": 1}",False,"E       torch._dynamo.exc.BackendCompilerFailed: backend='inductor' raised:
E       RuntimeError: copy_between_host_and_device_opapi:torch_npu/csrc/aten/ops/op_api/CopyKernelOpApi.cpp:90 NPU function error: device error type 3, error code is 507035
E       [ERROR] 2026-10-09-12:01:51 (PID:<redacted>, Device:0, RankID:-1) ERR00100 PTA call acl api failed
E       [Error]: The vector core execution is abnormal.
E               Rectify the fault based on the error information in the ascend log.
E       [PID:<redacted>] 2026-10-09-12:01:51.912.788 Invalid_Argument(EL0003): The argument is invalid.
E               Solution: Try again with a valid argument.
E       TraceBack (most recent call last):",独立进程仍出现 AIVEC error 334：SIMT invalid GM address/cross-device access timeout；报错在 fuse_attention 模式初始化时暴露，异步栈不能直接确定故障 kernel。,case-95-isolated-results.json#test_triton_extension_backend.py::test_codegen_with_custom_heuristics_module_udtk,../npu-inductor-213-batches-20261008/batch-05-source-evidence.json#test_triton_extension_backend.py::test_codegen_with_custom_heuristics_module_udtk,未另行适配复测,,,,
96,05,test_compile_subprocess.py,GPUTests; TestSubprocess,test_progressive,验证 progressive 编译先运行快速版本、后台产出优化版本并切换，检查运行计数、max_autotune 和性能收益。,异步/progressive 编译启用时必测；只支持同步编译时不作为基础门槛，仍需记录功能支持范围。,跳过,跳过,跳过,状态不变,在完整 PR #47384（16437be0）上加回 transfer_to_npu.py::_patch_triton_driver() 及 _init() 调用；显式选择 Ascend driver，并替换 triton_helpers.set_driver_to_gpu。,尚未全部通过,原用例尚未全部通过，不能将已应用的修改记为修复成功。,restore-driver.patch,"{""skipped"": 2}",False,,"本轮异常签名/跳过原因及实例结果与基线一致：@skipIf(not IS_BIG_GPU, ""Skipping triton backend only since not big GPU (not enough SM)"") 跳过。",batch-05-results.json#test_compile_subprocess.py::test_progressive,../npu-inductor-213-batches-20261008/batch-05-source-evidence.json#test_compile_subprocess.py::test_progressive,失败,"测试副本设置 PYTORCH_TEST_WITH_SLOW=1；not IS_BIG_GPU, → not (npu_triton_templates_available() if GPU_TYPE == ""npu"" else IS_BIG_GPU),；按 NPU 可用性、has_triton 和 TRITON_TEMPLATES 实际能力决定执行。",适配复测仍未通过；下列适配条件不代表修复成功。,../npu-inductor-213-batches-20261008/skip-validation/manifest.json；restore-driver.patch,skip/case-96.json#test_compile_subprocess.py::test_progressive
97,05,test_compile_subprocess.py,GPUTests; TestSubprocess,test_async,验证异步子进程编译在等待期间使用 eager，前向/反向完成后切换到 compiled，并核对后台任务计数。,异步/progressive 编译启用时必测；只支持同步编译时不作为基础门槛，仍需记录功能支持范围。,失败,失败,失败,状态不变,在完整 PR #47384（16437be0）上加回 transfer_to_npu.py::_patch_triton_driver() 及 _init() 调用；显式选择 Ascend driver，并替换 triton_helpers.set_driver_to_gpu。,尚未全部通过,原用例尚未全部通过，不能将已应用的修改记为修复成功。,restore-driver.patch,"{""failed"": 2}",False,"E               torch._inductor.compile_worker.subproc_pool.SubprocException: An exception occurred in a subprocess:
E               Name=<unknown>
E               Traceback (most recent call last):
E                 File ""<site-packages>/torch/_inductor/compile_worker/subproc_pool.py"", line 475, in do_job
E                   result = job()
E                            ^^^^^
E                 File ""<site-packages>/torch/_inductor/compile_fx_subproc.py"", line 91, in _run_in_child_subprocess
E                   result = cls._run_in_child(pickled_input, extra_env)

E               torch._inductor.compile_worker.subproc_pool.SubprocException: An exception occurred in a subprocess:
E               Name=<unknown>
E               Traceback (most recent call last):
E                 File ""<site-packages>/torch/_inductor/compile_worker/subproc_pool.py"", line 475, in do_job
E                   result = job()
E                            ^^^^^
E                 File ""<site-packages>/torch/_inductor/compile_fx_subproc.py"", line 91, in _run_in_child_subprocess
E                   result = cls._run_in_child(pickled_input, extra_env)",本轮异常签名/跳过原因及实例结果与基线一致：_LoweringSerializerContextManager 恢复父进程 fallback 时把非 OpOverload 的 key 传给 force_fallback，触发 Only OpOverload 断言。,batch-05-results.json#test_compile_subprocess.py::test_async,../npu-inductor-213-batches-20261008/batch-05-source-evidence.json#test_compile_subprocess.py::test_async,未另行适配复测,,,,
98,06,test_torchinductor.py,GPUTests,test_comparison_scalar_type_promotion_bf16,验证 BF16 Tensor 与 Python 浮点常数比较时的类型提升及 3.14/3.140625 边界行为。,基础正确性或边界回归：建议保留；按原输入、dtype、形状和断言验证 NPU，不能仅根据当前失败/跳过删除。,通过,通过,通过,状态不变,在完整 PR #47384（16437be0）上加回 transfer_to_npu.py::_patch_triton_driver() 及 _init() 调用；显式选择 Ascend driver，并替换 triton_helpers.set_driver_to_gpu。,基线已通过,基线环境已通过；采用 PR、再加回 driver patch 后均保持通过，无本轮新增修复。,,"{""passed"": 1}",False,,原测试全部选中实例的 setup/call/teardown 通过；覆盖范围沿用未变更的测试源码。,batch-06-results.json#test_torchinductor.py::test_comparison_scalar_type_promotion_bf16,../npu-inductor-213-batches-20261008/batch-06-source-evidence.json#test_torchinductor.py::test_comparison_scalar_type_promotion_bf16,未另行适配复测,,,,
99,06,test_torchinductor.py,GPUTests,test_dist,验证 dist 默认范数和 p=1.2 的距离结果与 eager 一致。,基础正确性或边界回归：建议保留；按原输入、dtype、形状和断言验证 NPU，不能仅根据当前失败/跳过删除。,通过,通过,通过,状态不变,在完整 PR #47384（16437be0）上加回 transfer_to_npu.py::_patch_triton_driver() 及 _init() 调用；显式选择 Ascend driver，并替换 triton_helpers.set_driver_to_gpu。,基线已通过,基线环境已通过；采用 PR、再加回 driver patch 后均保持通过，无本轮新增修复。,,"{""passed"": 1}",False,,原测试全部选中实例的 setup/call/teardown 通过；覆盖范围沿用未变更的测试源码。,batch-06-results.json#test_torchinductor.py::test_dist,../npu-inductor-213-batches-20261008/batch-06-source-evidence.json#test_torchinductor.py::test_dist,未另行适配复测,,,,
100,06,test_torchinductor.py,GPUTests,test_norm_constant_overflow,验证 p=-41 的极端负范数在不同 reduction 维度下不因常量溢出产生错误。,基础正确性或边界回归：建议保留；按原输入、dtype、形状和断言验证 NPU，不能仅根据当前失败/跳过删除。,通过,通过,通过,状态不变,在完整 PR #47384（16437be0）上加回 transfer_to_npu.py::_patch_triton_driver() 及 _init() 调用；显式选择 Ascend driver，并替换 triton_helpers.set_driver_to_gpu。,基线已通过,基线环境已通过；采用 PR、再加回 driver patch 后均保持通过，无本轮新增修复。,,"{""passed"": 1}",False,,原测试全部选中实例的 setup/call/teardown 通过；覆盖范围沿用未变更的测试源码。,batch-06-results.json#test_torchinductor.py::test_norm_constant_overflow,../npu-inductor-213-batches-20261008/batch-06-source-evidence.json#test_torchinductor.py::test_norm_constant_overflow,未另行适配复测,,,,
101,06,test_torchinductor.py,GPUTests,test_dist_bf16,验证函数内转换 BF16 后的距离运算与 eager 一致。,基础正确性或边界回归：建议保留；按原输入、dtype、形状和断言验证 NPU，不能仅根据当前失败/跳过删除。,通过,通过,通过,状态不变,在完整 PR #47384（16437be0）上加回 transfer_to_npu.py::_patch_triton_driver() 及 _init() 调用；显式选择 Ascend driver，并替换 triton_helpers.set_driver_to_gpu。,基线已通过,基线环境已通过；采用 PR、再加回 driver patch 后均保持通过，无本轮新增修复。,,"{""passed"": 1}",False,,原测试全部选中实例的 setup/call/teardown 通过；覆盖范围沿用未变更的测试源码。,batch-06-results.json#test_torchinductor.py::test_dist_bf16,../npu-inductor-213-batches-20261008/batch-06-source-evidence.json#test_torchinductor.py::test_dist_bf16,未另行适配复测,,,,
102,06,test_torchinductor.py,GPUTests,test_arange1,验证 float32/int arange 与 reshape、广播加法组合的生成和数值语义。,基础正确性或边界回归：建议保留；按原输入、dtype、形状和断言验证 NPU，不能仅根据当前失败/跳过删除。,通过,失败,通过,转为通过,在完整 PR #47384（16437be0）上加回 transfer_to_npu.py::_patch_triton_driver() 及 _init() 调用；显式选择 Ascend driver，并替换 triton_helpers.set_driver_to_gpu。,加回 driver patch 后恢复,在完整 PR #47384（16437be0）上加回 transfer_to_npu.py::_patch_triton_driver() 及 _init() 调用；显式选择 Ascend driver，并替换 triton_helpers.set_driver_to_gpu。,restore-driver.patch,"{""passed"": 1}",False,,本组失败实例出现：PR 已使 CudaDriver.is_active() 为 False，但 PyTorch _is_backend_active 又用 torch.cuda.is_available() 兜底；迁移别名返回 True，仍构造 CudaDriver 并因缺少 libcuda.so 失败。,targeted-results.json#test_torchinductor.py::test_arange1,../npu-inductor-213-batches-20261008/batch-06-source-evidence.json#test_torchinductor.py::test_arange1,未另行适配复测,,,,
103,06,test_torchinductor.py,GPUTests,test_arange2,验证默认整数 arange 与整数 Tensor 广播相加。,基础正确性或边界回归：建议保留；按原输入、dtype、形状和断言验证 NPU，不能仅根据当前失败/跳过删除。,通过,失败,通过,转为通过,在完整 PR #47384（16437be0）上加回 transfer_to_npu.py::_patch_triton_driver() 及 _init() 调用；显式选择 Ascend driver，并替换 triton_helpers.set_driver_to_gpu。,加回 driver patch 后恢复,在完整 PR #47384（16437be0）上加回 transfer_to_npu.py::_patch_triton_driver() 及 _init() 调用；显式选择 Ascend driver，并替换 triton_helpers.set_driver_to_gpu。,restore-driver.patch,"{""passed"": 1}",False,,本组失败实例出现：PR 已使 CudaDriver.is_active() 为 False，但 PyTorch _is_backend_active 又用 torch.cuda.is_available() 兜底；迁移别名返回 True，仍构造 CudaDriver 并因缺少 libcuda.so 失败。,targeted-results.json#test_torchinductor.py::test_arange2,../npu-inductor-213-batches-20261008/batch-06-source-evidence.json#test_torchinductor.py::test_arange2,未另行适配复测,,,,
104,06,test_torchinductor.py,GPUTests,test_arange3,验证 int64 arange 的显式 start/step 及终点不可整除时的长度和内容。,基础正确性或边界回归：建议保留；按原输入、dtype、形状和断言验证 NPU，不能仅根据当前失败/跳过删除。,通过,失败,通过,转为通过,在完整 PR #47384（16437be0）上加回 transfer_to_npu.py::_patch_triton_driver() 及 _init() 调用；显式选择 Ascend driver，并替换 triton_helpers.set_driver_to_gpu。,加回 driver patch 后恢复,在完整 PR #47384（16437be0）上加回 transfer_to_npu.py::_patch_triton_driver() 及 _init() 调用；显式选择 Ascend driver，并替换 triton_helpers.set_driver_to_gpu。,restore-driver.patch,"{""passed"": 1}",False,,本组失败实例出现：PR 已使 CudaDriver.is_active() 为 False，但 PyTorch _is_backend_active 又用 torch.cuda.is_available() 兜底；迁移别名返回 True，仍构造 CudaDriver 并因缺少 libcuda.so 失败。,targeted-results.json#test_torchinductor.py::test_arange3,../npu-inductor-213-batches-20261008/batch-06-source-evidence.json#test_torchinductor.py::test_arange3,未另行适配复测,,,,
105,06,test_torchinductor.py,GPUTests,test_arange4,验证负浮点步长 arange 正确处理下降序列和终止条件。,基础正确性或边界回归：建议保留；按原输入、dtype、形状和断言验证 NPU，不能仅根据当前失败/跳过删除。,通过,失败,通过,转为通过,在完整 PR #47384（16437be0）上加回 transfer_to_npu.py::_patch_triton_driver() 及 _init() 调用；显式选择 Ascend driver，并替换 triton_helpers.set_driver_to_gpu。,加回 driver patch 后恢复,在完整 PR #47384（16437be0）上加回 transfer_to_npu.py::_patch_triton_driver() 及 _init() 调用；显式选择 Ascend driver，并替换 triton_helpers.set_driver_to_gpu。,restore-driver.patch,"{""passed"": 1}",False,,本组失败实例出现：PR 已使 CudaDriver.is_active() 为 False，但 PyTorch _is_backend_active 又用 torch.cuda.is_available() 兜底；迁移别名返回 True，仍构造 CudaDriver 并因缺少 libcuda.so 失败。,targeted-results.json#test_torchinductor.py::test_arange4,../npu-inductor-213-batches-20261008/batch-06-source-evidence.json#test_torchinductor.py::test_arange4,未另行适配复测,,,,
106,06,test_torchinductor.py,GPUTests,test_arange5,验证 arange 的整数 -1 与浮点 -1.0 步长保持各自的值和 dtype。,基础正确性或边界回归：建议保留；按原输入、dtype、形状和断言验证 NPU，不能仅根据当前失败/跳过删除。,通过,失败,通过,转为通过,在完整 PR #47384（16437be0）上加回 transfer_to_npu.py::_patch_triton_driver() 及 _init() 调用；显式选择 Ascend driver，并替换 triton_helpers.set_driver_to_gpu。,加回 driver patch 后恢复,在完整 PR #47384（16437be0）上加回 transfer_to_npu.py::_patch_triton_driver() 及 _init() 调用；显式选择 Ascend driver，并替换 triton_helpers.set_driver_to_gpu。,restore-driver.patch,"{""passed"": 1}",False,,本组失败实例出现：PR 已使 CudaDriver.is_active() 为 False，但 PyTorch _is_backend_active 又用 torch.cuda.is_available() 兜底；迁移别名返回 True，仍构造 CudaDriver 并因缺少 libcuda.so 失败。,targeted-results.json#test_torchinductor.py::test_arange5,../npu-inductor-213-batches-20261008/batch-06-source-evidence.json#test_torchinductor.py::test_arange5,未另行适配复测,,,,
107,06,test_torchinductor.py,GPUTests,test_arange6,验证浮点起止值在指定 float32/int64 dtype 下的截断和序列生成规则。,基础正确性或边界回归：建议保留；按原输入、dtype、形状和断言验证 NPU，不能仅根据当前失败/跳过删除。,通过,失败,通过,转为通过,在完整 PR #47384（16437be0）上加回 transfer_to_npu.py::_patch_triton_driver() 及 _init() 调用；显式选择 Ascend driver，并替换 triton_helpers.set_driver_to_gpu。,加回 driver patch 后恢复,在完整 PR #47384（16437be0）上加回 transfer_to_npu.py::_patch_triton_driver() 及 _init() 调用；显式选择 Ascend driver，并替换 triton_helpers.set_driver_to_gpu。,restore-driver.patch,"{""passed"": 1}",False,,本组失败实例出现：PR 已使 CudaDriver.is_active() 为 False，但 PyTorch _is_backend_active 又用 torch.cuda.is_available() 兜底；迁移别名返回 True，仍构造 CudaDriver 并因缺少 libcuda.so 失败。,targeted-results.json#test_torchinductor.py::test_arange6,../npu-inductor-213-batches-20261008/batch-06-source-evidence.json#test_torchinductor.py::test_arange6,未另行适配复测,,,,
108,06,test_torchinductor.py,GPUTests,test_arange7,验证显式 int64 start_step arange 的 lowering 及与整数输入组合。,基础正确性或边界回归：建议保留；按原输入、dtype、形状和断言验证 NPU，不能仅根据当前失败/跳过删除。,通过,失败,通过,转为通过,在完整 PR #47384（16437be0）上加回 transfer_to_npu.py::_patch_triton_driver() 及 _init() 调用；显式选择 Ascend driver，并替换 triton_helpers.set_driver_to_gpu。,加回 driver patch 后恢复,在完整 PR #47384（16437be0）上加回 transfer_to_npu.py::_patch_triton_driver() 及 _init() 调用；显式选择 Ascend driver，并替换 triton_helpers.set_driver_to_gpu。,restore-driver.patch,"{""passed"": 1}",False,,本组失败实例出现：PR 已使 CudaDriver.is_active() 为 False，但 PyTorch _is_backend_active 又用 torch.cuda.is_available() 兜底；迁移别名返回 True，仍构造 CudaDriver 并因缺少 libcuda.so 失败。,targeted-results.json#test_torchinductor.py::test_arange7,../npu-inductor-213-batches-20261008/batch-06-source-evidence.json#test_torchinductor.py::test_arange7,未另行适配复测,,,,
109,06,test_torchinductor.py,GPUTests,test_arange9,验证 int64 arange 乘 10^7 后归约不会截断为 int32。,基础正确性或边界回归：建议保留；按原输入、dtype、形状和断言验证 NPU，不能仅根据当前失败/跳过删除。,通过,失败,通过,转为通过,在完整 PR #47384（16437be0）上加回 transfer_to_npu.py::_patch_triton_driver() 及 _init() 调用；显式选择 Ascend driver，并替换 triton_helpers.set_driver_to_gpu。,加回 driver patch 后恢复,在完整 PR #47384（16437be0）上加回 transfer_to_npu.py::_patch_triton_driver() 及 _init() 调用；显式选择 Ascend driver，并替换 triton_helpers.set_driver_to_gpu。,restore-driver.patch,"{""passed"": 1}",False,,本组失败实例出现：PR 已使 CudaDriver.is_active() 为 False，但 PyTorch _is_backend_active 又用 torch.cuda.is_available() 兜底；迁移别名返回 True，仍构造 CudaDriver 并因缺少 libcuda.so 失败。,targeted-results.json#test_torchinductor.py::test_arange9,../npu-inductor-213-batches-20261008/batch-06-source-evidence.json#test_torchinductor.py::test_arange9,未另行适配复测,,,,
110,06,test_torchinductor.py,GPUTests,test_linspace1,验证 linspace 生成 7 个等间距值并与输入正确广播相加。,基础正确性或边界回归：建议保留；按原输入、dtype、形状和断言验证 NPU，不能仅根据当前失败/跳过删除。,通过,失败,通过,转为通过,在完整 PR #47384（16437be0）上加回 transfer_to_npu.py::_patch_triton_driver() 及 _init() 调用；显式选择 Ascend driver，并替换 triton_helpers.set_driver_to_gpu。,加回 driver patch 后恢复,在完整 PR #47384（16437be0）上加回 transfer_to_npu.py::_patch_triton_driver() 及 _init() 调用；显式选择 Ascend driver，并替换 triton_helpers.set_driver_to_gpu。,restore-driver.patch,"{""passed"": 1}",False,,本组失败实例出现：PR 已使 CudaDriver.is_active() 为 False，但 PyTorch _is_backend_active 又用 torch.cuda.is_available() 兜底；迁移别名返回 True，仍构造 CudaDriver 并因缺少 libcuda.so 失败。,targeted-results.json#test_torchinductor.py::test_linspace1,../npu-inductor-213-batches-20261008/batch-06-source-evidence.json#test_torchinductor.py::test_linspace1,未另行适配复测,,,,
111,06,test_torchinductor.py,GPUTests,test_linspace2,验证 linspace steps=1 时只产生起点的退化边界。,基础正确性或边界回归：建议保留；按原输入、dtype、形状和断言验证 NPU，不能仅根据当前失败/跳过删除。,通过,通过,通过,状态不变,在完整 PR #47384（16437be0）上加回 transfer_to_npu.py::_patch_triton_driver() 及 _init() 调用；显式选择 Ascend driver，并替换 triton_helpers.set_driver_to_gpu。,基线已通过,基线环境已通过；采用 PR、再加回 driver patch 后均保持通过，无本轮新增修复。,,"{""passed"": 1}",False,,原测试全部选中实例的 setup/call/teardown 通过；覆盖范围沿用未变更的测试源码。,batch-06-results.json#test_torchinductor.py::test_linspace2,../npu-inductor-213-batches-20261008/batch-06-source-evidence.json#test_torchinductor.py::test_linspace2,未另行适配复测,,,,
112,06,test_torchinductor.py,GPUTests,test_linspace3,验证 linspace steps=0 时正确返回空 Tensor。,基础正确性或边界回归：建议保留；按原输入、dtype、形状和断言验证 NPU，不能仅根据当前失败/跳过删除。,通过,通过,通过,状态不变,在完整 PR #47384（16437be0）上加回 transfer_to_npu.py::_patch_triton_driver() 及 _init() 调用；显式选择 Ascend driver，并替换 triton_helpers.set_driver_to_gpu。,基线已通过,基线环境已通过；采用 PR、再加回 driver patch 后均保持通过，无本轮新增修复。,,"{""passed"": 1}",False,,原测试全部选中实例的 setup/call/teardown 通过；覆盖范围沿用未变更的测试源码。,batch-06-results.json#test_torchinductor.py::test_linspace3,../npu-inductor-213-batches-20261008/batch-06-source-evidence.json#test_torchinductor.py::test_linspace3,未另行适配复测,,,,
113,06,test_torchinductor.py,GPUTests,test_linspace4,验证显式第二设备上的 steps=0 linspace 输出设备和空形状语义。,设备选择边界：有两张设备时建议保留；只分配空输出，不能替代真实多卡复制/计算。,通过,通过,通过,状态不变,在完整 PR #47384（16437be0）上加回 transfer_to_npu.py::_patch_triton_driver() 及 _init() 调用；显式选择 Ascend driver，并替换 triton_helpers.set_driver_to_gpu。,基线已通过,基线环境已通过；采用 PR、再加回 driver patch 后均保持通过，无本轮新增修复。,,"{""passed"": 1}",False,,原测试全部选中实例的 setup/call/teardown 通过；覆盖范围沿用未变更的测试源码。,batch-06-results.json#test_torchinductor.py::test_linspace4,../npu-inductor-213-batches-20261008/batch-06-source-evidence.json#test_torchinductor.py::test_linspace4,未另行适配复测,,,,
114,06,test_torchinductor.py,GPUTests,test_tensor1,验证编译图中单元素和零维 Tensor 常量构造。,基础正确性或边界回归：建议保留；按原输入、dtype、形状和断言验证 NPU，不能仅根据当前失败/跳过删除。,通过,通过,通过,状态不变,在完整 PR #47384（16437be0）上加回 transfer_to_npu.py::_patch_triton_driver() 及 _init() 调用；显式选择 Ascend driver，并替换 triton_helpers.set_driver_to_gpu。,基线已通过,基线环境已通过；采用 PR、再加回 driver patch 后均保持通过，无本轮新增修复。,,"{""passed"": 1}",False,,原测试全部选中实例的 setup/call/teardown 通过；覆盖范围沿用未变更的测试源码。,batch-06-results.json#test_torchinductor.py::test_tensor1,../npu-inductor-213-batches-20261008/batch-06-source-evidence.json#test_torchinductor.py::test_tensor1,未另行适配复测,,,,
115,06,test_torchinductor.py,GPUTests,test_tensor2,验证由 Python range 构造的 Tensor 常量与输入相加。,基础正确性或边界回归：建议保留；按原输入、dtype、形状和断言验证 NPU，不能仅根据当前失败/跳过删除。,通过,通过,通过,状态不变,在完整 PR #47384（16437be0）上加回 transfer_to_npu.py::_patch_triton_driver() 及 _init() 调用；显式选择 Ascend driver，并替换 triton_helpers.set_driver_to_gpu。,基线已通过,基线环境已通过；采用 PR、再加回 driver patch 后均保持通过，无本轮新增修复。,,"{""passed"": 1}",False,,原测试全部选中实例的 setup/call/teardown 通过；覆盖范围沿用未变更的测试源码。,batch-06-results.json#test_torchinductor.py::test_tensor2,../npu-inductor-213-batches-20261008/batch-06-source-evidence.json#test_torchinductor.py::test_tensor2,未另行适配复测,,,,
116,06,test_torchinductor.py,GPUTests,test_tensor3,验证空列表及不同长度列表构造 Tensor 后的返回与运算。,基础正确性或边界回归：建议保留；按原输入、dtype、形状和断言验证 NPU，不能仅根据当前失败/跳过删除。,通过,失败,通过,转为通过,在完整 PR #47384（16437be0）上加回 transfer_to_npu.py::_patch_triton_driver() 及 _init() 调用；显式选择 Ascend driver，并替换 triton_helpers.set_driver_to_gpu。,加回 driver patch 后恢复,在完整 PR #47384（16437be0）上加回 transfer_to_npu.py::_patch_triton_driver() 及 _init() 调用；显式选择 Ascend driver，并替换 triton_helpers.set_driver_to_gpu。,restore-driver.patch,"{""passed"": 1}",False,,本组失败实例出现：PR 已使 CudaDriver.is_active() 为 False，但 PyTorch _is_backend_active 又用 torch.cuda.is_available() 兜底；迁移别名返回 True，仍构造 CudaDriver 并因缺少 libcuda.so 失败。,targeted-results.json#test_torchinductor.py::test_tensor3,../npu-inductor-213-batches-20261008/batch-06-source-evidence.json#test_torchinductor.py::test_tensor3,未另行适配复测,,,,
117,06,test_torchinductor.py,GPUTests,test_views1,验证 7 组形状正反向 view 及 view 前后算术运算，防止 reshape 索引和布局变化。,基础正确性或边界回归：建议保留；按原输入、dtype、形状和断言验证 NPU，不能仅根据当前失败/跳过删除。,通过,通过,通过,状态不变,在完整 PR #47384（16437be0）上加回 transfer_to_npu.py::_patch_triton_driver() 及 _init() 调用；显式选择 Ascend driver，并替换 triton_helpers.set_driver_to_gpu。,基线已通过,基线环境已通过；采用 PR、再加回 driver patch 后均保持通过，无本轮新增修复。,,"{""passed"": 1}",False,,原测试全部选中实例的 setup/call/teardown 通过；覆盖范围沿用未变更的测试源码。,batch-06-results.json#test_torchinductor.py::test_views1,../npu-inductor-213-batches-20261008/batch-06-source-evidence.json#test_torchinductor.py::test_views1,未另行适配复测,,,,
118,07,test_torchinductor.py,GPUTests,test_views2,验证带 -1 自动推导维度的三组 reshape 与算术组合。,基础正确性或边界回归：建议保留；按原输入、dtype、形状和断言验证 NPU，不能仅根据当前失败/跳过删除。,通过,通过,通过,状态不变,在完整 PR #47384（16437be0）上加回 transfer_to_npu.py::_patch_triton_driver() 及 _init() 调用；显式选择 Ascend driver，并替换 triton_helpers.set_driver_to_gpu。,基线已通过,基线环境已通过；采用 PR、再加回 driver patch 后均保持通过，无本轮新增修复。,,"{""passed"": 1}",False,,原测试全部选中实例的 setup/call/teardown 通过；覆盖范围沿用未变更的测试源码。,batch-07-results.json#test_torchinductor.py::test_views2,../npu-inductor-213-batches-20261008/batch-07-source-evidence.json#test_torchinductor.py::test_views2,未另行适配复测,,,,
119,07,test_torchinductor.py,GPUTests,test_views3,验证高级索引后连续两次 view 的形状与数据排列，覆盖 BigBird 风格计算。,基础正确性或边界回归：建议保留；按原输入、dtype、形状和断言验证 NPU，不能仅根据当前失败/跳过删除。,通过,通过,通过,状态不变,在完整 PR #47384（16437be0）上加回 transfer_to_npu.py::_patch_triton_driver() 及 _init() 调用；显式选择 Ascend driver，并替换 triton_helpers.set_driver_to_gpu。,基线已通过,基线环境已通过；采用 PR、再加回 driver patch 后均保持通过，无本轮新增修复。,,"{""passed"": 1}",False,,原测试全部选中实例的 setup/call/teardown 通过；覆盖范围沿用未变更的测试源码。,batch-07-results.json#test_torchinductor.py::test_views3,../npu-inductor-213-batches-20261008/batch-07-source-evidence.json#test_torchinductor.py::test_views3,未另行适配复测,,,,
120,07,test_torchinductor.py,GPUTests,test_views4,验证 index_select 后连续 reshape 和 -1 维度推导。,基础正确性或边界回归：建议保留；按原输入、dtype、形状和断言验证 NPU，不能仅根据当前失败/跳过删除。,通过,通过,通过,状态不变,在完整 PR #47384（16437be0）上加回 transfer_to_npu.py::_patch_triton_driver() 及 _init() 调用；显式选择 Ascend driver，并替换 triton_helpers.set_driver_to_gpu。,基线已通过,基线环境已通过；采用 PR、再加回 driver patch 后均保持通过，无本轮新增修复。,,"{""passed"": 1}",False,,原测试全部选中实例的 setup/call/teardown 通过；覆盖范围沿用未变更的测试源码。,batch-07-results.json#test_torchinductor.py::test_views4,../npu-inductor-213-batches-20261008/batch-07-source-evidence.json#test_torchinductor.py::test_views4,未另行适配复测,,,,
121,07,test_torchinductor.py,GPUTests,test_views5,验证空 slice 的 view 保持合法空形状和计算语义。,基础正确性或边界回归：建议保留；按原输入、dtype、形状和断言验证 NPU，不能仅根据当前失败/跳过删除。,通过,通过,通过,状态不变,在完整 PR #47384（16437be0）上加回 transfer_to_npu.py::_patch_triton_driver() 及 _init() 调用；显式选择 Ascend driver，并替换 triton_helpers.set_driver_to_gpu。,基线已通过,基线环境已通过；采用 PR、再加回 driver patch 后均保持通过，无本轮新增修复。,,"{""passed"": 1}",False,,原测试全部选中实例的 setup/call/teardown 通过；覆盖范围沿用未变更的测试源码。,batch-07-results.json#test_torchinductor.py::test_views5,../npu-inductor-213-batches-20261008/batch-07-source-evidence.json#test_torchinductor.py::test_views5,未另行适配复测,,,,
122,07,test_torchinductor.py,GPUTests,test_views6,验证 ReLU 后空 slice 的形状推导与返回语义。,基础正确性或边界回归：建议保留；按原输入、dtype、形状和断言验证 NPU，不能仅根据当前失败/跳过删除。,通过,通过,通过,状态不变,在完整 PR #47384（16437be0）上加回 transfer_to_npu.py::_patch_triton_driver() 及 _init() 调用；显式选择 Ascend driver，并替换 triton_helpers.set_driver_to_gpu。,基线已通过,基线环境已通过；采用 PR、再加回 driver patch 后均保持通过，无本轮新增修复。,,"{""passed"": 1}",False,,原测试全部选中实例的 setup/call/teardown 通过；覆盖范围沿用未变更的测试源码。,batch-07-results.json#test_torchinductor.py::test_views6,../npu-inductor-213-batches-20261008/batch-07-source-evidence.json#test_torchinductor.py::test_views6,未另行适配复测,,,,
123,07,test_torchinductor.py,GPUTests,test_views7,验证 float32/int32 的 view(dtype) 按位重解释，而非数值转换。,基础正确性或边界回归：建议保留；按原输入、dtype、形状和断言验证 NPU，不能仅根据当前失败/跳过删除。,通过,通过,通过,状态不变,在完整 PR #47384（16437be0）上加回 transfer_to_npu.py::_patch_triton_driver() 及 _init() 调用；显式选择 Ascend driver，并替换 triton_helpers.set_driver_to_gpu。,基线已通过,基线环境已通过；采用 PR、再加回 driver patch 后均保持通过，无本轮新增修复。,,"{""passed"": 1}",False,,原测试全部选中实例的 setup/call/teardown 通过；覆盖范围沿用未变更的测试源码。,batch-07-results.json#test_torchinductor.py::test_views7,../npu-inductor-213-batches-20261008/batch-07-source-evidence.json#test_torchinductor.py::test_views7,未另行适配复测,,,,
124,07,test_torchinductor.py,GPUTests,test_view_copy_dtype_change,验证 int32 到 int64 的 view_copy(dtype) 元素大小、形状和按位复制语义。,基础正确性或边界回归：建议保留；按原输入、dtype、形状和断言验证 NPU，不能仅根据当前失败/跳过删除。,通过,通过,通过,状态不变,在完整 PR #47384（16437be0）上加回 transfer_to_npu.py::_patch_triton_driver() 及 _init() 调用；显式选择 Ascend driver，并替换 triton_helpers.set_driver_to_gpu。,基线已通过,基线环境已通过；采用 PR、再加回 driver patch 后均保持通过，无本轮新增修复。,,"{""passed"": 1}",False,,原测试全部选中实例的 setup/call/teardown 通过；覆盖范围沿用未变更的测试源码。,batch-07-results.json#test_torchinductor.py::test_view_copy_dtype_change,../npu-inductor-213-batches-20261008/batch-07-source-evidence.json#test_torchinductor.py::test_view_copy_dtype_change,未另行适配复测,,,,
125,07,test_torchinductor.py,GPUTests,test_relu,验证单输入和加法后 ReLU 的数值正确性。,基础正确性或边界回归：建议保留；按原输入、dtype、形状和断言验证 NPU，不能仅根据当前失败/跳过删除。,通过,通过,通过,状态不变,在完整 PR #47384（16437be0）上加回 transfer_to_npu.py::_patch_triton_driver() 及 _init() 调用；显式选择 Ascend driver，并替换 triton_helpers.set_driver_to_gpu。,基线已通过,基线环境已通过；采用 PR、再加回 driver patch 后均保持通过，无本轮新增修复。,,"{""passed"": 1}",False,,原测试全部选中实例的 setup/call/teardown 通过；覆盖范围沿用未变更的测试源码。,batch-07-results.json#test_torchinductor.py::test_relu,../npu-inductor-213-batches-20261008/batch-07-source-evidence.json#test_torchinductor.py::test_relu,未另行适配复测,,,,
126,07,test_torchinductor.py,GPUTests,test_exp,验证单输入和加法后 exp 的数值正确性。,基础正确性或边界回归：建议保留；按原输入、dtype、形状和断言验证 NPU，不能仅根据当前失败/跳过删除。,通过,通过,通过,状态不变,在完整 PR #47384（16437be0）上加回 transfer_to_npu.py::_patch_triton_driver() 及 _init() 调用；显式选择 Ascend driver，并替换 triton_helpers.set_driver_to_gpu。,基线已通过,基线环境已通过；采用 PR、再加回 driver patch 后均保持通过，无本轮新增修复。,,"{""passed"": 1}",False,,原测试全部选中实例的 setup/call/teardown 通过；覆盖范围沿用未变更的测试源码。,batch-07-results.json#test_torchinductor.py::test_exp,../npu-inductor-213-batches-20261008/batch-07-source-evidence.json#test_torchinductor.py::test_exp,未另行适配复测,,,,
127,07,test_torchinductor.py,GPUTests,test_exp2,验证 exp2 和以 2 为底的负绝对差幂运算。,基础正确性或边界回归：建议保留；按原输入、dtype、形状和断言验证 NPU，不能仅根据当前失败/跳过删除。,通过,通过,通过,状态不变,在完整 PR #47384（16437be0）上加回 transfer_to_npu.py::_patch_triton_driver() 及 _init() 调用；显式选择 Ascend driver，并替换 triton_helpers.set_driver_to_gpu。,基线已通过,基线环境已通过；采用 PR、再加回 driver patch 后均保持通过，无本轮新增修复。,,"{""passed"": 1}",False,,原测试全部选中实例的 setup/call/teardown 通过；覆盖范围沿用未变更的测试源码。,batch-07-results.json#test_torchinductor.py::test_exp2,../npu-inductor-213-batches-20261008/batch-07-source-evidence.json#test_torchinductor.py::test_exp2,未另行适配复测,,,,
128,07,test_torchinductor.py,GPUTests,test_logaddexp,验证 complex64 logaddexp 的编译结果与 eager 一致；不是普通实数 logaddexp 用例。,complex64 能力项：承诺复数 logaddexp 时必测；不支持时保留能力/错误契约，不能用实数替换原目标。,失败,失败,失败,状态不变,在完整 PR #47384（16437be0）上加回 transfer_to_npu.py::_patch_triton_driver() 及 _init() 调用；显式选择 Ascend driver，并替换 triton_helpers.set_driver_to_gpu。,尚未全部通过,原用例尚未全部通过，不能将已应用的修改记为修复成功。,restore-driver.patch,"{""failed"": 1}",False,"E       RuntimeError: logaddexp:third_party/op-plugin/op_plugin/ops/opapi/StructKernelNpuOpApi_5.cpp:51 NPU function error: call aclnnLogAddExp failed, error code is 507899
E       [ERROR] 2026-10-09-11:50:27 (PID:<redacted>, Device:1, RankID:-1) ERR00100 PTA call acl api failed
E       [Error]: An internal error occurs in the Driver module.
E               Rectify the fault based on the error information in the ascend log.
E       [PID:<redacted>] 2026-10-09-11:50:27.124.346 AclNN_Parameter_Error(EZ1001): Tensor self not implemented for DT_COMPLEX64, should be in dtype support list [DT_FLOAT,DT_FLOAT16,DT_DOUBLE,DT_INT8,DT_UINT8,DT_INT16,DT_UINT16,DT_INT32,DT_UINT32,DT_INT64,DT_UINT64,DT_BOOL,DT_BFLOAT16,].",本轮异常签名/跳过原因及实例结果与基线一致：aclnnLogAddExp 明确拒绝 DT_COMPLEX64；未进入 compiled/eager 对比。,batch-07-results.json#test_torchinductor.py::test_logaddexp,../npu-inductor-213-batches-20261008/batch-07-source-evidence.json#test_torchinductor.py::test_logaddexp,未另行适配复测,,,,
129,07,test_torchinductor.py,GPUTests,test_sigmoid,验证单输入和相加后 sigmoid 的数值正确性。,基础正确性或边界回归：建议保留；按原输入、dtype、形状和断言验证 NPU，不能仅根据当前失败/跳过删除。,通过,通过,通过,状态不变,在完整 PR #47384（16437be0）上加回 transfer_to_npu.py::_patch_triton_driver() 及 _init() 调用；显式选择 Ascend driver，并替换 triton_helpers.set_driver_to_gpu。,基线已通过,基线环境已通过；采用 PR、再加回 driver patch 后均保持通过，无本轮新增修复。,,"{""passed"": 1}",False,,原测试全部选中实例的 setup/call/teardown 通过；覆盖范围沿用未变更的测试源码。,batch-07-results.json#test_torchinductor.py::test_sigmoid,../npu-inductor-213-batches-20261008/batch-07-source-evidence.json#test_torchinductor.py::test_sigmoid,未另行适配复测,,,,
130,07,test_torchinductor.py,GPUTests,test_round,验证 Tensor round、round(b+1) 和 decimals=2 的舍入，覆盖半整数及低精度回归。,基础正确性或边界回归：建议保留；按原输入、dtype、形状和断言验证 NPU，不能仅根据当前失败/跳过删除。,通过,通过,通过,状态不变,在完整 PR #47384（16437be0）上加回 transfer_to_npu.py::_patch_triton_driver() 及 _init() 调用；显式选择 Ascend driver，并替换 triton_helpers.set_driver_to_gpu。,基线已通过,基线环境已通过；采用 PR、再加回 driver patch 后均保持通过，无本轮新增修复。,,"{""passed"": 1}",False,,原测试全部选中实例的 setup/call/teardown 通过；覆盖范围沿用未变更的测试源码。,batch-07-results.json#test_torchinductor.py::test_round,../npu-inductor-213-batches-20261008/batch-07-source-evidence.json#test_torchinductor.py::test_round,未另行适配复测,,,,
131,07,test_torchinductor.py,GPUTests,test_round_correctness,验证目标设备最高浮点精度下 -10 到 10、步长 0.1 的 round 边界行为。,dtype 能力项：按声明的 fp64 支持范围验收；不支持时需要明确能力/错误契约，不能换 float32 后称原用例已修复。,失败,失败,失败,状态不变,在完整 PR #47384（16437be0）上加回 transfer_to_npu.py::_patch_triton_driver() 及 _init() 调用；显式选择 Ascend driver，并替换 triton_helpers.set_driver_to_gpu。,尚未全部通过,原用例尚未全部通过，不能将已应用的修改记为修复成功。,restore-driver.patch,"{""failed"": 1}",False,"E           torch._inductor.exc.InductorError: SubprocException: An exception occurred in a subprocess:
E           Name=triton_poi_fused_round_0
E           Traceback (most recent call last):
E             File ""<site-packages>/torch/_inductor/compile_worker/subproc_pool.py"", line 475, in do_job
E               result = job()
E                        ^^^^^
E             File ""<site-packages>/torch/_inductor/runtime/compile_tasks.py"", line 204, in _worker_compile_triton
E               kernel.precompile(warm_cache_only=True)",本组失败实例出现：PR 已使 CudaDriver.is_active() 为 False，但 PyTorch _is_backend_active 又用 torch.cuda.is_available() 兜底；迁移别名返回 True，仍构造 CudaDriver 并因缺少 libcuda.so 失败。,batch-07-results.json#test_torchinductor.py::test_round_correctness,../npu-inductor-213-batches-20261008/batch-07-source-evidence.json#test_torchinductor.py::test_round_correctness,未另行适配复测,,,,
132,07,test_torchinductor.py,GPUTests,test_builtins_round,验证动态 fullgraph 中 Python round 浮点表达式可用于 slice 终点及 Tensor 加法。,基础正确性或边界回归：建议保留；按原输入、dtype、形状和断言验证 NPU，不能仅根据当前失败/跳过删除。,失败,失败,失败,状态不变,在完整 PR #47384（16437be0）上加回 transfer_to_npu.py::_patch_triton_driver() 及 _init() 调用；显式选择 Ascend driver，并替换 triton_helpers.set_driver_to_gpu。,尚未全部通过,原用例尚未全部通过，不能将已应用的修改记为修复成功。,restore-driver.patch,"{""failed"": 1}",False,"E               torch._dynamo.exc.BackendCompilerFailed: backend='inductor' raised:
E               AttributeError: 'SymFloat' object has no attribute 'dtype'
E               Set TORCHDYNAMO_VERBOSE=1 for the internal stack trace (please do this especially if you're reporting a bug to PyTorch). For even more developer context, set TORCH_LOGS=""+dynamo""",本轮异常签名/跳过原因及实例结果与基线一致：input_fake 是 SymFloat，优化 pass 在确认节点为 Tensor.to 前先读取 input_fake.dtype，抛出 AttributeError。,batch-07-results.json#test_torchinductor.py::test_builtins_round,../npu-inductor-213-batches-20261008/batch-07-source-evidence.json#test_torchinductor.py::test_builtins_round,未另行适配复测,,,,
133,07,test_torchinductor.py,GPUTests,test_builtins_round_float_ndigits_pos,验证动态 Python round 的正 ndigits=1 保留小数位语义。,基础正确性或边界回归：建议保留；按原输入、dtype、形状和断言验证 NPU，不能仅根据当前失败/跳过删除。,失败,失败,失败,状态不变,在完整 PR #47384（16437be0）上加回 transfer_to_npu.py::_patch_triton_driver() 及 _init() 调用；显式选择 Ascend driver，并替换 triton_helpers.set_driver_to_gpu。,尚未全部通过,原用例尚未全部通过，不能将已应用的修改记为修复成功。,restore-driver.patch,"{""failed"": 1}",False,"E               torch._dynamo.exc.BackendCompilerFailed: backend='inductor' raised:
E               AttributeError: 'SymFloat' object has no attribute 'dtype'
E               Set TORCHDYNAMO_VERBOSE=1 for the internal stack trace (please do this especially if you're reporting a bug to PyTorch). For even more developer context, set TORCH_LOGS=""+dynamo""",本轮异常签名/跳过原因及实例结果与基线一致：input_fake 是 SymFloat，优化 pass 在确认节点为 Tensor.to 前先读取 input_fake.dtype，抛出 AttributeError。,batch-07-results.json#test_torchinductor.py::test_builtins_round_float_ndigits_pos,../npu-inductor-213-batches-20261008/batch-07-source-evidence.json#test_torchinductor.py::test_builtins_round_float_ndigits_pos,未另行适配复测,,,,
134,07,test_torchinductor.py,GPUTests,test_builtins_round_float_ndigits_zero,验证动态 Python round 的 ndigits=0 舍入语义。,基础正确性或边界回归：建议保留；按原输入、dtype、形状和断言验证 NPU，不能仅根据当前失败/跳过删除。,失败,失败,失败,状态不变,在完整 PR #47384（16437be0）上加回 transfer_to_npu.py::_patch_triton_driver() 及 _init() 调用；显式选择 Ascend driver，并替换 triton_helpers.set_driver_to_gpu。,尚未全部通过,原用例尚未全部通过，不能将已应用的修改记为修复成功。,restore-driver.patch,"{""failed"": 1}",False,"E               torch._dynamo.exc.BackendCompilerFailed: backend='inductor' raised:
E               AttributeError: 'SymFloat' object has no attribute 'dtype'
E               Set TORCHDYNAMO_VERBOSE=1 for the internal stack trace (please do this especially if you're reporting a bug to PyTorch). For even more developer context, set TORCH_LOGS=""+dynamo""",本轮异常签名/跳过原因及实例结果与基线一致：input_fake 是 SymFloat，优化 pass 在确认节点为 Tensor.to 前先读取 input_fake.dtype，抛出 AttributeError。,batch-07-results.json#test_torchinductor.py::test_builtins_round_float_ndigits_zero,../npu-inductor-213-batches-20261008/batch-07-source-evidence.json#test_torchinductor.py::test_builtins_round_float_ndigits_zero,未另行适配复测,,,,
135,07,test_torchinductor.py,GPUTests,test_builtins_round_float_ndigits_neg,验证动态 Python round 的负 ndigits=-1 十位舍入语义。,基础正确性或边界回归：建议保留；按原输入、dtype、形状和断言验证 NPU，不能仅根据当前失败/跳过删除。,失败,失败,失败,状态不变,在完整 PR #47384（16437be0）上加回 transfer_to_npu.py::_patch_triton_driver() 及 _init() 调用；显式选择 Ascend driver，并替换 triton_helpers.set_driver_to_gpu。,尚未全部通过,原用例尚未全部通过，不能将已应用的修改记为修复成功。,restore-driver.patch,"{""failed"": 1}",False,"E               torch._dynamo.exc.BackendCompilerFailed: backend='inductor' raised:
E               AttributeError: 'SymFloat' object has no attribute 'dtype'
E               Set TORCHDYNAMO_VERBOSE=1 for the internal stack trace (please do this especially if you're reporting a bug to PyTorch). For even more developer context, set TORCH_LOGS=""+dynamo""",本轮异常签名/跳过原因及实例结果与基线一致：input_fake 是 SymFloat，优化 pass 在确认节点为 Tensor.to 前先读取 input_fake.dtype，抛出 AttributeError。,batch-07-results.json#test_torchinductor.py::test_builtins_round_float_ndigits_neg,../npu-inductor-213-batches-20261008/batch-07-source-evidence.json#test_torchinductor.py::test_builtins_round_float_ndigits_neg,未另行适配复测,,,,
136,07,test_torchinductor.py,GPUTests,test_builtins_round_float_ndigits_neg_uses_value_expr,验证显式 Inductor fullgraph 路径中负 ndigits 的符号值表达式 lowering 与 eager 一致。,动态标量回归：与 ndigits=-1 数值测试高度重叠；可核对 backend/装饰条件后合并参数化，保留显式 Inductor 路径。,失败,失败,失败,状态不变,在完整 PR #47384（16437be0）上加回 transfer_to_npu.py::_patch_triton_driver() 及 _init() 调用；显式选择 Ascend driver，并替换 triton_helpers.set_driver_to_gpu。,尚未全部通过,原用例尚未全部通过，不能将已应用的修改记为修复成功。,restore-driver.patch,"{""failed"": 1}",False,"E               torch._dynamo.exc.BackendCompilerFailed: backend='inductor' raised:
E               AttributeError: 'SymFloat' object has no attribute 'dtype'
E               Set TORCHDYNAMO_VERBOSE=1 for the internal stack trace (please do this especially if you're reporting a bug to PyTorch). For even more developer context, set TORCH_LOGS=""+dynamo""",本轮异常签名/跳过原因及实例结果与基线一致：input_fake 是 SymFloat，优化 pass 在确认节点为 Tensor.to 前先读取 input_fake.dtype，抛出 AttributeError。,batch-07-results.json#test_torchinductor.py::test_builtins_round_float_ndigits_neg_uses_value_expr,../npu-inductor-213-batches-20261008/batch-07-source-evidence.json#test_torchinductor.py::test_builtins_round_float_ndigits_neg_uses_value_expr,未另行适配复测,,,,
137,07,test_torchinductor.py,GPUTests,test_builtins_round_int_ndigits_pos,"验证动态 Python 整数 round(i,1) 与 Tensor 相加的语义。",基础正确性或边界回归：建议保留；按原输入、dtype、形状和断言验证 NPU，不能仅根据当前失败/跳过删除。,通过,失败,通过,转为通过,在完整 PR #47384（16437be0）上加回 transfer_to_npu.py::_patch_triton_driver() 及 _init() 调用；显式选择 Ascend driver，并替换 triton_helpers.set_driver_to_gpu。,加回 driver patch 后恢复,在完整 PR #47384（16437be0）上加回 transfer_to_npu.py::_patch_triton_driver() 及 _init() 调用；显式选择 Ascend driver，并替换 triton_helpers.set_driver_to_gpu。,restore-driver.patch,"{""passed"": 1}",False,,本组失败实例出现：PR 已使 CudaDriver.is_active() 为 False，但 PyTorch _is_backend_active 又用 torch.cuda.is_available() 兜底；迁移别名返回 True，仍构造 CudaDriver 并因缺少 libcuda.so 失败。,targeted-results.json#test_torchinductor.py::test_builtins_round_int_ndigits_pos,../npu-inductor-213-batches-20261008/batch-07-source-evidence.json#test_torchinductor.py::test_builtins_round_int_ndigits_pos,未另行适配复测,,,,
138,08,test_torchinductor.py,GPUTests,test_builtins_round_int_ndigits_zero,"验证动态 Python 整数 round(i,0) 与 Tensor 相加的语义。",基础正确性或边界回归：建议保留；按原输入、dtype、形状和断言验证 NPU，不能仅根据当前失败/跳过删除。,通过,失败,通过,转为通过,在完整 PR #47384（16437be0）上加回 transfer_to_npu.py::_patch_triton_driver() 及 _init() 调用；显式选择 Ascend driver，并替换 triton_helpers.set_driver_to_gpu。,加回 driver patch 后恢复,在完整 PR #47384（16437be0）上加回 transfer_to_npu.py::_patch_triton_driver() 及 _init() 调用；显式选择 Ascend driver，并替换 triton_helpers.set_driver_to_gpu。,restore-driver.patch,"{""passed"": 1}",False,,本组失败实例出现：PR 已使 CudaDriver.is_active() 为 False，但 PyTorch _is_backend_active 又用 torch.cuda.is_available() 兜底；迁移别名返回 True，仍构造 CudaDriver 并因缺少 libcuda.so 失败。,targeted-results.json#test_torchinductor.py::test_builtins_round_int_ndigits_zero,../npu-inductor-213-batches-20261008/batch-08-source-evidence.json#test_torchinductor.py::test_builtins_round_int_ndigits_zero,未另行适配复测,,,,
139,08,test_torchinductor.py,GPUTests,test_silu,验证 SiLU 编译结果与 eager 一致。,基础正确性或边界回归：建议保留；按原输入、dtype、形状和断言验证 NPU，不能仅根据当前失败/跳过删除。,通过,通过,通过,状态不变,在完整 PR #47384（16437be0）上加回 transfer_to_npu.py::_patch_triton_driver() 及 _init() 调用；显式选择 Ascend driver，并替换 triton_helpers.set_driver_to_gpu。,基线已通过,基线环境已通过；采用 PR、再加回 driver patch 后均保持通过，无本轮新增修复。,,"{""passed"": 1}",False,,原测试全部选中实例的 setup/call/teardown 通过；覆盖范围沿用未变更的测试源码。,batch-08-results.json#test_torchinductor.py::test_silu,../npu-inductor-213-batches-20261008/batch-08-source-evidence.json#test_torchinductor.py::test_silu,未另行适配复测,,,,
140,08,test_torchinductor.py,GPUTests,test_silu_exact_eager,验证 SiLU 对随机输入及全部 65536 种 BF16 位模式与 eager 对齐，包含 NaN。,BF16 数值边界：建议保留；全位模式成本较高时可放定期回归，SiLU/dtype 改动时重点执行。,通过,通过,通过,状态不变,在完整 PR #47384（16437be0）上加回 transfer_to_npu.py::_patch_triton_driver() 及 _init() 调用；显式选择 Ascend driver，并替换 triton_helpers.set_driver_to_gpu。,基线已通过,基线环境已通过；采用 PR、再加回 driver patch 后均保持通过，无本轮新增修复。,,"{""passed"": 1}",False,,原测试全部选中实例的 setup/call/teardown 通过；覆盖范围沿用未变更的测试源码。,batch-08-results.json#test_torchinductor.py::test_silu_exact_eager,../npu-inductor-213-batches-20261008/batch-08-source-evidence.json#test_torchinductor.py::test_silu_exact_eager,未另行适配复测,,,,
141,08,test_torchinductor.py,GPUTests,test_nan_to_num,验证 nan_to_num 的默认和显式 NaN/正负 Inf 替换值。,基础正确性或边界回归：建议保留；按原输入、dtype、形状和断言验证 NPU，不能仅根据当前失败/跳过删除。,通过,失败,通过,转为通过,在完整 PR #47384（16437be0）上加回 transfer_to_npu.py::_patch_triton_driver() 及 _init() 调用；显式选择 Ascend driver，并替换 triton_helpers.set_driver_to_gpu。,加回 driver patch 后恢复,在完整 PR #47384（16437be0）上加回 transfer_to_npu.py::_patch_triton_driver() 及 _init() 调用；显式选择 Ascend driver，并替换 triton_helpers.set_driver_to_gpu。,restore-driver.patch,"{""passed"": 1}",False,,本组失败实例出现：PR 已使 CudaDriver.is_active() 为 False，但 PyTorch _is_backend_active 又用 torch.cuda.is_available() 兜底；迁移别名返回 True，仍构造 CudaDriver 并因缺少 libcuda.so 失败。,targeted-results.json#test_torchinductor.py::test_nan_to_num,../npu-inductor-213-batches-20261008/batch-08-source-evidence.json#test_torchinductor.py::test_nan_to_num,未另行适配复测,,,,
142,08,test_torchinductor.py,GPUTests,test_one_hot,验证固定 8 类的 one_hot 生成和后续加法。,基础正确性或边界回归：建议保留；按原输入、dtype、形状和断言验证 NPU，不能仅根据当前失败/跳过删除。,通过,失败,通过,转为通过,在完整 PR #47384（16437be0）上加回 transfer_to_npu.py::_patch_triton_driver() 及 _init() 调用；显式选择 Ascend driver，并替换 triton_helpers.set_driver_to_gpu。,加回 driver patch 后恢复,在完整 PR #47384（16437be0）上加回 transfer_to_npu.py::_patch_triton_driver() 及 _init() 调用；显式选择 Ascend driver，并替换 triton_helpers.set_driver_to_gpu。,restore-driver.patch,"{""passed"": 1}",False,,本组失败实例出现：PR 已使 CudaDriver.is_active() 为 False，但 PyTorch _is_backend_active 又用 torch.cuda.is_available() 兜底；迁移别名返回 True，仍构造 CudaDriver 并因缺少 libcuda.so 失败。,targeted-results.json#test_torchinductor.py::test_one_hot,../npu-inductor-213-batches-20261008/batch-08-source-evidence.json#test_torchinductor.py::test_one_hot,未另行适配复测,,,,
143,08,test_torchinductor.py,GPUTests,test_div1,验证浮点 true/floor/trunc 除法及 /、// 多种接口一致性。,基础正确性或边界回归：建议保留；按原输入、dtype、形状和断言验证 NPU，不能仅根据当前失败/跳过删除。,通过,通过,通过,状态不变,在完整 PR #47384（16437be0）上加回 transfer_to_npu.py::_patch_triton_driver() 及 _init() 调用；显式选择 Ascend driver，并替换 triton_helpers.set_driver_to_gpu。,基线已通过,基线环境已通过；采用 PR、再加回 driver patch 后均保持通过，无本轮新增修复。,,"{""passed"": 1}",False,,原测试全部选中实例的 setup/call/teardown 通过；覆盖范围沿用未变更的测试源码。,batch-08-results.json#test_torchinductor.py::test_div1,../npu-inductor-213-batches-20261008/batch-08-source-evidence.json#test_torchinductor.py::test_div1,未另行适配复测,,,,
144,08,test_torchinductor.py,GPUTests,test_div2,验证整数被除数与浮点除数混合时的类型提升和除法结果。,基础正确性或边界回归：建议保留；按原输入、dtype、形状和断言验证 NPU，不能仅根据当前失败/跳过删除。,通过,通过,通过,状态不变,在完整 PR #47384（16437be0）上加回 transfer_to_npu.py::_patch_triton_driver() 及 _init() 调用；显式选择 Ascend driver，并替换 triton_helpers.set_driver_to_gpu。,基线已通过,基线环境已通过；采用 PR、再加回 driver patch 后均保持通过，无本轮新增修复。,,"{""passed"": 1}",False,,原测试全部选中实例的 setup/call/teardown 通过；覆盖范围沿用未变更的测试源码。,batch-08-results.json#test_torchinductor.py::test_div2,../npu-inductor-213-batches-20261008/batch-08-source-evidence.json#test_torchinductor.py::test_div2,未另行适配复测,,,,
145,08,test_torchinductor.py,GPUTests,test_div3,验证可整除正整数输入在各 rounding_mode 下的结果。,基础正确性或边界回归：建议保留；按原输入、dtype、形状和断言验证 NPU，不能仅根据当前失败/跳过删除。,通过,通过,通过,状态不变,在完整 PR #47384（16437be0）上加回 transfer_to_npu.py::_patch_triton_driver() 及 _init() 调用；显式选择 Ascend driver，并替换 triton_helpers.set_driver_to_gpu。,基线已通过,基线环境已通过；采用 PR、再加回 driver patch 后均保持通过，无本轮新增修复。,,"{""passed"": 1}",False,,原测试全部选中实例的 setup/call/teardown 通过；覆盖范围沿用未变更的测试源码。,batch-08-results.json#test_torchinductor.py::test_div3,../npu-inductor-213-batches-20261008/batch-08-source-evidence.json#test_torchinductor.py::test_div3,未另行适配复测,,,,
146,08,test_torchinductor.py,GPUTests,test_div4,验证负整数除法中 floor 与 trunc 的方向差异。,基础正确性或边界回归：建议保留；按原输入、dtype、形状和断言验证 NPU，不能仅根据当前失败/跳过删除。,通过,通过,通过,状态不变,在完整 PR #47384（16437be0）上加回 transfer_to_npu.py::_patch_triton_driver() 及 _init() 调用；显式选择 Ascend driver，并替换 triton_helpers.set_driver_to_gpu。,基线已通过,基线环境已通过；采用 PR、再加回 driver patch 后均保持通过，无本轮新增修复。,,"{""passed"": 1}",False,,原测试全部选中实例的 setup/call/teardown 通过；覆盖范围沿用未变更的测试源码。,batch-08-results.json#test_torchinductor.py::test_div4,../npu-inductor-213-batches-20261008/batch-08-source-evidence.json#test_torchinductor.py::test_div4,未另行适配复测,,,,
147,08,test_torchinductor.py,GPUTests,test_div5,验证负整数 Tensor 除以 Python 正整数标量 16 的结果。,基础正确性或边界回归：建议保留；按原输入、dtype、形状和断言验证 NPU，不能仅根据当前失败/跳过删除。,通过,通过,通过,状态不变,在完整 PR #47384（16437be0）上加回 transfer_to_npu.py::_patch_triton_driver() 及 _init() 调用；显式选择 Ascend driver，并替换 triton_helpers.set_driver_to_gpu。,基线已通过,基线环境已通过；采用 PR、再加回 driver patch 后均保持通过，无本轮新增修复。,,"{""passed"": 1}",False,,原测试全部选中实例的 setup/call/teardown 通过；覆盖范围沿用未变更的测试源码。,batch-08-results.json#test_torchinductor.py::test_div5,../npu-inductor-213-batches-20261008/batch-08-source-evidence.json#test_torchinductor.py::test_div5,未另行适配复测,,,,
148,08,test_torchinductor.py,GPUTests,test_div6,验证 bool 输入提升为整数后与负整数做除法的语义。,基础正确性或边界回归：建议保留；按原输入、dtype、形状和断言验证 NPU，不能仅根据当前失败/跳过删除。,通过,失败,通过,转为通过,在完整 PR #47384（16437be0）上加回 transfer_to_npu.py::_patch_triton_driver() 及 _init() 调用；显式选择 Ascend driver，并替换 triton_helpers.set_driver_to_gpu。,加回 driver patch 后恢复,在完整 PR #47384（16437be0）上加回 transfer_to_npu.py::_patch_triton_driver() 及 _init() 调用；显式选择 Ascend driver，并替换 triton_helpers.set_driver_to_gpu。,restore-driver.patch,"{""passed"": 1}",False,,本组失败实例出现：PR 已使 CudaDriver.is_active() 为 False，但 PyTorch _is_backend_active 又用 torch.cuda.is_available() 兜底；迁移别名返回 True，仍构造 CudaDriver 并因缺少 libcuda.so 失败。,targeted-results.json#test_torchinductor.py::test_div6,../npu-inductor-213-batches-20261008/batch-08-source-evidence.json#test_torchinductor.py::test_div6,未另行适配复测,,,,
149,08,test_torchinductor.py,GPUTests,test_div7,验证 int64 大数除法对 2^32 至 2^40 范围不发生 int32 截断。,基础正确性或边界回归：建议保留；按原输入、dtype、形状和断言验证 NPU，不能仅根据当前失败/跳过删除。,通过,通过,通过,状态不变,在完整 PR #47384（16437be0）上加回 transfer_to_npu.py::_patch_triton_driver() 及 _init() 调用；显式选择 Ascend driver，并替换 triton_helpers.set_driver_to_gpu。,基线已通过,基线环境已通过；采用 PR、再加回 driver patch 后均保持通过，无本轮新增修复。,,"{""passed"": 1}",False,,原测试全部选中实例的 setup/call/teardown 通过；覆盖范围沿用未变更的测试源码。,batch-08-results.json#test_torchinductor.py::test_div7,../npu-inductor-213-batches-20261008/batch-08-source-evidence.json#test_torchinductor.py::test_div7,未另行适配复测,,,,
150,08,test_torchinductor.py,GPUTests,test_div9,验证 Python 常数作被除数时三种除法调用接口的结果。,基础正确性或边界回归：建议保留；按原输入、dtype、形状和断言验证 NPU，不能仅根据当前失败/跳过删除。,通过,通过,通过,状态不变,在完整 PR #47384（16437be0）上加回 transfer_to_npu.py::_patch_triton_driver() 及 _init() 调用；显式选择 Ascend driver，并替换 triton_helpers.set_driver_to_gpu。,基线已通过,基线环境已通过；采用 PR、再加回 driver patch 后均保持通过，无本轮新增修复。,,"{""passed"": 1}",False,,原测试全部选中实例的 setup/call/teardown 通过；覆盖范围沿用未变更的测试源码。,batch-08-results.json#test_torchinductor.py::test_div9,../npu-inductor-213-batches-20261008/batch-08-source-evidence.json#test_torchinductor.py::test_div9,未另行适配复测,,,,
151,08,test_torchinductor.py,GPUTests,test_div_zero_dim,验证零维/一维浮点和整数输入双向广播的除法语义。,基础正确性或边界回归：建议保留；按原输入、dtype、形状和断言验证 NPU，不能仅根据当前失败/跳过删除。,通过,通过,通过,状态不变,在完整 PR #47384（16437be0）上加回 transfer_to_npu.py::_patch_triton_driver() 及 _init() 调用；显式选择 Ascend driver，并替换 triton_helpers.set_driver_to_gpu。,基线已通过,基线环境已通过；采用 PR、再加回 driver patch 后均保持通过，无本轮新增修复。,,"{""passed"": 1}",False,,原测试全部选中实例的 setup/call/teardown 通过；覆盖范围沿用未变更的测试源码。,batch-08-results.json#test_torchinductor.py::test_div_zero_dim,../npu-inductor-213-batches-20261008/batch-08-source-evidence.json#test_torchinductor.py::test_div_zero_dim,未另行适配复测,,,,
152,08,test_torchinductor.py,GPUTests,test_div_prim,验证 prims.div 对 float32/int64 输入的 lowering 和结果。,基础正确性或边界回归：建议保留；按原输入、dtype、形状和断言验证 NPU，不能仅根据当前失败/跳过删除。,通过,通过,通过,状态不变,在完整 PR #47384（16437be0）上加回 transfer_to_npu.py::_patch_triton_driver() 及 _init() 调用；显式选择 Ascend driver，并替换 triton_helpers.set_driver_to_gpu。,基线已通过,基线环境已通过；采用 PR、再加回 driver patch 后均保持通过，无本轮新增修复。,,"{""passed"": 1}",False,,原测试全部选中实例的 setup/call/teardown 通过；覆盖范围沿用未变更的测试源码。,batch-08-results.json#test_torchinductor.py::test_div_prim,../npu-inductor-213-batches-20261008/batch-08-source-evidence.json#test_torchinductor.py::test_div_prim,未另行适配复测,,,,
153,08,test_torchinductor.py,GPUTests,test_floordiv,验证 Python 浮点/整数 floor division 标量表达式与 Tensor 相加。,基础正确性或边界回归：建议保留；按原输入、dtype、形状和断言验证 NPU，不能仅根据当前失败/跳过删除。,通过,通过,通过,状态不变,在完整 PR #47384（16437be0）上加回 transfer_to_npu.py::_patch_triton_driver() 及 _init() 调用；显式选择 Ascend driver，并替换 triton_helpers.set_driver_to_gpu。,基线已通过,基线环境已通过；采用 PR、再加回 driver patch 后均保持通过，无本轮新增修复。,,"{""passed"": 1}",False,,原测试全部选中实例的 setup/call/teardown 通过；覆盖范围沿用未变更的测试源码。,batch-08-results.json#test_torchinductor.py::test_floordiv,../npu-inductor-213-batches-20261008/batch-08-source-evidence.json#test_torchinductor.py::test_floordiv,未另行适配复测,,,,
154,08,test_torchinductor.py,GPUTests,test_floordiv_negative_int,验证 int32 正负被除数与正负除数的向下取整，区别于向零截断。,基础正确性或边界回归：建议保留；按原输入、dtype、形状和断言验证 NPU，不能仅根据当前失败/跳过删除。,通过,通过,通过,状态不变,在完整 PR #47384（16437be0）上加回 transfer_to_npu.py::_patch_triton_driver() 及 _init() 调用；显式选择 Ascend driver，并替换 triton_helpers.set_driver_to_gpu。,基线已通过,基线环境已通过；采用 PR、再加回 driver patch 后均保持通过，无本轮新增修复。,,"{""passed"": 1}",False,,原测试全部选中实例的 setup/call/teardown 通过；覆盖范围沿用未变更的测试源码。,batch-08-results.json#test_torchinductor.py::test_floordiv_negative_int,../npu-inductor-213-batches-20261008/batch-08-source-evidence.json#test_torchinductor.py::test_floordiv_negative_int,未另行适配复测,,,,
155,08,test_torchinductor.py,CpuTests,test_floordiv_int_min_neg_one_cpu,验证 CPU int32/int64 最小值除以 -1 的边界，覆盖标量式与向量式输入。,CPU 专项：保留在社区/CPU 回归中，不计入 NPU 功能必测数量；迁移层修改影响 CPU 时应运行。,通过,通过,通过,状态不变,在完整 PR #47384（16437be0）上加回 transfer_to_npu.py::_patch_triton_driver() 及 _init() 调用；显式选择 Ascend driver，并替换 triton_helpers.set_driver_to_gpu。,基线已通过,基线环境已通过；采用 PR、再加回 driver patch 后均保持通过，无本轮新增修复。,,"{""passed"": 1}",False,,原测试全部选中实例的 setup/call/teardown 通过；覆盖范围沿用未变更的测试源码。,batch-08-results.json#test_torchinductor.py::test_floordiv_int_min_neg_one_cpu,../npu-inductor-213-batches-20261008/batch-08-source-evidence.json#test_torchinductor.py::test_floordiv_int_min_neg_one_cpu,未另行适配复测,,,,
156,08,test_torchinductor.py,CpuTests,test_floordiv_div_by_zero_int_cpu_inductor_raises_error,验证 CPU 编译整数除零在隔离子进程中抛 ZeroDivisionError，避免进程异常退出。,CPU 专项：保留在社区/CPU 回归中，不计入 NPU 功能必测数量；迁移层修改影响 CPU 时应运行。,通过,通过,通过,状态不变,在完整 PR #47384（16437be0）上加回 transfer_to_npu.py::_patch_triton_driver() 及 _init() 调用；显式选择 Ascend driver，并替换 triton_helpers.set_driver_to_gpu。,基线已通过,基线环境已通过；采用 PR、再加回 driver patch 后均保持通过，无本轮新增修复。,,"{""passed"": 1}",False,,原测试全部选中实例的 setup/call/teardown 通过；覆盖范围沿用未变更的测试源码。,batch-08-results.json#test_torchinductor.py::test_floordiv_div_by_zero_int_cpu_inductor_raises_error,../npu-inductor-213-batches-20261008/batch-08-source-evidence.json#test_torchinductor.py::test_floordiv_div_by_zero_int_cpu_inductor_raises_error,未另行适配复测,,,,
157,08,test_torchinductor.py,GPUTests,test_floordiv_div_by_zero_int,验证加速器整数 floor division 遇到零除数时保持 eager 的边界语义。,基础正确性或边界回归：建议保留；按原输入、dtype、形状和断言验证 NPU，不能仅根据当前失败/跳过删除。,失败,失败,失败,状态不变,在完整 PR #47384（16437be0）上加回 transfer_to_npu.py::_patch_triton_driver() 及 _init() 调用；显式选择 Ascend driver，并替换 triton_helpers.set_driver_to_gpu。,尚未全部通过,原用例尚未全部通过，不能将已应用的修改记为修复成功。,restore-driver.patch,"{""failed"": 1}",False,"E       AssertionError: Tensor-likes are not equal!
E       Mismatched elements: 8 / 8 (100.0%)
E       Greatest absolute difference: 2147450751 at index (0,)
E       Greatest relative difference: 1.0 at index (0,)",本轮异常签名/跳过原因及实例结果与基线一致：首个 int32 全零除数输入，compiled 返回 0，NPU eager 返回 2147450751，8/8 元素不一致。,batch-08-results.json#test_torchinductor.py::test_floordiv_div_by_zero_int,../npu-inductor-213-batches-20261008/batch-08-source-evidence.json#test_torchinductor.py::test_floordiv_div_by_zero_int,未另行适配复测,,,,
158,09,test_torchinductor.py,GPUTests,test_floordiv_float_accuracy,验证浮点 floor division 在精度敏感边界输入上的结果。,基础正确性或边界回归：建议保留；按原输入、dtype、形状和断言验证 NPU，不能仅根据当前失败/跳过删除。,通过,通过,通过,状态不变,在完整 PR #47384（16437be0）上加回 transfer_to_npu.py::_patch_triton_driver() 及 _init() 调用；显式选择 Ascend driver，并替换 triton_helpers.set_driver_to_gpu。,基线已通过,基线环境已通过；采用 PR、再加回 driver patch 后均保持通过，无本轮新增修复。,,"{""passed"": 1}",False,,原测试全部选中实例的 setup/call/teardown 通过；覆盖范围沿用未变更的测试源码。,batch-09-results.json#test_torchinductor.py::test_floordiv_float_accuracy,../npu-inductor-213-batches-20261008/batch-09-source-evidence.json#test_torchinductor.py::test_floordiv_float_accuracy,未另行适配复测,,,,
159,09,test_torchinductor.py,GPUTests,test_div_precision,验证除法后 softmax 对极小除数及固定回归输入的精度。,基础正确性或边界回归：建议保留；按原输入、dtype、形状和断言验证 NPU，不能仅根据当前失败/跳过删除。,通过,失败,通过,转为通过,在完整 PR #47384（16437be0）上加回 transfer_to_npu.py::_patch_triton_driver() 及 _init() 调用；显式选择 Ascend driver，并替换 triton_helpers.set_driver_to_gpu。,加回 driver patch 后恢复,在完整 PR #47384（16437be0）上加回 transfer_to_npu.py::_patch_triton_driver() 及 _init() 调用；显式选择 Ascend driver，并替换 triton_helpers.set_driver_to_gpu。,restore-driver.patch,"{""passed"": 1}",False,,本组失败实例出现：PR 已使 CudaDriver.is_active() 为 False，但 PyTorch _is_backend_active 又用 torch.cuda.is_available() 兜底；迁移别名返回 True，仍构造 CudaDriver 并因缺少 libcuda.so 失败。,targeted-results.json#test_torchinductor.py::test_div_precision,../npu-inductor-213-batches-20261008/batch-09-source-evidence.json#test_torchinductor.py::test_div_precision,未另行适配复测,,,,
160,09,test_torchinductor.py,GPUTests,test_div_presicion_accuracy,验证浮点 Tensor 除以 101 后求和的精度回归。,基础正确性或边界回归：建议保留；按原输入、dtype、形状和断言验证 NPU，不能仅根据当前失败/跳过删除。,通过,通过,通过,状态不变,在完整 PR #47384（16437be0）上加回 transfer_to_npu.py::_patch_triton_driver() 及 _init() 调用；显式选择 Ascend driver，并替换 triton_helpers.set_driver_to_gpu。,基线已通过,基线环境已通过；采用 PR、再加回 driver patch 后均保持通过，无本轮新增修复。,,"{""passed"": 1}",False,,原测试全部选中实例的 setup/call/teardown 通过；覆盖范围沿用未变更的测试源码。,batch-09-results.json#test_torchinductor.py::test_div_presicion_accuracy,../npu-inductor-213-batches-20261008/batch-09-source-evidence.json#test_torchinductor.py::test_div_presicion_accuracy,未另行适配复测,,,,
161,09,test_torchinductor.py,GPUTests,test_div_by_zero,验证正负零除数、零被除数以及运行时/常量除数产生的 Inf/NaN 语义。,基础正确性或边界回归：建议保留；按原输入、dtype、形状和断言验证 NPU，不能仅根据当前失败/跳过删除。,通过,通过,通过,状态不变,在完整 PR #47384（16437be0）上加回 transfer_to_npu.py::_patch_triton_driver() 及 _init() 调用；显式选择 Ascend driver，并替换 triton_helpers.set_driver_to_gpu。,基线已通过,基线环境已通过；采用 PR、再加回 driver patch 后均保持通过，无本轮新增修复。,,"{""passed"": 1}",False,,原测试全部选中实例的 setup/call/teardown 通过；覆盖范围沿用未变更的测试源码。,batch-09-results.json#test_torchinductor.py::test_div_by_zero,../npu-inductor-213-batches-20261008/batch-09-source-evidence.json#test_torchinductor.py::test_div_by_zero,未另行适配复测,,,,
162,09,test_torchinductor.py,GPUTests,test_sum_keepdims,验证 sum 沿末维归约时 keepdim=True 保留正确维度。,基础正确性或边界回归：建议保留；按原输入、dtype、形状和断言验证 NPU，不能仅根据当前失败/跳过删除。,通过,通过,通过,状态不变,在完整 PR #47384（16437be0）上加回 transfer_to_npu.py::_patch_triton_driver() 及 _init() 调用；显式选择 Ascend driver，并替换 triton_helpers.set_driver_to_gpu。,基线已通过,基线环境已通过；采用 PR、再加回 driver patch 后均保持通过，无本轮新增修复。,,"{""passed"": 1}",False,,原测试全部选中实例的 setup/call/teardown 通过；覆盖范围沿用未变更的测试源码。,batch-09-results.json#test_torchinductor.py::test_sum_keepdims,../npu-inductor-213-batches-20261008/batch-09-source-evidence.json#test_torchinductor.py::test_sum_keepdims,未另行适配复测,,,,
163,09,test_torchinductor.py,GPUTests,test_large_tensor_reduction,验证 2^32 个 int8 元素的 max 能读到末尾最大值，覆盖超过 32 位的索引。,大索引正确性：建议保留真实规模，放容量允许的定期/专项回归；缩小到 32 位范围会失去测试目的。,跳过,跳过,跳过,状态不变,在完整 PR #47384（16437be0）上加回 transfer_to_npu.py::_patch_triton_driver() 及 _init() 调用；显式选择 Ascend driver，并替换 triton_helpers.set_driver_to_gpu。,尚未全部通过,原用例尚未全部通过，不能将已应用的修改记为修复成功。,restore-driver.patch,"{""skipped"": 1}",False,,"本轮异常签名/跳过原因及实例结果与基线一致：largeTensorTest 调用 _has_sufficient_memory；其仅识别 cuda/xpu/xla/cpu/mps，npu 落入 SkipTest(""Unknown device type"")。不是实际测得显存不足。",batch-09-results.json#test_torchinductor.py::test_large_tensor_reduction,../npu-inductor-213-batches-20261008/batch-09-source-evidence.json#test_torchinductor.py::test_large_tensor_reduction,通过,测试副本设置 PYTORCH_TEST_WITH_SLOW=1；@largeTensorTest( → @npu_large_tensor_test(；使用 NPU 真实可用内存检查，保留原 shape/stride/offset。,采用下列测试适配后，基线即已通过；PR 与本轮 driver patch 均保持通过。,../npu-inductor-213-batches-20261008/skip-validation/manifest.json；restore-driver.patch,skip/case-163.json#test_torchinductor.py::test_large_tensor_reduction
164,09,test_torchinductor.py,GPUTests,test_large_broadcast_reduction,验证两个长度 2^16 的 int8 输入广播成 2^32 逻辑元素后归约，防止中间索引溢出。,大索引正确性：建议保留真实规模，放容量允许的定期/专项回归；缩小到 32 位范围会失去测试目的。,通过,通过,通过,状态不变,在完整 PR #47384（16437be0）上加回 transfer_to_npu.py::_patch_triton_driver() 及 _init() 调用；显式选择 Ascend driver，并替换 triton_helpers.set_driver_to_gpu。,基线已通过,基线环境已通过；采用 PR、再加回 driver patch 后均保持通过，无本轮新增修复。,,"{""passed"": 1}",False,,原测试全部选中实例的 setup/call/teardown 通过；覆盖范围沿用未变更的测试源码。,batch-09-results.json#test_torchinductor.py::test_large_broadcast_reduction,../npu-inductor-213-batches-20261008/batch-09-source-evidence.json#test_torchinductor.py::test_large_broadcast_reduction,未另行适配复测,,,,
165,09,test_torchinductor.py,GPUTests,test_large_pointwise,验证 2^31+1 个 int8 元素的逐元素加法和全量输出，覆盖有符号 32 位索引边界。,大索引正确性：建议保留真实规模，放容量允许的定期/专项回归；缩小到 32 位范围会失去测试目的。,跳过,跳过,跳过,状态不变,在完整 PR #47384（16437be0）上加回 transfer_to_npu.py::_patch_triton_driver() 及 _init() 调用；显式选择 Ascend driver，并替换 triton_helpers.set_driver_to_gpu。,尚未全部通过,原用例尚未全部通过，不能将已应用的修改记为修复成功。,restore-driver.patch,"{""skipped"": 1}",False,,"本轮异常签名/跳过原因及实例结果与基线一致：largeTensorTest 调用 _has_sufficient_memory；其仅识别 cuda/xpu/xla/cpu/mps，npu 落入 SkipTest(""Unknown device type"")。不是实际测得显存不足。",batch-09-results.json#test_torchinductor.py::test_large_pointwise,../npu-inductor-213-batches-20261008/batch-09-source-evidence.json#test_torchinductor.py::test_large_pointwise,通过,测试副本设置 PYTORCH_TEST_WITH_SLOW=1；@largeTensorTest( → @npu_large_tensor_test(；使用 NPU 真实可用内存检查，保留原 shape/stride/offset。,采用下列测试适配后，基线即已通过；PR 与本轮 driver patch 均保持通过。,../npu-inductor-213-batches-20261008/skip-validation/manifest.json；restore-driver.patch,skip/case-165.json#test_torchinductor.py::test_large_pointwise
166,09,test_torchinductor.py,GPUTests,test_large_offset_pointwise,验证大存储上的大 offset view 逐元素运算不会截断地址偏移。,大索引正确性：建议保留真实规模，放容量允许的定期/专项回归；缩小到 32 位范围会失去测试目的。,跳过,跳过,跳过,状态不变,在完整 PR #47384（16437be0）上加回 transfer_to_npu.py::_patch_triton_driver() 及 _init() 调用；显式选择 Ascend driver，并替换 triton_helpers.set_driver_to_gpu。,尚未全部通过,原用例尚未全部通过，不能将已应用的修改记为修复成功。,restore-driver.patch,"{""skipped"": 1}",False,,"本轮异常签名/跳过原因及实例结果与基线一致：largeTensorTest 调用 _has_sufficient_memory；其仅识别 cuda/xpu/xla/cpu/mps，npu 落入 SkipTest(""Unknown device type"")。不是实际测得显存不足。",batch-09-results.json#test_torchinductor.py::test_large_offset_pointwise,../npu-inductor-213-batches-20261008/batch-09-source-evidence.json#test_torchinductor.py::test_large_offset_pointwise,通过,测试副本设置 PYTORCH_TEST_WITH_SLOW=1；@largeTensorTest( → @npu_large_tensor_test(；使用 NPU 真实可用内存检查，保留原 shape/stride/offset。,采用下列测试适配后，基线即已通过；PR 与本轮 driver patch 均保持通过。,../npu-inductor-213-batches-20261008/skip-validation/manifest.json；restore-driver.patch,skip/case-166.json#test_torchinductor.py::test_large_offset_pointwise
167,09,test_torchinductor.py,GPUTests,test_large_strided_reduction,验证大存储 stride=32 view 的 max 正确处理超过 int32 范围的实际地址索引。,大索引正确性：建议保留真实规模，放容量允许的定期/专项回归；缩小到 32 位范围会失去测试目的。,跳过,跳过,跳过,状态不变,在完整 PR #47384（16437be0）上加回 transfer_to_npu.py::_patch_triton_driver() 及 _init() 调用；显式选择 Ascend driver，并替换 triton_helpers.set_driver_to_gpu。,尚未全部通过,原用例尚未全部通过，不能将已应用的修改记为修复成功。,restore-driver.patch,"{""skipped"": 1}",False,,"本轮异常签名/跳过原因及实例结果与基线一致：largeTensorTest 调用 _has_sufficient_memory；其仅识别 cuda/xpu/xla/cpu/mps，npu 落入 SkipTest(""Unknown device type"")。不是实际测得显存不足。",batch-09-results.json#test_torchinductor.py::test_large_strided_reduction,../npu-inductor-213-batches-20261008/batch-09-source-evidence.json#test_torchinductor.py::test_large_strided_reduction,通过,测试副本设置 PYTORCH_TEST_WITH_SLOW=1；@largeTensorTest( → @npu_large_tensor_test(；使用 NPU 真实可用内存检查，保留原 shape/stride/offset。,采用下列测试适配后，基线即已通过；PR 与本轮 driver patch 均保持通过。,../npu-inductor-213-batches-20261008/skip-validation/manifest.json；restore-driver.patch,skip/case-167.json#test_torchinductor.py::test_large_strided_reduction
168,09,test_torchinductor.py,GPUTests,test_softmax,验证多个维度及加法后的 softmax 数值正确性。,基础正确性或边界回归：建议保留；按原输入、dtype、形状和断言验证 NPU，不能仅根据当前失败/跳过删除。,通过,通过,通过,状态不变,在完整 PR #47384（16437be0）上加回 transfer_to_npu.py::_patch_triton_driver() 及 _init() 调用；显式选择 Ascend driver，并替换 triton_helpers.set_driver_to_gpu。,基线已通过,基线环境已通过；采用 PR、再加回 driver patch 后均保持通过，无本轮新增修复。,,"{""passed"": 1}",False,,原测试全部选中实例的 setup/call/teardown 通过；覆盖范围沿用未变更的测试源码。,batch-09-results.json#test_torchinductor.py::test_softmax,../npu-inductor-213-batches-20261008/batch-09-source-evidence.json#test_torchinductor.py::test_softmax,未另行适配复测,,,,
169,09,test_torchinductor.py,CpuTests,test_softmax_reused_expensive_pointwise_cpu,验证 CPU 相对位置桶、embedding 与 softmax 中昂贵逐元素表达式的复用和生成代码回归。,CPU 专项：保留在社区/CPU 回归中，不计入 NPU 功能必测数量；迁移层修改影响 CPU 时应运行。,通过,通过,通过,状态不变,在完整 PR #47384（16437be0）上加回 transfer_to_npu.py::_patch_triton_driver() 及 _init() 调用；显式选择 Ascend driver，并替换 triton_helpers.set_driver_to_gpu。,基线已通过,基线环境已通过；采用 PR、再加回 driver patch 后均保持通过，无本轮新增修复。,,"{""passed"": 1}",False,,原测试全部选中实例的 setup/call/teardown 通过；覆盖范围沿用未变更的测试源码。,batch-09-results.json#test_torchinductor.py::test_softmax_reused_expensive_pointwise_cpu,../npu-inductor-213-batches-20261008/batch-09-source-evidence.json#test_torchinductor.py::test_softmax_reused_expensive_pointwise_cpu,未另行适配复测,,,,
170,09,test_torchinductor.py,GPUTests,test_log_softmax,验证多个维度及加法后的 log_softmax 数值正确性。,基础正确性或边界回归：建议保留；按原输入、dtype、形状和断言验证 NPU，不能仅根据当前失败/跳过删除。,通过,通过,通过,状态不变,在完整 PR #47384（16437be0）上加回 transfer_to_npu.py::_patch_triton_driver() 及 _init() 调用；显式选择 Ascend driver，并替换 triton_helpers.set_driver_to_gpu。,基线已通过,基线环境已通过；采用 PR、再加回 driver patch 后均保持通过，无本轮新增修复。,,"{""passed"": 1}",False,,原测试全部选中实例的 setup/call/teardown 通过；覆盖范围沿用未变更的测试源码。,batch-09-results.json#test_torchinductor.py::test_log_softmax,../npu-inductor-213-batches-20261008/batch-09-source-evidence.json#test_torchinductor.py::test_log_softmax,未另行适配复测,,,,
171,09,test_torchinductor.py,GPUTests,test_transpose,验证 t/transpose 与逐元素运算组合的布局及数值语义。,基础正确性或边界回归：建议保留；按原输入、dtype、形状和断言验证 NPU，不能仅根据当前失败/跳过删除。,通过,通过,通过,状态不变,在完整 PR #47384（16437be0）上加回 transfer_to_npu.py::_patch_triton_driver() 及 _init() 调用；显式选择 Ascend driver，并替换 triton_helpers.set_driver_to_gpu。,基线已通过,基线环境已通过；采用 PR、再加回 driver patch 后均保持通过，无本轮新增修复。,,"{""passed"": 1}",False,,原测试全部选中实例的 setup/call/teardown 通过；覆盖范围沿用未变更的测试源码。,batch-09-results.json#test_torchinductor.py::test_transpose,../npu-inductor-213-batches-20261008/batch-09-source-evidence.json#test_torchinductor.py::test_transpose,未另行适配复测,,,,
172,09,test_torchinductor.py,GPUTests,test_permute1,验证五维 permute 与逐元素运算组合的索引映射。,基础正确性或边界回归：建议保留；按原输入、dtype、形状和断言验证 NPU，不能仅根据当前失败/跳过删除。,通过,通过,通过,状态不变,在完整 PR #47384（16437be0）上加回 transfer_to_npu.py::_patch_triton_driver() 及 _init() 调用；显式选择 Ascend driver，并替换 triton_helpers.set_driver_to_gpu。,基线已通过,基线环境已通过；采用 PR、再加回 driver patch 后均保持通过，无本轮新增修复。,,"{""passed"": 1}",False,,原测试全部选中实例的 setup/call/teardown 通过；覆盖范围沿用未变更的测试源码。,batch-09-results.json#test_torchinductor.py::test_permute1,../npu-inductor-213-batches-20261008/batch-09-source-evidence.json#test_torchinductor.py::test_permute1,未另行适配复测,,,,
173,09,test_torchinductor.py,GPUTests,test_permute_unbacked_slice,验证从 CPU Tensor.item 获得的 unbacked 终点可用于加速器 permute 后的 slice。,基础正确性或边界回归：建议保留；按原输入、dtype、形状和断言验证 NPU，不能仅根据当前失败/跳过删除。,通过,通过,通过,状态不变,在完整 PR #47384（16437be0）上加回 transfer_to_npu.py::_patch_triton_driver() 及 _init() 调用；显式选择 Ascend driver，并替换 triton_helpers.set_driver_to_gpu。,基线已通过,基线环境已通过；采用 PR、再加回 driver patch 后均保持通过，无本轮新增修复。,,"{""passed"": 1}",False,,原测试全部选中实例的 setup/call/teardown 通过；覆盖范围沿用未变更的测试源码。,batch-09-results.json#test_torchinductor.py::test_permute_unbacked_slice,../npu-inductor-213-batches-20261008/batch-09-source-evidence.json#test_torchinductor.py::test_permute_unbacked_slice,未另行适配复测,,,,
174,09,test_torchinductor.py,GPUTests,test_expand,验证 expand 新增广播维度及 -1 保留维度的语义。,基础正确性或边界回归：建议保留；按原输入、dtype、形状和断言验证 NPU，不能仅根据当前失败/跳过删除。,通过,通过,通过,状态不变,在完整 PR #47384（16437be0）上加回 transfer_to_npu.py::_patch_triton_driver() 及 _init() 调用；显式选择 Ascend driver，并替换 triton_helpers.set_driver_to_gpu。,基线已通过,基线环境已通过；采用 PR、再加回 driver patch 后均保持通过，无本轮新增修复。,,"{""passed"": 1}",False,,原测试全部选中实例的 setup/call/teardown 通过；覆盖范围沿用未变更的测试源码。,batch-09-results.json#test_torchinductor.py::test_expand,../npu-inductor-213-batches-20261008/batch-09-source-evidence.json#test_torchinductor.py::test_expand,未另行适配复测,,,,
175,09,test_torchinductor.py,GPUTests,test_squeeze1,验证 squeeze 不指定维度时移除所有长度 1 的维度。,基础正确性或边界回归：建议保留；按原输入、dtype、形状和断言验证 NPU，不能仅根据当前失败/跳过删除。,通过,通过,通过,状态不变,在完整 PR #47384（16437be0）上加回 transfer_to_npu.py::_patch_triton_driver() 及 _init() 调用；显式选择 Ascend driver，并替换 triton_helpers.set_driver_to_gpu。,基线已通过,基线环境已通过；采用 PR、再加回 driver patch 后均保持通过，无本轮新增修复。,,"{""passed"": 1}",False,,原测试全部选中实例的 setup/call/teardown 通过；覆盖范围沿用未变更的测试源码。,batch-09-results.json#test_torchinductor.py::test_squeeze1,../npu-inductor-213-batches-20261008/batch-09-source-evidence.json#test_torchinductor.py::test_squeeze1,未另行适配复测,,,,
176,09,test_torchinductor.py,GPUTests,test_squeeze2,验证使用正负 dim 链式 squeeze 的维度变化。,基础正确性或边界回归：建议保留；按原输入、dtype、形状和断言验证 NPU，不能仅根据当前失败/跳过删除。,通过,通过,通过,状态不变,在完整 PR #47384（16437be0）上加回 transfer_to_npu.py::_patch_triton_driver() 及 _init() 调用；显式选择 Ascend driver，并替换 triton_helpers.set_driver_to_gpu。,基线已通过,基线环境已通过；采用 PR、再加回 driver patch 后均保持通过，无本轮新增修复。,,"{""passed"": 1}",False,,原测试全部选中实例的 setup/call/teardown 通过；覆盖范围沿用未变更的测试源码。,batch-09-results.json#test_torchinductor.py::test_squeeze2,../npu-inductor-213-batches-20261008/batch-09-source-evidence.json#test_torchinductor.py::test_squeeze2,未另行适配复测,,,,
177,09,test_torchinductor.py,GPUTests,test_squeeze_varargs,验证一次 squeeze 多个维度后 clone 的形状和结果。,基础正确性或边界回归：建议保留；按原输入、dtype、形状和断言验证 NPU，不能仅根据当前失败/跳过删除。,通过,通过,通过,状态不变,在完整 PR #47384（16437be0）上加回 transfer_to_npu.py::_patch_triton_driver() 及 _init() 调用；显式选择 Ascend driver，并替换 triton_helpers.set_driver_to_gpu。,基线已通过,基线环境已通过；采用 PR、再加回 driver patch 后均保持通过，无本轮新增修复。,,"{""passed"": 1}",False,,原测试全部选中实例的 setup/call/teardown 通过；覆盖范围沿用未变更的测试源码。,batch-09-results.json#test_torchinductor.py::test_squeeze_varargs,../npu-inductor-213-batches-20261008/batch-09-source-evidence.json#test_torchinductor.py::test_squeeze_varargs,未另行适配复测,,,,
178,10,test_torchinductor.py,GPUTests,test_simplify_loops,验证非平凡五维布局及 permute 输入相加时，循环简化不改变索引语义。,基础正确性或边界回归：建议保留；按原输入、dtype、形状和断言验证 NPU，不能仅根据当前失败/跳过删除。,通过,通过,通过,状态不变,在完整 PR #47384（16437be0）上加回 transfer_to_npu.py::_patch_triton_driver() 及 _init() 调用；显式选择 Ascend driver，并替换 triton_helpers.set_driver_to_gpu。,基线已通过,基线环境已通过；采用 PR、再加回 driver patch 后均保持通过，无本轮新增修复。,,"{""passed"": 1}",False,,原测试全部选中实例的 setup/call/teardown 通过；覆盖范围沿用未变更的测试源码。,batch-10-results.json#test_torchinductor.py::test_simplify_loops,../npu-inductor-213-batches-20261008/batch-10-source-evidence.json#test_torchinductor.py::test_simplify_loops,未另行适配复测,,,,
179,10,test_torchinductor.py,GPUTests,test_unsqueeze,验证正负 dim 的 unsqueeze 与逐元素计算组合。,基础正确性或边界回归：建议保留；按原输入、dtype、形状和断言验证 NPU，不能仅根据当前失败/跳过删除。,通过,通过,通过,状态不变,在完整 PR #47384（16437be0）上加回 transfer_to_npu.py::_patch_triton_driver() 及 _init() 调用；显式选择 Ascend driver，并替换 triton_helpers.set_driver_to_gpu。,基线已通过,基线环境已通过；采用 PR、再加回 driver patch 后均保持通过，无本轮新增修复。,,"{""passed"": 1}",False,,原测试全部选中实例的 setup/call/teardown 通过；覆盖范围沿用未变更的测试源码。,batch-10-results.json#test_torchinductor.py::test_unsqueeze,../npu-inductor-213-batches-20261008/batch-10-source-evidence.json#test_torchinductor.py::test_unsqueeze,未另行适配复测,,,,
180,10,test_torchinductor.py,GPUTests,test_unsqueeze_inplace,验证中间 Tensor 的原地 unsqueeze_ 形状修改语义。,基础正确性或边界回归：建议保留；按原输入、dtype、形状和断言验证 NPU，不能仅根据当前失败/跳过删除。,通过,通过,通过,状态不变,在完整 PR #47384（16437be0）上加回 transfer_to_npu.py::_patch_triton_driver() 及 _init() 调用；显式选择 Ascend driver，并替换 triton_helpers.set_driver_to_gpu。,基线已通过,基线环境已通过；采用 PR、再加回 driver patch 后均保持通过，无本轮新增修复。,,"{""passed"": 1}",False,,原测试全部选中实例的 setup/call/teardown 通过；覆盖范围沿用未变更的测试源码。,batch-10-results.json#test_torchinductor.py::test_unsqueeze_inplace,../npu-inductor-213-batches-20261008/batch-10-source-evidence.json#test_torchinductor.py::test_unsqueeze_inplace,未另行适配复测,,,,
181,10,test_torchinductor.py,GPUTests,test_addmm,验证 addmm 前后的逐元素运算与矩阵乘累加结果。,基础正确性或边界回归：建议保留；按原输入、dtype、形状和断言验证 NPU，不能仅根据当前失败/跳过删除。,通过,通过,通过,状态不变,在完整 PR #47384（16437be0）上加回 transfer_to_npu.py::_patch_triton_driver() 及 _init() 调用；显式选择 Ascend driver，并替换 triton_helpers.set_driver_to_gpu。,基线已通过,基线环境已通过；采用 PR、再加回 driver patch 后均保持通过，无本轮新增修复。,,"{""passed"": 1}",False,,原测试全部选中实例的 setup/call/teardown 通过；覆盖范围沿用未变更的测试源码。,batch-10-results.json#test_torchinductor.py::test_addmm,../npu-inductor-213-batches-20261008/batch-10-source-evidence.json#test_torchinductor.py::test_addmm,未另行适配复测,,,,
182,10,test_torchinductor.py,GPUTests,test_linear_float64,验证 float64 Linear 的结果；设备声明不支持时检查预期异常契约。,dtype 能力项：按声明的 fp64 支持范围验收；不支持时需要明确能力/错误契约，不能换 float32 后称原用例已修复。,失败,失败,失败,状态不变,在完整 PR #47384（16437be0）上加回 transfer_to_npu.py::_patch_triton_driver() 及 _init() 调用；显式选择 Ascend driver，并替换 triton_helpers.set_driver_to_gpu。,尚未全部通过,原用例尚未全部通过，不能将已应用的修改记为修复成功。,restore-driver.patch,"{""failed"": 1}",False,"E       RuntimeError: addmm:third_party/op-plugin/op_plugin/ops/opapi/AddmmKernelNpuOpApi.cpp:164 NPU function error: call aclnnAddmm failed, error code is 507899
E       [ERROR] 2026-10-09-11:01:01 (PID:<redacted>, Device:3, RankID:-1) ERR00100 PTA call acl api failed
E       [Error]: An internal error occurs in the Driver module.
E               Rectify the fault based on the error information in the ascend log.
E       [PID:<redacted>] 2026-10-09-11:01:01.692.471 AclNN_Parameter_Error(EZ1001): Tensor matA not implemented for DT_DOUBLE, should be in dtype support list [DT_FLOAT,DT_FLOAT16,DT_BFLOAT16,].
E       TraceBack (most recent call last):
E               Unsupported data types for Cube",本轮异常签名/跳过原因及实例结果与基线一致：aclnnAddmm 明确拒绝 DT_DOUBLE，支持 float/half/bfloat16；未进入编译结果验证。,batch-10-results.json#test_torchinductor.py::test_linear_float64,../npu-inductor-213-batches-20261008/batch-10-source-evidence.json#test_torchinductor.py::test_linear_float64,未另行适配复测,,,,
183,10,test_torchinductor.py,GPUTests,test_linear1,验证 Linear+Sigmoid 小模型的编译结果。,基础正确性或边界回归：建议保留；按原输入、dtype、形状和断言验证 NPU，不能仅根据当前失败/跳过删除。,失败,通过,通过,状态不变,在完整 PR #47384（16437be0）上加回 transfer_to_npu.py::_patch_triton_driver() 及 _init() 调用；显式选择 Ascend driver，并替换 triton_helpers.set_driver_to_gpu。,采用 PR 后通过,采用 PR #47384（16437be0）的完整 transfer_to_npu.py；其中将 benchmarking._get_default_gpu_device_type 替换为返回 npu 的函数，消除 CUDA/NPU 重复设备判断。,../npu-inductor-pr47384-20261008/pr-transfer.patch,"{""passed"": 1}",False,,PR 修正默认 benchmark 设备后，原 Linear 组合用例完成数值及 common 低精度比较；原重复设备断言消失。,batch-10-results.json#test_torchinductor.py::test_linear1,../npu-inductor-213-batches-20261008/batch-10-source-evidence.json#test_torchinductor.py::test_linear1,未另行适配复测,,,,
184,10,test_torchinductor.py,GPUTests,test_linear2,验证四层 Linear+ReLU 的组合编译及累计数值误差。,基础正确性或边界回归：建议保留；按原输入、dtype、形状和断言验证 NPU，不能仅根据当前失败/跳过删除。,失败,通过,通过,状态不变,在完整 PR #47384（16437be0）上加回 transfer_to_npu.py::_patch_triton_driver() 及 _init() 调用；显式选择 Ascend driver，并替换 triton_helpers.set_driver_to_gpu。,采用 PR 后通过,采用 PR #47384（16437be0）的完整 transfer_to_npu.py；其中将 benchmarking._get_default_gpu_device_type 替换为返回 npu 的函数，消除 CUDA/NPU 重复设备判断。,../npu-inductor-pr47384-20261008/pr-transfer.patch,"{""passed"": 1}",False,,PR 修正默认 benchmark 设备后，原 Linear 组合用例完成数值及 common 低精度比较；原重复设备断言消失。,batch-10-results.json#test_torchinductor.py::test_linear2,../npu-inductor-213-batches-20261008/batch-10-source-evidence.json#test_torchinductor.py::test_linear2,未另行适配复测,,,,
185,10,test_torchinductor.py,GPUTests,test_bmm1,验证两组 batch/矩阵形状的 BMM 及前后逐元素运算。,基础正确性或边界回归：建议保留；按原输入、dtype、形状和断言验证 NPU，不能仅根据当前失败/跳过删除。,通过,通过,通过,状态不变,在完整 PR #47384（16437be0）上加回 transfer_to_npu.py::_patch_triton_driver() 及 _init() 调用；显式选择 Ascend driver，并替换 triton_helpers.set_driver_to_gpu。,基线已通过,基线环境已通过；采用 PR、再加回 driver patch 后均保持通过，无本轮新增修复。,,"{""passed"": 1}",False,,原测试全部选中实例的 setup/call/teardown 通过；覆盖范围沿用未变更的测试源码。,batch-10-results.json#test_torchinductor.py::test_bmm1,../npu-inductor-213-batches-20261008/batch-10-source-evidence.json#test_torchinductor.py::test_bmm1,未另行适配复测,,,,
186,10,test_torchinductor.py,GPUTests,test_bmm2,验证输入先 permute 后 BMM 的非连续布局语义。,基础正确性或边界回归：建议保留；按原输入、dtype、形状和断言验证 NPU，不能仅根据当前失败/跳过删除。,通过,通过,通过,状态不变,在完整 PR #47384（16437be0）上加回 transfer_to_npu.py::_patch_triton_driver() 及 _init() 调用；显式选择 Ascend driver，并替换 triton_helpers.set_driver_to_gpu。,基线已通过,基线环境已通过；采用 PR、再加回 driver patch 后均保持通过，无本轮新增修复。,,"{""passed"": 1}",False,,原测试全部选中实例的 setup/call/teardown 通过；覆盖范围沿用未变更的测试源码。,batch-10-results.json#test_torchinductor.py::test_bmm2,../npu-inductor-213-batches-20261008/batch-10-source-evidence.json#test_torchinductor.py::test_bmm2,未另行适配复测,,,,
187,10,test_torchinductor.py,GPUTests,test_vmap_dot_decomposes_bmm,验证 vmap(dot) 的短归约分解保持数值，并且生成代码不调用 BMM 外部/回退实现。,策略专项：保留数值与动态 K 语义；是否要求分解及 K=32 阈值应由 NPU 策略决定，不直接套用 CUDA BMM 文本。,失败,失败,失败,状态不变,在完整 PR #47384（16437be0）上加回 transfer_to_npu.py::_patch_triton_driver() 及 _init() 调用；显式选择 Ascend driver，并替换 triton_helpers.set_driver_to_gpu。,尚未全部通过,原用例尚未全部通过，不能将已应用的修改记为修复成功。,restore-driver.patch,"{""failed"": 1}",False,"E                   AssertionError: 'extern_kernels.bmm' unexpectedly found in '# AOT ID: [\'25_inference\']\nfrom ctypes import c_void_p, c_long, c_int\nimport torch\nimport math\nimport random\nimport os\nimport tempfile\nfrom math import inf, nan\nfrom cmath import nanj\nfrom torch._inductor.hooks import run_intermediate_hooks\nfrom torch._induc ...",原 benchmark 重复设备阻塞已消失，首个 float16、K=3 的数值比较通过；随后无 BMM 代码断言失败，产物包含两次 extern_kernels.bmm。,batch-10-results.json#test_torchinductor.py::test_vmap_dot_decomposes_bmm,../npu-inductor-213-batches-20261008/batch-10-source-evidence.json#test_torchinductor.py::test_vmap_dot_decomposes_bmm,未另行适配复测,,,,
188,10,test_torchinductor.py,GPUTests,test_bmm_dot_shape_decompose_threshold,验证 dot 形状 BMM 在 K=32/33 分解阈值两侧的数值和静态/动态代码策略。,策略专项：保留数值与动态 K 语义；是否要求分解及 K=32 阈值应由 NPU 策略决定，不直接套用 CUDA BMM 文本。,失败,失败,失败,状态不变,在完整 PR #47384（16437be0）上加回 transfer_to_npu.py::_patch_triton_driver() 及 _init() 调用；显式选择 Ascend driver，并替换 triton_helpers.set_driver_to_gpu。,尚未全部通过,原用例尚未全部通过，不能将已应用的修改记为修复成功。,restore-driver.patch,"{""failed"": 1}",False,"E                   AssertionError: 'extern_kernels.bmm' unexpectedly found in '# AOT ID: [\'5_inference\']\nfrom ctypes import c_void_p, c_long, c_int\nimport torch\nimport math\nimport random\nimport os\nimport tempfile\nfrom math import inf, nan\nfrom cmath import nanj\nfrom torch._inductor.hooks import run_intermediate_hooks\nfrom torch._induct ...",本轮异常签名/跳过原因及实例结果与基线一致：K=32 时生成 extern_kernels.bmm；原断言要求小 K 分解为点积归约。,batch-10-results.json#test_torchinductor.py::test_bmm_dot_shape_decompose_threshold,../npu-inductor-213-batches-20261008/batch-10-source-evidence.json#test_torchinductor.py::test_bmm_dot_shape_decompose_threshold,未另行适配复测,,,,
189,10,test_torchinductor.py,GPUTests,test_bmm_dot_shape_dynamic_k_range_spans_decompose_threshold,验证动态 K 范围跨越分解阈值时仍使用合适的符号分解策略；实际输入 K=3。,策略专项：保留数值与动态 K 语义；是否要求分解及 K=32 阈值应由 NPU 策略决定，不直接套用 CUDA BMM 文本。,失败,失败,失败,状态不变,在完整 PR #47384（16437be0）上加回 transfer_to_npu.py::_patch_triton_driver() 及 _init() 调用；显式选择 Ascend driver，并替换 triton_helpers.set_driver_to_gpu。,尚未全部通过,原用例尚未全部通过，不能将已应用的修改记为修复成功。,restore-driver.patch,"{""failed"": 1}",False,"E       AssertionError: 'extern_kernels.bmm' unexpectedly found in '# AOT ID: [\'6_inference\']\nfrom ctypes import c_void_p, c_long, c_int\nimport torch\nimport math\nimport random\nimport os\nimport tempfile\nfrom math import inf, nan\nfrom cmath import nanj\nfrom torch._inductor.hooks import run_intermediate_hooks\nfrom torch._inductor.utils imp ...",本轮异常签名/跳过原因及实例结果与基线一致：K 标为动态且范围 1..64，实际 K=3 时仍生成 extern_kernels.bmm；原断言要求分解。,batch-10-results.json#test_torchinductor.py::test_bmm_dot_shape_dynamic_k_range_spans_decompose_threshold,../npu-inductor-213-batches-20261008/batch-10-source-evidence.json#test_torchinductor.py::test_bmm_dot_shape_dynamic_k_range_spans_decompose_threshold,未另行适配复测,,,,
190,10,test_torchinductor.py,GPUTests,test_bmm_dot_shape_int_preserves_eager_error,验证整数 dot 形状 BMM 不因分解绕过 eager 的“不支持整数 BMM”异常。,错误契约回归：建议保留 eager/compiled 一致性；以 NPU 实际支持 dtype 与异常为准，不硬编码 CUDA 错误文本。,失败,失败,失败,状态不变,在完整 PR #47384（16437be0）上加回 transfer_to_npu.py::_patch_triton_driver() 及 _init() 调用；显式选择 Ascend driver，并替换 triton_helpers.set_driver_to_gpu。,尚未全部通过,原用例尚未全部通过，不能将已应用的修改记为修复成功。,restore-driver.patch,"{""failed"": 1}",False,"E       RuntimeError: bmm:third_party/op-plugin/op_plugin/ops/opapi/BmmKernelNpuOpApi.cpp:275 NPU function error: call aclnnBatchMatMul failed, error code is 507899
E       [ERROR] 2026-10-09-10:58:19 (PID:<redacted>, Device:3, RankID:-1) ERR00100 PTA call acl api failed
E       [Error]: An internal error occurs in the Driver module.
E               Rectify the fault based on the error information in the ascend log.
E       [PID:<redacted>] 2026-10-09-10:58:19.249.347 AclNN_Parameter_Error(EZ1001): Tensor matA not implemented for DT_INT64, should be in dtype support list [DT_FLOAT,DT_FLOAT16,DT_BFLOAT16,].
E       TraceBack (most recent call last):
E               rtsDeviceGetInfo execution failed, reason=driver error:internal error[FUNC:FuncErrorReason][FILE:error_message_manage.cc][LINE:69]
E               Tensor matA not implemented for DT_INT64, should be in dtype support list [DT_FLOAT,DT_FLOAT16,DT_BFLOAT16,].",本轮异常签名/跳过原因及实例结果与基线一致：NPU eager 拒绝 int64 BMM，返回 RuntimeError/aclnnBatchMatMul dtype 错误；测试要求 CUDA 的 NotImplementedError 及 baddbmm_cuda 文本。,batch-10-results.json#test_torchinductor.py::test_bmm_dot_shape_int_preserves_eager_error,../npu-inductor-213-batches-20261008/batch-10-source-evidence.json#test_torchinductor.py::test_bmm_dot_shape_int_preserves_eager_error,未另行适配复测,,,,
191,10,test_torchinductor.py,GPUTests,test_mixed_mm,验证 int8 权重先转激活 dtype 再做 MM 的结果，覆盖低精度输入。,基础正确性或边界回归：建议保留；按原输入、dtype、形状和断言验证 NPU，不能仅根据当前失败/跳过删除。,通过,通过,通过,状态不变,在完整 PR #47384（16437be0）上加回 transfer_to_npu.py::_patch_triton_driver() 及 _init() 调用；显式选择 Ascend driver，并替换 triton_helpers.set_driver_to_gpu。,基线已通过,基线环境已通过；采用 PR、再加回 driver patch 后均保持通过，无本轮新增修复。,,"{""passed"": 1}",False,,原测试全部选中实例的 setup/call/teardown 通过；覆盖范围沿用未变更的测试源码。,batch-10-results.json#test_torchinductor.py::test_mixed_mm,../npu-inductor-213-batches-20261008/batch-10-source-evidence.json#test_torchinductor.py::test_mixed_mm,未另行适配复测,,,,
192,10,test_torchinductor.py,GPUTests,test_mixed_mm2,验证 int8 权重转换后 MM 与 scale/bias 组合的结果。,基础正确性或边界回归：建议保留；按原输入、dtype、形状和断言验证 NPU，不能仅根据当前失败/跳过删除。,通过,通过,通过,状态不变,在完整 PR #47384（16437be0）上加回 transfer_to_npu.py::_patch_triton_driver() 及 _init() 调用；显式选择 Ascend driver，并替换 triton_helpers.set_driver_to_gpu。,基线已通过,基线环境已通过；采用 PR、再加回 driver patch 后均保持通过，无本轮新增修复。,,"{""passed"": 1}",False,,原测试全部选中实例的 setup/call/teardown 通过；覆盖范围沿用未变更的测试源码。,batch-10-results.json#test_torchinductor.py::test_mixed_mm2,../npu-inductor-213-batches-20261008/batch-10-source-evidence.json#test_torchinductor.py::test_mixed_mm2,未另行适配复测,,,,
193,10,test_torchinductor.py,GPUTests,test_mixed_mm3,验证 256×256 的 int8 权重转换后 MM，覆盖不同 autotune block 候选的数值正确性。,基础正确性或边界回归：建议保留；按原输入、dtype、形状和断言验证 NPU，不能仅根据当前失败/跳过删除。,通过,通过,通过,状态不变,在完整 PR #47384（16437be0）上加回 transfer_to_npu.py::_patch_triton_driver() 及 _init() 调用；显式选择 Ascend driver，并替换 triton_helpers.set_driver_to_gpu。,基线已通过,基线环境已通过；采用 PR、再加回 driver patch 后均保持通过，无本轮新增修复。,,"{""passed"": 1}",False,,原测试全部选中实例的 setup/call/teardown 通过；覆盖范围沿用未变更的测试源码。,batch-10-results.json#test_torchinductor.py::test_mixed_mm3,../npu-inductor-213-batches-20261008/batch-10-source-evidence.json#test_torchinductor.py::test_mixed_mm3,未另行适配复测,,,,
194,10,test_torchinductor.py,GPUTests,test_uint4x2_mixed_mm,验证 uint8 高低 4 位拆包、reshape、转 dtype、减零点后 MM 的结果。,基础正确性或边界回归：建议保留；按原输入、dtype、形状和断言验证 NPU，不能仅根据当前失败/跳过删除。,通过,通过,通过,状态不变,在完整 PR #47384（16437be0）上加回 transfer_to_npu.py::_patch_triton_driver() 及 _init() 调用；显式选择 Ascend driver，并替换 triton_helpers.set_driver_to_gpu。,基线已通过,基线环境已通过；采用 PR、再加回 driver patch 后均保持通过，无本轮新增修复。,,"{""passed"": 1}",False,,原测试全部选中实例的 setup/call/teardown 通过；覆盖范围沿用未变更的测试源码。,batch-10-results.json#test_torchinductor.py::test_uint4x2_mixed_mm,../npu-inductor-213-batches-20261008/batch-10-source-evidence.json#test_torchinductor.py::test_uint4x2_mixed_mm,未另行适配复测,,,,
195,10,test_torchinductor.py,GPUTests,test_mm_mixed_dtype,验证原始不同 dtype 的 MM 在 eager 与 compiled 下均拒绝输入并提供对应异常。,错误契约回归：建议保留 eager/compiled 一致性；以 NPU 实际支持 dtype 与异常为准，不硬编码 CUDA 错误文本。,失败,失败,失败,状态不变,在完整 PR #47384（16437be0）上加回 transfer_to_npu.py::_patch_triton_driver() 及 _init() 调用；显式选择 Ascend driver，并替换 triton_helpers.set_driver_to_gpu。,尚未全部通过,原用例尚未全部通过，不能将已应用的修改记为修复成功。,restore-driver.patch,"{""failed"": 1}",False,"E       AssertionError: ""expected .* and .* to have the same dtype, but got: .* != .*"" does not match ""mm:third_party/op-plugin/op_plugin/ops/opapi/MmKernelNpuOpApi.cpp:84 NPU function error: call aclnnMm failed, error code is 507899
E       [ERROR] 2026-10-09-11:05:37 (PID:<redacted>, Device:3, RankID:-1) ERR00100 PTA call acl api failed
E       [Error]: An internal error occurs in the Driver module.
E               Rectify the fault based on the error information in the ascend log.
E       [PID:<redacted>] 2026-10-09-11:05:37.410.794 AclNN_Parameter_Error(EZ1001): Tensor matB not implemented for DT_INT64, should be in dtype support list [DT_FLOAT,DT_FLOAT16,DT_BFLOAT16,].
E       TraceBack (most recent call last):
E               Unsupported data types for Cube
E       """,本轮异常签名/跳过原因及实例结果与基线一致：原测试要求 expected ... same dtype 文本；当前 CANN Mm 对 int64 参数报告 dtype 支持列表错误，原正则不匹配。,batch-10-results.json#test_torchinductor.py::test_mm_mixed_dtype,../npu-inductor-213-batches-20261008/batch-10-source-evidence.json#test_torchinductor.py::test_mm_mixed_dtype,未另行适配复测,,,,
196,10,test_torchinductor.py,GPUTests,test_linear_mixed_dtype,验证整数输入与浮点参数 Linear 在 eager、无梯度编译和 autograd 编译下的异常契约。,错误契约回归：建议保留 eager/compiled 一致性；以 NPU 实际支持 dtype 与异常为准，不硬编码 CUDA 错误文本。,失败,失败,失败,状态不变,在完整 PR #47384（16437be0）上加回 transfer_to_npu.py::_patch_triton_driver() 及 _init() 调用；显式选择 Ascend driver，并替换 triton_helpers.set_driver_to_gpu。,尚未全部通过,原用例尚未全部通过，不能将已应用的修改记为修复成功。,restore-driver.patch,"{""failed"": 1}",False,"E       AssertionError: ""expected .* and .* to have the same dtype, but got: .* != .*"" does not match ""matmul_implement_npu:third_party/op-plugin/op_plugin/ops/opapi/MatmulKernelNpuOpApi.cpp:94 NPU function error: call aclnnMatmul failed, error code is 507899
E       [ERROR] 2026-10-09-11:01:02 (PID:<redacted>, Device:3, RankID:-1) ERR00100 PTA call acl api failed
E       [Error]: An internal error occurs in the Driver module.
E               Rectify the fault based on the error information in the ascend log.
E       [PID:<redacted>] 2026-10-09-11:01:02.430.091 AclNN_Parameter_Error(EZ1001): Tensor matA not implemented for DT_INT64, should be in dtype support list [DT_FLOAT,DT_FLOAT16,DT_BFLOAT16,].
E       TraceBack (most recent call last):
E               Unsupported data types for Cube
E       """,本轮异常签名/跳过原因及实例结果与基线一致：原测试要求 expected ... same dtype 文本；当前 CANN Matmul 对 int64 参数报告 dtype 支持列表错误，原正则不匹配。,batch-10-results.json#test_torchinductor.py::test_linear_mixed_dtype,../npu-inductor-213-batches-20261008/batch-10-source-evidence.json#test_torchinductor.py::test_linear_mixed_dtype,未另行适配复测,,,,
197,10,test_torchinductor.py,GPUTests,test_linear_dynamic_maxautotune,验证 dynamic Linear 在 max_autotune、TRITON-only 配置下处理动态 batch 并保持结果。,动态 GEMM autotune 启用时必测；需验证实际 Triton 模板路径，回退 ATEN 后数值通过不代表 TRITON-only 达标。,跳过,跳过,跳过,状态不变,在完整 PR #47384（16437be0）上加回 transfer_to_npu.py::_patch_triton_driver() 及 _init() 调用；显式选择 Ascend driver，并替换 triton_helpers.set_driver_to_gpu。,尚未全部通过,原用例尚未全部通过，不能将已应用的修改记为修复成功。,restore-driver.patch,"{""skipped"": 1}",False,,本轮异常签名/跳过原因及实例结果与基线一致：IS_BIG_GPU=False，原装饰器因 not enough SM 跳过。,batch-10-results.json#test_torchinductor.py::test_linear_dynamic_maxautotune,../npu-inductor-213-batches-20261008/batch-10-source-evidence.json#test_torchinductor.py::test_linear_dynamic_maxautotune,通过,"测试副本设置 PYTORCH_TEST_WITH_SLOW=1；not IS_BIG_GPU, → not (npu_triton_templates_available() if GPU_TYPE == ""npu"" else IS_BIG_GPU),；按 NPU 可用性、has_triton 和 TRITON_TEMPLATES 实际能力决定执行。",采用 PR #47384（16437be0）的完整 transfer_to_npu.py；其中将 benchmarking._get_default_gpu_device_type 替换为返回 npu 的函数，消除 CUDA/NPU 重复设备判断。该项在相同测试适配基础上已通过，本轮 driver patch 保持通过。,../npu-inductor-213-batches-20261008/skip-validation/manifest.json；restore-driver.patch,skip/case-197.json#test_torchinductor.py::test_linear_dynamic_maxautotune
198,11,test_torchinductor.py,GPUTests,test_scalar_input,验证 Python 整数标量 5400 作为运行参数参与 Tensor 整除。,基础正确性或边界回归：建议保留；按原输入、dtype、形状和断言验证 NPU，不能仅根据当前失败/跳过删除。,通过,通过,通过,状态不变,在完整 PR #47384（16437be0）上加回 transfer_to_npu.py::_patch_triton_driver() 及 _init() 调用；显式选择 Ascend driver，并替换 triton_helpers.set_driver_to_gpu。,基线已通过,基线环境已通过；采用 PR、再加回 driver patch 后均保持通过，无本轮新增修复。,,"{""passed"": 1}",False,,原测试全部选中实例的 setup/call/teardown 通过；覆盖范围沿用未变更的测试源码。,batch-11-results.json#test_torchinductor.py::test_scalar_input,../npu-inductor-213-batches-20261008/batch-11-source-evidence.json#test_torchinductor.py::test_scalar_input,未另行适配复测,,,,
199,11,test_torchinductor.py,GPUTests,test_scalar_output,验证动态 embedding 函数同时返回 Tensor 和符号 shape 标量。,基础正确性或边界回归：建议保留；按原输入、dtype、形状和断言验证 NPU，不能仅根据当前失败/跳过删除。,通过,通过,通过,状态不变,在完整 PR #47384（16437be0）上加回 transfer_to_npu.py::_patch_triton_driver() 及 _init() 调用；显式选择 Ascend driver，并替换 triton_helpers.set_driver_to_gpu。,基线已通过,基线环境已通过；采用 PR、再加回 driver patch 后均保持通过，无本轮新增修复。,,"{""passed"": 1}",False,,原测试全部选中实例的 setup/call/teardown 通过；覆盖范围沿用未变更的测试源码。,batch-11-results.json#test_torchinductor.py::test_scalar_output,../npu-inductor-213-batches-20261008/batch-11-source-evidence.json#test_torchinductor.py::test_scalar_output,未另行适配复测,,,,
200,11,test_torchinductor.py,GPUTests,test_shape_prop_torch_ones,验证函数内创建 ones 与 attention_scores 广播相加时的 shape propagation。,基础正确性或边界回归：建议保留；按原输入、dtype、形状和断言验证 NPU，不能仅根据当前失败/跳过删除。,通过,通过,通过,状态不变,在完整 PR #47384（16437be0）上加回 transfer_to_npu.py::_patch_triton_driver() 及 _init() 调用；显式选择 Ascend driver，并替换 triton_helpers.set_driver_to_gpu。,基线已通过,基线环境已通过；采用 PR、再加回 driver patch 后均保持通过，无本轮新增修复。,,"{""passed"": 1}",False,,原测试全部选中实例的 setup/call/teardown 通过；覆盖范围沿用未变更的测试源码。,batch-11-results.json#test_torchinductor.py::test_shape_prop_torch_ones,../npu-inductor-213-batches-20261008/batch-11-source-evidence.json#test_torchinductor.py::test_shape_prop_torch_ones,未另行适配复测,,,,
201,11,test_torchinductor.py,GPUTests,test_conv_bn_fuse,验证 freezing 下 1D/2D/3D Conv+BN 的组合和数值正确性，覆盖 bias/dilation/groups 变化。,Conv/BN 优化回归：NPU 支持相关推理优化时建议适配并保留；按原精度目标配置 HF32，不放宽容差代替修复。,跳过,跳过,跳过,状态不变,在完整 PR #47384（16437be0）上加回 transfer_to_npu.py::_patch_triton_driver() 及 _init() 调用；显式选择 Ascend driver，并替换 triton_helpers.set_driver_to_gpu。,尚未全部通过,原用例尚未全部通过，不能将已应用的修改记为修复成功。,restore-driver.patch,"{""skipped"": 1}",False,,本轮异常签名/跳过原因及实例结果与基线一致：未启用 PYTORCH_TEST_WITH_SLOW；源码函数体还会在 self.device==GPU_TYPE 时跳过。,batch-11-results.json#test_torchinductor.py::test_conv_bn_fuse,../npu-inductor-213-batches-20261008/batch-11-source-evidence.json#test_torchinductor.py::test_conv_bn_fuse,通过,"测试副本设置 PYTORCH_TEST_WITH_SLOW=1；if self.device == GPU_TYPE: → if self.device == GPU_TYPE and torch.device(self.device).type != ""npu"":；使用 torch_npu.npu.aclnn.flags(allow_hf32=False) 局部关闭卷积 HF32，结束恢复。",解除 NPU skip 并局部关闭卷积 HF32 后通过；默认 HF32 配置仍失败，非 driver patch 改善。,../npu-inductor-213-batches-20261008/skip-validation/manifest.json；restore-driver.patch,skip/case-201-hf32off.json#test_torchinductor.py::test_conv_bn_fuse
202,11,test_torchinductor.py,GPUTests,test_conv_functional_bn_fuse,验证 Conv 与 functional BatchNorm 组合的编译数值，覆盖 BN 模块的 functional 实现。,Conv/BN 优化回归：NPU 支持相关推理优化时建议适配并保留；按原精度目标配置 HF32，不放宽容差代替修复。,跳过,跳过,跳过,状态不变,在完整 PR #47384（16437be0）上加回 transfer_to_npu.py::_patch_triton_driver() 及 _init() 调用；显式选择 Ascend driver，并替换 triton_helpers.set_driver_to_gpu。,尚未全部通过,原用例尚未全部通过，不能将已应用的修改记为修复成功。,restore-driver.patch,"{""skipped"": 1}",False,,本轮异常签名/跳过原因及实例结果与基线一致：函数体检测 self.device==GPU_TYPE 后主动 SkipTest；functional BN 融合 组合没有执行。,batch-11-results.json#test_torchinductor.py::test_conv_functional_bn_fuse,../npu-inductor-213-batches-20261008/batch-11-source-evidence.json#test_torchinductor.py::test_conv_functional_bn_fuse,通过,"测试副本设置 PYTORCH_TEST_WITH_SLOW=1；if self.device == GPU_TYPE: → if self.device == GPU_TYPE and torch.device(self.device).type != ""npu"":",采用下列测试适配后，基线即已通过；PR 与本轮 driver patch 均保持通过。,../npu-inductor-213-batches-20261008/skip-validation/manifest.json；restore-driver.patch,skip/case-202.json#test_torchinductor.py::test_conv_functional_bn_fuse
203,11,test_torchinductor.py,GPUTests,test_conv_inference_heuristics,验证卷积推理布局启发式：分组卷积避免不必要转换，普通卷积按策略进行 channels-last 转换。,卷积布局策略专项：NPU 启用相应策略时保留等价检查；channels-last 转换顺序不必照搬 CUDA 代码字符串。,失败,失败,失败,状态不变,在完整 PR #47384（16437be0）上加回 transfer_to_npu.py::_patch_triton_driver() 及 _init() 调用；显式选择 Ascend driver，并替换 triton_helpers.set_driver_to_gpu。,尚未全部通过,原用例尚未全部通过，不能将已应用的修改记为修复成功。,restore-driver.patch,"{""failed"": 1}",False,"E                   RuntimeError: Expected to find "".convolution("" but did not find it
E                   Searched string:
E                   # AOT ID: ['1_inference']
E                   ~~~~~~~~~~~~~ <--- HERE
E                   from ctypes import c_void_p, c_long, c_int
E                   import torch
E                   From CHECK: .convolution(",本轮异常签名/跳过原因及实例结果与基线一致：分组 Conv2d 编译执行后，代码文本找不到原测试要求的 .convolution(。,batch-11-results.json#test_torchinductor.py::test_conv_inference_heuristics,../npu-inductor-213-batches-20261008/batch-11-source-evidence.json#test_torchinductor.py::test_conv_inference_heuristics,未另行适配复测,,,,
204,11,test_torchinductor.py,GPUTests,test_upsample_cat_conv,验证 nearest upsample、按通道 cat 和 1×1 Conv 的组合模型。,常见模型组合正确性：建议保留并适配 NPU 条件，CPU-only skip 本身不说明 NPU 不需要该覆盖。,跳过,跳过,跳过,状态不变,在完整 PR #47384（16437be0）上加回 transfer_to_npu.py::_patch_triton_driver() 及 _init() 调用；显式选择 Ascend driver，并替换 triton_helpers.set_driver_to_gpu。,尚未全部通过,原用例尚未全部通过，不能将已应用的修改记为修复成功。,restore-driver.patch,"{""skipped"": 1}",False,,本轮异常签名/跳过原因及实例结果与基线一致：函数体检测 self.device==GPU_TYPE 后主动 SkipTest；upsample/cat/conv 组合没有执行。,batch-11-results.json#test_torchinductor.py::test_upsample_cat_conv,../npu-inductor-213-batches-20261008/batch-11-source-evidence.json#test_torchinductor.py::test_upsample_cat_conv,通过,"测试副本设置 PYTORCH_TEST_WITH_SLOW=1；if self.device == GPU_TYPE: → if self.device == GPU_TYPE and torch.device(self.device).type != ""npu"":",在完整 PR #47384（16437be0）上加回 transfer_to_npu.py::_patch_triton_driver() 及 _init() 调用；显式选择 Ascend driver，并替换 triton_helpers.set_driver_to_gpu。在相同测试适配基础上，本轮消除 libcuda 驱动错误后恢复通过。,../npu-inductor-213-batches-20261008/skip-validation/manifest.json；restore-driver.patch,skip/case-204.json#test_torchinductor.py::test_upsample_cat_conv
205,11,test_torchinductor.py,GPUTests,test_aliased_buffer_reuse,验证 cat、逐元素、MM、slice 组合的别名缓冲区复用不会破坏结果；原断言不直接证明复用策略被选中。,基础正确性或边界回归：建议保留；按原输入、dtype、形状和断言验证 NPU，不能仅根据当前失败/跳过删除。,通过,通过,通过,状态不变,在完整 PR #47384（16437be0）上加回 transfer_to_npu.py::_patch_triton_driver() 及 _init() 调用；显式选择 Ascend driver，并替换 triton_helpers.set_driver_to_gpu。,基线已通过,基线环境已通过；采用 PR、再加回 driver patch 后均保持通过，无本轮新增修复。,,"{""passed"": 1}",False,,原测试全部选中实例的 setup/call/teardown 通过；覆盖范围沿用未变更的测试源码。,batch-11-results.json#test_torchinductor.py::test_aliased_buffer_reuse,../npu-inductor-213-batches-20261008/batch-11-source-evidence.json#test_torchinductor.py::test_aliased_buffer_reuse,未另行适配复测,,,,
206,11,test_torchinductor.py,GPUTests,test_slice_view_with_graph_break,验证数据依赖 graph break 前后的原地修改仍正确反映到共享存储的 view。,基础正确性或边界回归：建议保留；按原输入、dtype、形状和断言验证 NPU，不能仅根据当前失败/跳过删除。,通过,通过,通过,状态不变,在完整 PR #47384（16437be0）上加回 transfer_to_npu.py::_patch_triton_driver() 及 _init() 调用；显式选择 Ascend driver，并替换 triton_helpers.set_driver_to_gpu。,基线已通过,基线环境已通过；采用 PR、再加回 driver patch 后均保持通过，无本轮新增修复。,,"{""passed"": 1}",False,,原测试全部选中实例的 setup/call/teardown 通过；覆盖范围沿用未变更的测试源码。,batch-11-results.json#test_torchinductor.py::test_slice_view_with_graph_break,../npu-inductor-213-batches-20261008/batch-11-source-evidence.json#test_torchinductor.py::test_slice_view_with_graph_break,未另行适配复测,,,,
207,11,test_torchinductor.py,GPUTests,test_view_detach,验证 requires_grad 输入经 view.detach 后的前向返回语义；未显式验证 backward。,基础正确性或边界回归：建议保留；按原输入、dtype、形状和断言验证 NPU，不能仅根据当前失败/跳过删除。,通过,通过,通过,状态不变,在完整 PR #47384（16437be0）上加回 transfer_to_npu.py::_patch_triton_driver() 及 _init() 调用；显式选择 Ascend driver，并替换 triton_helpers.set_driver_to_gpu。,基线已通过,基线环境已通过；采用 PR、再加回 driver patch 后均保持通过，无本轮新增修复。,,"{""passed"": 1}",False,,原测试全部选中实例的 setup/call/teardown 通过；覆盖范围沿用未变更的测试源码。,batch-11-results.json#test_torchinductor.py::test_view_detach,../npu-inductor-213-batches-20261008/batch-11-source-evidence.json#test_torchinductor.py::test_view_detach,未另行适配复测,,,,
208,11,test_torchinductor.py,GPUTests,test_gather1,验证 expand 广播输入在正/负 dim 下 gather 的索引和值。,基础正确性或边界回归：建议保留；按原输入、dtype、形状和断言验证 NPU，不能仅根据当前失败/跳过删除。,通过,通过,通过,状态不变,在完整 PR #47384（16437be0）上加回 transfer_to_npu.py::_patch_triton_driver() 及 _init() 调用；显式选择 Ascend driver，并替换 triton_helpers.set_driver_to_gpu。,基线已通过,基线环境已通过；采用 PR、再加回 driver patch 后均保持通过，无本轮新增修复。,,"{""passed"": 1}",False,,原测试全部选中实例的 setup/call/teardown 通过；覆盖范围沿用未变更的测试源码。,batch-11-results.json#test_torchinductor.py::test_gather1,../npu-inductor-213-batches-20261008/batch-11-source-evidence.json#test_torchinductor.py::test_gather1,未另行适配复测,,,,
209,11,test_torchinductor.py,GPUTests,test_gather3,验证 requires_grad 输入的 sparse_grad=True gather 可以编译并保持前向数值；AOT 会构造反向图。,sparse_grad 能力项：承诺稀疏梯度 gather 时必测；只验证前向不足以证明完整 backward。,失败,失败,失败,状态不变,在完整 PR #47384（16437be0）上加回 transfer_to_npu.py::_patch_triton_driver() 及 _init() 调用；显式选择 Ascend driver，并替换 triton_helpers.set_driver_to_gpu。,尚未全部通过,原用例尚未全部通过，不能将已应用的修改记为修复成功。,restore-driver.patch,"{""failed"": 1}",False,"E       torch._dynamo.exc.BackendCompilerFailed: backend='compile_fx_wrapper' raised:
E       RecursionError: maximum recursion depth exceeded
E       Set TORCHDYNAMO_VERBOSE=1 for the internal stack trace (please do this especially if you're reporting a bug to PyTorch). For even more developer context, set TORCH_LOGS=""+dynamo""",本轮异常签名/跳过原因及实例结果与基线一致：gather sparse_grad=True 触发 NPU npu_gather_backward__meta 的 Meta 函数，构造 sparse_coo_tensor 后在 _to_copy→prims.device_put→Tensor.to 间递归至 RecursionError。,batch-11-results.json#test_torchinductor.py::test_gather3,../npu-inductor-213-batches-20261008/batch-11-source-evidence.json#test_torchinductor.py::test_gather3,未另行适配复测,,,,
210,11,test_torchinductor.py,GPUTests,test_device_assert,验证两种输入 shape 下 reshape+sum+trunc+gather 的有效索引路径；没有主动制造越界断言。,基础正确性或边界回归：建议保留；按原输入、dtype、形状和断言验证 NPU，不能仅根据当前失败/跳过删除。,失败,失败,失败,状态不变,在完整 PR #47384（16437be0）上加回 transfer_to_npu.py::_patch_triton_driver() 及 _init() 调用；显式选择 Ascend driver，并替换 triton_helpers.set_driver_to_gpu。,尚未全部通过,原用例尚未全部通过，不能将已应用的修改记为修复成功。,restore-driver.patch,"{""failed"": 1}",False,"E       RuntimeError: trunc:third_party/op-plugin/op_plugin/ops/opapi/StructKernelNpuOpApi_10.cpp:120 NPU function error: call aclnnTrunc failed, error code is 507899
E       [ERROR] 2026-10-09-11:18:16 (PID:<redacted>, Device:3, RankID:-1) ERR00100 PTA call acl api failed
E       [Error]: An internal error occurs in the Driver module.
E               Rectify the fault based on the error information in the ascend log.
E       [PID:<redacted>] 2026-10-09-11:18:16.422.156 AclNN_Parameter_Error(EZ1001): Tensor self not implemented for DT_DOUBLE, should be in dtype support list [DT_FLOAT,DT_FLOAT16,DT_BFLOAT16,DT_INT8,DT_UINT8,DT_INT32,].
E       TraceBack (most recent call last):
E               rtsDeviceGetInfo execution failed, reason=driver error:internal error[FUNC:FuncErrorReason][FILE:error_message_manage.cc][LINE:69]
E               Tensor self not implemented for DT_DOUBLE, should be in dtype support list [DT_FLOAT,DT_FLOAT16,DT_BFLOAT16,DT_INT8,DT_UINT8,DT_INT32,].",本轮异常签名/跳过原因及实例结果与基线一致：compiled 函数在 aten.trunc.default 调用中进入 aclnnTrunc，拒绝 DT_DOUBLE。,batch-11-results.json#test_torchinductor.py::test_device_assert,../npu-inductor-213-batches-20261008/batch-11-source-evidence.json#test_torchinductor.py::test_device_assert,未另行适配复测,,,,
211,11,test_torchinductor.py,GPUTests,test_slice1,验证正负 slice 边界、超界截断和后续加法。,基础正确性或边界回归：建议保留；按原输入、dtype、形状和断言验证 NPU，不能仅根据当前失败/跳过删除。,通过,通过,通过,状态不变,在完整 PR #47384（16437be0）上加回 transfer_to_npu.py::_patch_triton_driver() 及 _init() 调用；显式选择 Ascend driver，并替换 triton_helpers.set_driver_to_gpu。,基线已通过,基线环境已通过；采用 PR、再加回 driver patch 后均保持通过，无本轮新增修复。,,"{""passed"": 1}",False,,原测试全部选中实例的 setup/call/teardown 通过；覆盖范围沿用未变更的测试源码。,batch-11-results.json#test_torchinductor.py::test_slice1,../npu-inductor-213-batches-20261008/batch-11-source-evidence.json#test_torchinductor.py::test_slice1,未另行适配复测,,,,
212,11,test_torchinductor.py,GPUTests,test_slice2,验证 stride=2、负索引及不同 slice 结果相加。,基础正确性或边界回归：建议保留；按原输入、dtype、形状和断言验证 NPU，不能仅根据当前失败/跳过删除。,通过,通过,通过,状态不变,在完整 PR #47384（16437be0）上加回 transfer_to_npu.py::_patch_triton_driver() 及 _init() 调用；显式选择 Ascend driver，并替换 triton_helpers.set_driver_to_gpu。,基线已通过,基线环境已通过；采用 PR、再加回 driver patch 后均保持通过，无本轮新增修复。,,"{""passed"": 1}",False,,原测试全部选中实例的 setup/call/teardown 通过；覆盖范围沿用未变更的测试源码。,batch-11-results.json#test_torchinductor.py::test_slice2,../npu-inductor-213-batches-20261008/batch-11-source-evidence.json#test_torchinductor.py::test_slice2,未另行适配复测,,,,
213,11,test_torchinductor.py,GPUTests,test_slice3,验证大四维 Tensor 上 aten.slice 的负终点边界。,基础正确性或边界回归：建议保留；按原输入、dtype、形状和断言验证 NPU，不能仅根据当前失败/跳过删除。,通过,通过,通过,状态不变,在完整 PR #47384（16437be0）上加回 transfer_to_npu.py::_patch_triton_driver() 及 _init() 调用；显式选择 Ascend driver，并替换 triton_helpers.set_driver_to_gpu。,基线已通过,基线环境已通过；采用 PR、再加回 driver patch 后均保持通过，无本轮新增修复。,,"{""passed"": 1}",False,,原测试全部选中实例的 setup/call/teardown 通过；覆盖范围沿用未变更的测试源码。,batch-11-results.json#test_torchinductor.py::test_slice3,../npu-inductor-213-batches-20261008/batch-11-source-evidence.json#test_torchinductor.py::test_slice3,未另行适配复测,,,,
214,11,test_torchinductor.py,GPUTests,test_slice4,验证 start/end 超界或逆序时 slice 正确返回空结果。,基础正确性或边界回归：建议保留；按原输入、dtype、形状和断言验证 NPU，不能仅根据当前失败/跳过删除。,通过,通过,通过,状态不变,在完整 PR #47384（16437be0）上加回 transfer_to_npu.py::_patch_triton_driver() 及 _init() 调用；显式选择 Ascend driver，并替换 triton_helpers.set_driver_to_gpu。,基线已通过,基线环境已通过；采用 PR、再加回 driver patch 后均保持通过，无本轮新增修复。,,"{""passed"": 1}",False,,原测试全部选中实例的 setup/call/teardown 通过；覆盖范围沿用未变更的测试源码。,batch-11-results.json#test_torchinductor.py::test_slice4,../npu-inductor-213-batches-20261008/batch-11-source-evidence.json#test_torchinductor.py::test_slice4,未另行适配复测,,,,
215,11,test_torchinductor.py,GPUTests,test_split_with_list,验证按不同长度列表 split 后，各块形状和逐块运算正确。,基础正确性或边界回归：建议保留；按原输入、dtype、形状和断言验证 NPU，不能仅根据当前失败/跳过删除。,通过,通过,通过,状态不变,在完整 PR #47384（16437be0）上加回 transfer_to_npu.py::_patch_triton_driver() 及 _init() 调用；显式选择 Ascend driver，并替换 triton_helpers.set_driver_to_gpu。,基线已通过,基线环境已通过；采用 PR、再加回 driver patch 后均保持通过，无本轮新增修复。,,"{""passed"": 1}",False,,原测试全部选中实例的 setup/call/teardown 通过；覆盖范围沿用未变更的测试源码。,batch-11-results.json#test_torchinductor.py::test_split_with_list,../npu-inductor-213-batches-20261008/batch-11-source-evidence.json#test_torchinductor.py::test_split_with_list,未另行适配复测,,,,
216,11,test_torchinductor.py,GPUTests,test_split_overload_packet_lowering,验证手工 FX 图中 aten.split overload packet 能被正确 lowering。,基础正确性或边界回归：建议保留；按原输入、dtype、形状和断言验证 NPU，不能仅根据当前失败/跳过删除。,通过,通过,通过,状态不变,在完整 PR #47384（16437be0）上加回 transfer_to_npu.py::_patch_triton_driver() 及 _init() 调用；显式选择 Ascend driver，并替换 triton_helpers.set_driver_to_gpu。,基线已通过,基线环境已通过；采用 PR、再加回 driver patch 后均保持通过，无本轮新增修复。,,"{""passed"": 1}",False,,原测试全部选中实例的 setup/call/teardown 通过；覆盖范围沿用未变更的测试源码。,batch-11-results.json#test_torchinductor.py::test_split_overload_packet_lowering,../npu-inductor-213-batches-20261008/batch-11-source-evidence.json#test_torchinductor.py::test_split_overload_packet_lowering,未另行适配复测,,,,
217,11,test_torchinductor.py,GPUTests,test_unsafe_split_empty_tensor_zero_size,验证空 Tensor 的 unsafe_split 在 split_size=0/2 下保持 eager 语义。,基础正确性或边界回归：建议保留；按原输入、dtype、形状和断言验证 NPU，不能仅根据当前失败/跳过删除。,通过,通过,通过,状态不变,在完整 PR #47384（16437be0）上加回 transfer_to_npu.py::_patch_triton_driver() 及 _init() 调用；显式选择 Ascend driver，并替换 triton_helpers.set_driver_to_gpu。,基线已通过,基线环境已通过；采用 PR、再加回 driver patch 后均保持通过，无本轮新增修复。,,"{""passed"": 1}",False,,原测试全部选中实例的 setup/call/teardown 通过；覆盖范围沿用未变更的测试源码。,batch-11-results.json#test_torchinductor.py::test_unsafe_split_empty_tensor_zero_size,../npu-inductor-213-batches-20261008/batch-11-source-evidence.json#test_torchinductor.py::test_unsafe_split_empty_tensor_zero_size,未另行适配复测,,,,
218,12,test_torchinductor.py,GPUTests,test_split_empty_dim,验证中间维度为空时 split/unsafe_split 对 split_size=0/2 的结果。,基础正确性或边界回归：建议保留；按原输入、dtype、形状和断言验证 NPU，不能仅根据当前失败/跳过删除。,通过,通过,通过,状态不变,在完整 PR #47384（16437be0）上加回 transfer_to_npu.py::_patch_triton_driver() 及 _init() 调用；显式选择 Ascend driver，并替换 triton_helpers.set_driver_to_gpu。,基线已通过,基线环境已通过；采用 PR、再加回 driver patch 后均保持通过，无本轮新增修复。,,"{""passed"": 1}",False,,原测试全部选中实例的 setup/call/teardown 通过；覆盖范围沿用未变更的测试源码。,batch-12-results.json#test_torchinductor.py::test_split_empty_dim,../npu-inductor-213-batches-20261008/batch-12-source-evidence.json#test_torchinductor.py::test_split_empty_dim,未另行适配复测,,,,
219,12,test_torchinductor.py,GPUTests,test_split_size_greater_than_dim,验证 split_size 大于目标维度长度时 split/unsafe_split 的退化行为。,基础正确性或边界回归：建议保留；按原输入、dtype、形状和断言验证 NPU，不能仅根据当前失败/跳过删除。,通过,通过,通过,状态不变,在完整 PR #47384（16437be0）上加回 transfer_to_npu.py::_patch_triton_driver() 及 _init() 调用；显式选择 Ascend driver，并替换 triton_helpers.set_driver_to_gpu。,基线已通过,基线环境已通过；采用 PR、再加回 driver patch 后均保持通过，无本轮新增修复。,,"{""passed"": 1}",False,,原测试全部选中实例的 setup/call/teardown 通过；覆盖范围沿用未变更的测试源码。,batch-12-results.json#test_torchinductor.py::test_split_size_greater_than_dim,../npu-inductor-213-batches-20261008/batch-12-source-evidence.json#test_torchinductor.py::test_split_size_greater_than_dim,未另行适配复测,,,,
220,12,test_torchinductor.py,GPUTests,test_split,验证末维长度 10 按大小 3 split 的尾块及 split 前算术操作。,基础正确性或边界回归：建议保留；按原输入、dtype、形状和断言验证 NPU，不能仅根据当前失败/跳过删除。,通过,通过,通过,状态不变,在完整 PR #47384（16437be0）上加回 transfer_to_npu.py::_patch_triton_driver() 及 _init() 调用；显式选择 Ascend driver，并替换 triton_helpers.set_driver_to_gpu。,基线已通过,基线环境已通过；采用 PR、再加回 driver patch 后均保持通过，无本轮新增修复。,,"{""passed"": 1}",False,,原测试全部选中实例的 setup/call/teardown 通过；覆盖范围沿用未变更的测试源码。,batch-12-results.json#test_torchinductor.py::test_split,../npu-inductor-213-batches-20261008/batch-12-source-evidence.json#test_torchinductor.py::test_split,未另行适配复测,,,,
221,12,test_torchinductor.py,GPUTests,test_unsafe_chunk_empty_tensor,验证空 Tensor 的 unsafe_chunk 分块数量和形状，覆盖 CPU 与 NPU common 路径。,基础正确性或边界回归：建议保留；按原输入、dtype、形状和断言验证 NPU，不能仅根据当前失败/跳过删除。,通过,通过,通过,状态不变,在完整 PR #47384（16437be0）上加回 transfer_to_npu.py::_patch_triton_driver() 及 _init() 调用；显式选择 Ascend driver，并替换 triton_helpers.set_driver_to_gpu。,基线已通过,基线环境已通过；采用 PR、再加回 driver patch 后均保持通过，无本轮新增修复。,,"{""passed"": 1}",False,,原测试全部选中实例的 setup/call/teardown 通过；覆盖范围沿用未变更的测试源码。,batch-12-results.json#test_torchinductor.py::test_unsafe_chunk_empty_tensor,../npu-inductor-213-batches-20261008/batch-12-source-evidence.json#test_torchinductor.py::test_unsafe_chunk_empty_tensor,未另行适配复测,,,,
222,12,test_torchinductor.py,GPUTests,test_low_memory_max_pool,验证低内存 max-pool 2D/3D 的值、索引及 offset，覆盖 dilation 和 block-pointer 开关。,pooling 优化专项：保留数值和索引契约；block-pointer/低内存策略按 NPU 实现能力覆盖。,通过,通过,通过,状态不变,在完整 PR #47384（16437be0）上加回 transfer_to_npu.py::_patch_triton_driver() 及 _init() 调用；显式选择 Ascend driver，并替换 triton_helpers.set_driver_to_gpu。,基线已通过,基线环境已通过；采用 PR、再加回 driver patch 后均保持通过，无本轮新增修复。,,"{""passed"": 8}",False,,原测试全部选中实例的 setup/call/teardown 通过；覆盖范围沿用未变更的测试源码。,batch-12-results.json#test_torchinductor.py::test_low_memory_max_pool,../npu-inductor-213-batches-20261008/batch-12-source-evidence.json#test_torchinductor.py::test_low_memory_max_pool,未另行适配复测,,,,
223,12,test_torchinductor.py,GPUTests,test_max_unpool_empty_output,验证 MaxUnpool1d/2d/3d 因输出尺寸计算得到空维度时的边界行为。,基础正确性或边界回归：建议保留；按原输入、dtype、形状和断言验证 NPU，不能仅根据当前失败/跳过删除。,失败,失败,失败,状态不变,在完整 PR #47384（16437be0）上加回 transfer_to_npu.py::_patch_triton_driver() 及 _init() 调用；显式选择 Ascend driver，并替换 triton_helpers.set_driver_to_gpu。,尚未全部通过,原用例尚未全部通过，不能将已应用的修改记为修复成功。,restore-driver.patch,"{""failed"": 1}",False,"E       RuntimeError: max_unpool2d:third_party/op-plugin/op_plugin/ops/opapi/StructKernelNpuOpApi_9.cpp:94 NPU function error: call aclnnMaxUnpool2d failed, error code is 507899
E       [ERROR] 2026-10-09-12:28:38 (PID:<redacted>, Device:0, RankID:-1) ERR00100 PTA call acl api failed
E       [Error]: An internal error occurs in the Driver module.
E               Rectify the fault based on the error information in the ascend log.
E       [PID:<redacted>] 2026-10-09-12:28:38.561.635 AclNN_Parameter_Error(EZ1001): outputSize value should greater than 0, but the sizes of 0 is 0.",本轮异常签名/跳过原因及实例结果与基线一致：首个 1D 用例经 max_unpool2d 实现进入 aclnnMaxUnpool2d；outputSize 含 0 被参数校验拒绝。,batch-12-results.json#test_torchinductor.py::test_max_unpool_empty_output,../npu-inductor-213-batches-20261008/batch-12-source-evidence.json#test_torchinductor.py::test_max_unpool_empty_output,未另行适配复测,,,,
224,12,test_torchinductor.py,GPUTests,test_to_dtype,验证 _to_copy/to 在 float32、float64 和 bool 间的 dtype 转换与数值语义。,dtype 能力项：按声明的 fp64 支持范围验收；不支持时需要明确能力/错误契约，不能换 float32 后称原用例已修复。,失败,失败,失败,状态不变,在完整 PR #47384（16437be0）上加回 transfer_to_npu.py::_patch_triton_driver() 及 _init() 调用；显式选择 Ascend driver，并替换 triton_helpers.set_driver_to_gpu。,尚未全部通过,原用例尚未全部通过，不能将已应用的修改记为修复成功。,restore-driver.patch,"{""failed"": 1}",False,"E           torch._inductor.exc.InductorError: SubprocException: An exception occurred in a subprocess:
E           Name=triton_poi_fused_add_0
E           Traceback (most recent call last):
E             File ""<site-packages>/torch/_inductor/compile_worker/subproc_pool.py"", line 475, in do_job
E               result = job()
E                        ^^^^^
E             File ""<site-packages>/torch/_inductor/runtime/compile_tasks.py"", line 204, in _worker_compile_triton
E               kernel.precompile(warm_cache_only=True)",仍在 float64 的 b+1 kernel 编译失败；IR 含 f64 memref，hivm.hir.load 验证不接受 f64，与基线的类型支持缺口一致。编译命令临时路径和外层异常包装不同，不构成新归因。,batch-12-results.json#test_torchinductor.py::test_to_dtype,../npu-inductor-213-batches-20261008/batch-12-source-evidence.json#test_torchinductor.py::test_to_dtype,未另行适配复测,,,,
225,12,test_torchinductor.py,GPUTests,test_to_device,验证 _to_copy 的设备迁移和显式 dtype/layout；当前 NPU 实例主要覆盖 NPU→CPU。,基础正确性或边界回归：建议保留；按原输入、dtype、形状和断言验证 NPU，不能仅根据当前失败/跳过删除。,通过,通过,通过,状态不变,在完整 PR #47384（16437be0）上加回 transfer_to_npu.py::_patch_triton_driver() 及 _init() 调用；显式选择 Ascend driver，并替换 triton_helpers.set_driver_to_gpu。,基线已通过,基线环境已通过；采用 PR、再加回 driver patch 后均保持通过，无本轮新增修复。,,"{""passed"": 1}",False,,原测试全部选中实例的 setup/call/teardown 通过；覆盖范围沿用未变更的测试源码。,batch-12-results.json#test_torchinductor.py::test_to_device,../npu-inductor-213-batches-20261008/batch-12-source-evidence.json#test_torchinductor.py::test_to_device,未另行适配复测,,,,
226,12,test_torchinductor.py,GPUTests,test_to_memory_format,验证 contiguous 与 channels_last 双向转换的公开 stride、布局和结果契约。,公开布局契约：支持 channels_last 时应保留 stride/数值检查，私有 NPU format 不能自动替代该目标。,失败,失败,失败,状态不变,在完整 PR #47384（16437be0）上加回 transfer_to_npu.py::_patch_triton_driver() 及 _init() 调用；显式选择 Ascend driver，并替换 triton_helpers.set_driver_to_gpu。,尚未全部通过,原用例尚未全部通过，不能将已应用的修改记为修复成功。,restore-driver.patch,"{""failed"": 1}",False,"E       RuntimeError: Only contiguous_format or preserve_format is supported.
E       [ERROR] 2026-10-09-12:32:02 (PID:<redacted>, Device:0, RankID:-1) ERR01007 OPS feature not supported",本轮异常签名/跳过原因及实例结果与基线一致：首次转 torch.channels_last 时抛出 Only contiguous_format or preserve_format is supported，尚未进入 compiled 对比。,batch-12-results.json#test_torchinductor.py::test_to_memory_format,../npu-inductor-213-batches-20261008/batch-12-source-evidence.json#test_torchinductor.py::test_to_memory_format,未另行适配复测,,,,
227,12,test_torchinductor.py,GPUTests,test_to_device_constant,验证在另一设备创建的 arange/list Tensor 常量可迁移回输入设备并参与运算。,基础正确性或边界回归：建议保留；按原输入、dtype、形状和断言验证 NPU，不能仅根据当前失败/跳过删除。,通过,失败,通过,转为通过,在完整 PR #47384（16437be0）上加回 transfer_to_npu.py::_patch_triton_driver() 及 _init() 调用；显式选择 Ascend driver，并替换 triton_helpers.set_driver_to_gpu。,加回 driver patch 后恢复,在完整 PR #47384（16437be0）上加回 transfer_to_npu.py::_patch_triton_driver() 及 _init() 调用；显式选择 Ascend driver，并替换 triton_helpers.set_driver_to_gpu。,restore-driver.patch,"{""passed"": 1}",False,,本组失败实例出现：PR 已使 CudaDriver.is_active() 为 False，但 PyTorch _is_backend_active 又用 torch.cuda.is_available() 兜底；迁移别名返回 True，仍构造 CudaDriver 并因缺少 libcuda.so 失败。,targeted-results.json#test_torchinductor.py::test_to_device_constant,../npu-inductor-213-batches-20261008/batch-12-source-evidence.json#test_torchinductor.py::test_to_device_constant,未另行适配复测,,,,
228,12,test_torchinductor.py,GPUTests,test_to_copy_fp64_to_no_fp64_device,验证目标不支持 fp64 时先在 CPU 转 float32 再迁移，生成 kernel 不包含 fp64 指针。,无 fp64 设备的重要兼容回归：建议保留，避免在设备上分配不支持的 fp64 缓冲区；可补数值断言。,通过,通过,通过,状态不变,在完整 PR #47384（16437be0）上加回 transfer_to_npu.py::_patch_triton_driver() 及 _init() 调用；显式选择 Ascend driver，并替换 triton_helpers.set_driver_to_gpu。,基线已通过,基线环境已通过；采用 PR、再加回 driver patch 后均保持通过，无本轮新增修复。,,"{""passed"": 1}",False,,原测试全部选中实例的 setup/call/teardown 通过；覆盖范围沿用未变更的测试源码。,batch-12-results.json#test_torchinductor.py::test_to_copy_fp64_to_no_fp64_device,../npu-inductor-213-batches-20261008/batch-12-source-evidence.json#test_torchinductor.py::test_to_copy_fp64_to_no_fp64_device,未另行适配复测,,,,
229,12,test_torchinductor.py,GPUTests,test_multi_device,验证编译图中 CPU/加速器多次往返和跨设备算术顺序。,基础正确性或边界回归：建议保留；按原输入、dtype、形状和断言验证 NPU，不能仅根据当前失败/跳过删除。,通过,通过,通过,状态不变,在完整 PR #47384（16437be0）上加回 transfer_to_npu.py::_patch_triton_driver() 及 _init() 调用；显式选择 Ascend driver，并替换 triton_helpers.set_driver_to_gpu。,基线已通过,基线环境已通过；采用 PR、再加回 driver patch 后均保持通过，无本轮新增修复。,,"{""passed"": 1}",False,,原测试全部选中实例的 setup/call/teardown 通过；覆盖范围沿用未变更的测试源码。,batch-12-results.json#test_torchinductor.py::test_multi_device,../npu-inductor-213-batches-20261008/batch-12-source-evidence.json#test_torchinductor.py::test_multi_device,未另行适配复测,,,,
230,12,test_torchinductor.py,GPUTests,test_multi_gpu_device,验证从默认第 0 张卡计算后复制到第 1 张卡并继续计算；需真正跨卡验证。,多卡支持时必测：必须使用真实不同设备索引；单卡或默认已为目标卡的运行不能替代跨卡/guard 验证。,失败,失败,失败,状态不变,在完整 PR #47384（16437be0）上加回 transfer_to_npu.py::_patch_triton_driver() 及 _init() 调用；显式选择 Ascend driver，并替换 triton_helpers.set_driver_to_gpu。,尚未全部通过,原用例尚未全部通过，不能将已应用的修改记为修复成功。,restore-driver.patch,"{""failed"": 1}",False,"E       torch.OutOfMemoryError: enable_peer_access:torch_npu/csrc/core/npu/NPUPeerToPeerAccess.cpp:36 NPU function error: aclrtDeviceEnablePeerAccess(dest_dev, enable_flag_value), error code is 207001
E       [ERROR] 2026-10-09-12:29:34 (PID:<redacted>, Device:1, RankID:-1) ERR00100 PTA call acl api failed
E       [Error]: Failed to apply for memory.
E               Check the remaining storage space in the hardware environment.
E       [PID:<redacted>] 2026-10-09-12:29:34.274.345 Memory_Allocation_Failure(EL0004): Failed to allocate memory requested by UNKNOWN module.
E               Possible Cause: Available memory is insufficient.
E               Solution: Close applications not in use.
E       TraceBack (most recent call last):",本轮异常签名/跳过原因及实例结果与基线一致：默认 NPU:0 的独立原用例在 Tensor.to(npu:1) 启用 peer access 时，aclrtDeviceEnablePeerAccess 返回 207001/OutOfMemoryError。初轮默认 NPU:1 的通过仅为同卡路径。关闭 transfer 包装且不使用 torch.compile 的 4 元素复制也复现同错。,batch-12-results.json#test_torchinductor.py::test_multi_gpu_device,../npu-inductor-213-batches-20261008/batch-12-source-evidence.json#test_torchinductor.py::test_multi_gpu_device,未另行适配复测,,,,
231,12,test_torchinductor.py,GPUTests,test_multi_gpu_recompile_on_index,验证输入设备索引从 0 变为 1 时触发 device-index guard 及重新编译，而非错误复用旧图。,多卡支持时必测：必须使用真实不同设备索引；单卡或默认已为目标卡的运行不能替代跨卡/guard 验证。,通过,通过,通过,状态不变,在完整 PR #47384（16437be0）上加回 transfer_to_npu.py::_patch_triton_driver() 及 _init() 调用；显式选择 Ascend driver，并替换 triton_helpers.set_driver_to_gpu。,基线已通过,基线环境已通过；采用 PR、再加回 driver patch 后均保持通过，无本轮新增修复。,,"{""passed"": 1}",False,,原测试全部选中实例的 setup/call/teardown 通过；覆盖范围沿用未变更的测试源码。,batch-12-results.json#test_torchinductor.py::test_multi_gpu_recompile_on_index,../npu-inductor-213-batches-20261008/batch-12-source-evidence.json#test_torchinductor.py::test_multi_gpu_recompile_on_index,未另行适配复测,,,,
232,12,test_torchinductor.py,GPUTests,test_unbind,验证默认和末维 unbind 的返回块及数值。,基础正确性或边界回归：建议保留；按原输入、dtype、形状和断言验证 NPU，不能仅根据当前失败/跳过删除。,通过,通过,通过,状态不变,在完整 PR #47384（16437be0）上加回 transfer_to_npu.py::_patch_triton_driver() 及 _init() 调用；显式选择 Ascend driver，并替换 triton_helpers.set_driver_to_gpu。,基线已通过,基线环境已通过；采用 PR、再加回 driver patch 后均保持通过，无本轮新增修复。,,"{""passed"": 1}",False,,原测试全部选中实例的 setup/call/teardown 通过；覆盖范围沿用未变更的测试源码。,batch-12-results.json#test_torchinductor.py::test_unbind,../npu-inductor-213-batches-20261008/batch-12-source-evidence.json#test_torchinductor.py::test_unbind,未另行适配复测,,,,
233,12,test_torchinductor.py,GPUTests,test_conv1d_with_permute,验证输入 permute 后的 Conv1d 组合计算。,基础正确性或边界回归：建议保留；按原输入、dtype、形状和断言验证 NPU，不能仅根据当前失败/跳过删除。,通过,通过,通过,状态不变,在完整 PR #47384（16437be0）上加回 transfer_to_npu.py::_patch_triton_driver() 及 _init() 调用；显式选择 Ascend driver，并替换 triton_helpers.set_driver_to_gpu。,基线已通过,基线环境已通过；采用 PR、再加回 driver patch 后均保持通过，无本轮新增修复。,,"{""passed"": 1}",False,,原测试全部选中实例的 setup/call/teardown 通过；覆盖范围沿用未变更的测试源码。,batch-12-results.json#test_torchinductor.py::test_conv1d_with_permute,../npu-inductor-213-batches-20261008/batch-12-source-evidence.json#test_torchinductor.py::test_conv1d_with_permute,未另行适配复测,,,,
234,12,test_torchinductor.py,GPUTests,test_conv1d_depthwise,验证 groups=768 的 depthwise Conv1d 处理非连续 stride 输入。,基础正确性或边界回归：建议保留；按原输入、dtype、形状和断言验证 NPU，不能仅根据当前失败/跳过删除。,通过,通过,通过,状态不变,在完整 PR #47384（16437be0）上加回 transfer_to_npu.py::_patch_triton_driver() 及 _init() 调用；显式选择 Ascend driver，并替换 triton_helpers.set_driver_to_gpu。,基线已通过,基线环境已通过；采用 PR、再加回 driver patch 后均保持通过，无本轮新增修复。,,"{""passed"": 1}",False,,原测试全部选中实例的 setup/call/teardown 通过；覆盖范围沿用未变更的测试源码。,batch-12-results.json#test_torchinductor.py::test_conv1d_depthwise,../npu-inductor-213-batches-20261008/batch-12-source-evidence.json#test_torchinductor.py::test_conv1d_depthwise,未另行适配复测,,,,
235,12,test_torchinductor.py,GPUTests,test_convolution1,验证 Conv2d+ReLU 的编译数值正确性。,基础正确性或边界回归：建议保留；按原输入、dtype、形状和断言验证 NPU，不能仅根据当前失败/跳过删除。,通过,通过,通过,状态不变,在完整 PR #47384（16437be0）上加回 transfer_to_npu.py::_patch_triton_driver() 及 _init() 调用；显式选择 Ascend driver，并替换 triton_helpers.set_driver_to_gpu。,基线已通过,基线环境已通过；采用 PR、再加回 driver patch 后均保持通过，无本轮新增修复。,,"{""passed"": 1}",False,,原测试全部选中实例的 setup/call/teardown 通过；覆盖范围沿用未变更的测试源码。,batch-12-results.json#test_torchinductor.py::test_convolution1,../npu-inductor-213-batches-20261008/batch-12-source-evidence.json#test_torchinductor.py::test_convolution1,未另行适配复测,,,,
236,12,test_torchinductor.py,GPUTests,test_convolution2,验证 stride=4 的转置 1D convolution 编译正确性。,基础正确性或边界回归：建议保留；按原输入、dtype、形状和断言验证 NPU，不能仅根据当前失败/跳过删除。,通过,通过,通过,状态不变,在完整 PR #47384（16437be0）上加回 transfer_to_npu.py::_patch_triton_driver() 及 _init() 调用；显式选择 Ascend driver，并替换 triton_helpers.set_driver_to_gpu。,基线已通过,基线环境已通过；采用 PR、再加回 driver patch 后均保持通过，无本轮新增修复。,,"{""passed"": 1}",False,,原测试全部选中实例的 setup/call/teardown 通过；覆盖范围沿用未变更的测试源码。,batch-12-results.json#test_torchinductor.py::test_convolution2,../npu-inductor-213-batches-20261008/batch-12-source-evidence.json#test_torchinductor.py::test_convolution2,未另行适配复测,,,,
237,12,test_torchinductor.py,GPUTests,test_convolution3,验证 Conv2d 的 stride/padding/dilation 单元素列表参数及 ReLU 组合。,基础正确性或边界回归：建议保留；按原输入、dtype、形状和断言验证 NPU，不能仅根据当前失败/跳过删除。,通过,通过,通过,状态不变,在完整 PR #47384（16437be0）上加回 transfer_to_npu.py::_patch_triton_driver() 及 _init() 调用；显式选择 Ascend driver，并替换 triton_helpers.set_driver_to_gpu。,基线已通过,基线环境已通过；采用 PR、再加回 driver patch 后均保持通过，无本轮新增修复。,,"{""passed"": 1}",False,,原测试全部选中实例的 setup/call/teardown 通过；覆盖范围沿用未变更的测试源码。,batch-12-results.json#test_torchinductor.py::test_convolution3,../npu-inductor-213-batches-20261008/batch-12-source-evidence.json#test_torchinductor.py::test_convolution3,未另行适配复测,,,,
238,13,test_torchinductor.py,GPUTests,test_convolution4,验证 depthwise Conv2d 后 sum 的组合结果。,基础正确性或边界回归：建议保留；按原输入、dtype、形状和断言验证 NPU，不能仅根据当前失败/跳过删除。,通过,通过,通过,状态不变,在完整 PR #47384（16437be0）上加回 transfer_to_npu.py::_patch_triton_driver() 及 _init() 调用；显式选择 Ascend driver，并替换 triton_helpers.set_driver_to_gpu。,基线已通过,基线环境已通过；采用 PR、再加回 driver patch 后均保持通过，无本轮新增修复。,,"{""passed"": 1}",False,,原测试全部选中实例的 setup/call/teardown 通过；覆盖范围沿用未变更的测试源码。,batch-13-results.json#test_torchinductor.py::test_convolution4,../npu-inductor-213-batches-20261008/batch-13-source-evidence.json#test_torchinductor.py::test_convolution4,未另行适配复测,,,,
239,13,test_torchinductor.py,GPUTests,test_convolution5,验证 convolution 的 dilation 来自输入 batch size 时，动态标注及特化仍保持语义。,基础正确性或边界回归：建议保留；按原输入、dtype、形状和断言验证 NPU，不能仅根据当前失败/跳过删除。,通过,通过,通过,状态不变,在完整 PR #47384（16437be0）上加回 transfer_to_npu.py::_patch_triton_driver() 及 _init() 调用；显式选择 Ascend driver，并替换 triton_helpers.set_driver_to_gpu。,基线已通过,基线环境已通过；采用 PR、再加回 driver patch 后均保持通过，无本轮新增修复。,,"{""passed"": 1}",False,,原测试全部选中实例的 setup/call/teardown 通过；覆盖范围沿用未变更的测试源码。,batch-13-results.json#test_torchinductor.py::test_convolution5,../npu-inductor-213-batches-20261008/batch-13-source-evidence.json#test_torchinductor.py::test_convolution5,未另行适配复测,,,,
240,14,test_unbacked_symints.py,TestUnbackedSymintsNPU,test_equivalent_backed_unbacked,验证 cat 建立 backed/unbacked 维度等价关系后，BMM autotune 和 size hint 处理正确。,基础正确性或边界回归：建议保留；按原输入、dtype、形状和断言验证 NPU，不能仅根据当前失败/跳过删除。,失败,通过,通过,状态不变,在完整 PR #47384（16437be0）上加回 transfer_to_npu.py::_patch_triton_driver() 及 _init() 调用；显式选择 Ascend driver，并替换 triton_helpers.set_driver_to_gpu。,采用 PR 后通过,采用 PR #47384（16437be0）的完整 transfer_to_npu.py；其中将 benchmarking._get_default_gpu_device_type 替换为返回 npu 的函数，消除 CUDA/NPU 重复设备判断。,../npu-inductor-pr47384-20261008/pr-transfer.patch,"{""passed"": 1}",False,,原 benchmark 设备重复计数阻塞消失；cat 统一 backed/unbacked 维度后的 BMM fullgraph 编译与 eager 数值比较通过。,batch-14-results.json#test_unbacked_symints.py::test_equivalent_backed_unbacked,../npu-inductor-213-batches-20261008/batch-14-source-evidence.json#test_unbacked_symints.py::test_equivalent_backed_unbacked,未另行适配复测,,,,
241,14,test_unbacked_symints.py,TestUnbackedSymintsNPU,test_unbacked_linear_layer_norm_input,验证 masked_select 产生的数据依赖长度经 view 后可输入 Linear 和 LayerNorm。,基础正确性或边界回归：建议保留；按原输入、dtype、形状和断言验证 NPU，不能仅根据当前失败/跳过删除。,失败,通过,通过,状态不变,在完整 PR #47384（16437be0）上加回 transfer_to_npu.py::_patch_triton_driver() 及 _init() 调用；显式选择 Ascend driver，并替换 triton_helpers.set_driver_to_gpu。,采用 PR 后通过,采用 PR #47384（16437be0）的完整 transfer_to_npu.py；其中将 benchmarking._get_default_gpu_device_type 替换为返回 npu 的函数，消除 CUDA/NPU 重复设备判断。,../npu-inductor-pr47384-20261008/pr-transfer.patch,"{""passed"": 1}",False,,原 benchmark 设备重复计数阻塞消失；masked_select 产生数据依赖维度后，Linear 和两个 LayerNorm 输出均通过 fullgraph/eager 比较。,batch-14-results.json#test_unbacked_symints.py::test_unbacked_linear_layer_norm_input,../npu-inductor-213-batches-20261008/batch-14-source-evidence.json#test_unbacked_symints.py::test_unbacked_linear_layer_norm_input,未另行适配复测,,,,
242,14,test_unbacked_symints.py,TestUnbackedSymintsNPU,test_triton_kernel_with_unbacked_symint_fallback,验证 benchmark_kernel 开启时，含 unbacked SymInt 的 index_select 正确处理 SizeArg fallback。,kernel benchmark 与 unbacked shape 同时启用时必测；只测普通前向不能覆盖 SizeArg fallback。,失败,失败,失败,状态不变,在完整 PR #47384（16437be0）上加回 transfer_to_npu.py::_patch_triton_driver() 及 _init() 调用；显式选择 Ascend driver，并替换 triton_helpers.set_driver_to_gpu。,尚未全部通过,原用例尚未全部通过，不能将已应用的修改记为修复成功。,restore-driver.patch,"{""failed"": 1}",False,"E                   torch._dynamo.exc.UserError: Could not extract specialized integer from data-dependent expression u0 - 5 (unhinted: u0 - 5).  (Size-like symbols: u0)
E                   Caused by: indices = torch.tensor([1, u0 - 5], device=device)  # PTA_213/pytorch/test/inductor/test_unbacked_symints.py:668 in fn (torch_npu/contrib/transfer_to_npu.py:194 in decorated)
E                   For more information, run with TORCH_LOGS=""dynamic""
E                   For extended logs when we create symbols, also add TORCHDYNAMO_EXTENDED_DEBUG_CREATE_SYMBOL=""u0""
E                   If you suspect the guard was triggered from C++, add TORCHDYNAMO_EXTENDED_DEBUG_CPP=1
E                   For more debugging help, see https://docs.google.com/document/d/1HSuTTVvYH1pTew89Rtpeu84Ht3nQEFTYhAX3Ypa_xJs/edit?usp=sharing
E                   User Stack (most recent call last):
E                     (snipped, see stack below for prefix)",本轮异常签名/跳过原因及实例结果与基线一致：torch.tensor 构造时要求把 nonzero 长度表达式 u0-5 特化为具体整数，触发 GuardOnDataDependentSymNode。,batch-14-results.json#test_unbacked_symints.py::test_triton_kernel_with_unbacked_symint_fallback,../npu-inductor-213-batches-20261008/batch-14-source-evidence.json#test_unbacked_symints.py::test_triton_kernel_with_unbacked_symint_fallback,未另行适配复测,,,,
243,14,test_torchinductor_dynamic_shapes.py,TestInductorDynamicPRIVATEUSE1,test_constant_fold_uniform_value_dynamic,验证动态/静态两模式下 uniform 常量折叠消除加零、乘一等 kernel，并适用于两种 shape。,常量折叠优化回归：建议保留数值及零 kernel 意图；应允许无需生成代码的合法实现。,失败,失败,失败,状态不变,在完整 PR #47384（16437be0）上加回 transfer_to_npu.py::_patch_triton_driver() 及 _init() 调用；显式选择 Ascend driver，并替换 triton_helpers.set_driver_to_gpu。,尚未全部通过,原用例尚未全部通过，不能将已应用的修改记为修复成功。,restore-driver.patch,"{""failed"": 1}",False,E                       IndexError: list index out of range,本轮异常签名/跳过原因及实例结果与基线一致：source_codes=[]，原测试直接访问 source_codes[0] 触发 IndexError。,batch-14-results.json#test_torchinductor_dynamic_shapes.py::test_constant_fold_uniform_value_dynamic,../npu-inductor-213-batches-20261008/batch-14-source-evidence.json#test_torchinductor_dynamic_shapes.py::test_constant_fold_uniform_value_dynamic,未另行适配复测,,,,
244,14,test_torchinductor_dynamic_shapes.py,TestInductorDynamicPRIVATEUSE1,test_sym_sum_unbacked,验证 Tensor.tolist 产生的 unbacked 标量序列可经 Python sum 后构造 Tensor，fullgraph 结果正确。,基础正确性或边界回归：建议保留；按原输入、dtype、形状和断言验证 NPU，不能仅根据当前失败/跳过删除。,失败,失败,失败,状态不变,在完整 PR #47384（16437be0）上加回 transfer_to_npu.py::_patch_triton_driver() 及 _init() 调用；显式选择 Ascend driver，并替换 triton_helpers.set_driver_to_gpu。,尚未全部通过,原用例尚未全部通过，不能将已应用的修改记为修复成功。,restore-driver.patch,"{""failed"": 1}",False,"E                   torch._dynamo.exc.UserError: Could not extract specialized integer from data-dependent expression u0 + u1 + u10 + u11 + u12 + u13 + u14 + u15 + u16 + u17 + u18 + u19 + u2 + u20 + u21 + u22 + u23 + u24 + u25 + u26 + u27 + u28 + u29 + u3 + u30 + u31 + u32 + u33 + u34 + u35 + u36 + u37 + u38 + u39 + u4 + u40 + u41 + u42 + u43 + u44 ...
E                   Caused by: return torch.tensor(y)  # PTA_213/pytorch/test/inductor/test_torchinductor_dynamic_shapes.py:398 in f (torch_npu/contrib/transfer_to_npu.py:194 in decorated)
E                   For more information, run with TORCH_LOGS=""dynamic""
E                   For extended logs when we create symbols, also add TORCHDYNAMO_EXTENDED_DEBUG_CREATE_SYMBOL=""u82,u29,u47,u59,u53,u91,u93,u12,u80,u21,u23,u14,u79,u98,u19,u78,u51,u3,u37,u45,u49,u26,u84,u97,u40,u20,u58,u7,u63,u64,u31,u83,u25,u30,u56,u66,u43,u5,u54,u69,u27,u46,u71,u77,u65,u22,u44,u17,u0,u74,u99,u33,u61,u41,u85,u16,u88,u90,u34,u1,u3 ...
E                   If you suspect the guard was triggered from C++, add TORCHDYNAMO_EXTENDED_DEBUG_CPP=1
E                   For more debugging help, see https://docs.google.com/document/d/1HSuTTVvYH1pTew89Rtpeu84Ht3nQEFTYhAX3Ypa_xJs/edit?usp=sharing
E                   User Stack (most recent call last):
E                     (snipped, see stack below for prefix)",本轮异常签名/跳过原因及实例结果与基线一致：torch.tensor 构造时要求把 100 个 tolist 标量的求和表达式 特化为具体整数，触发 GuardOnDataDependentSymNode。,batch-14-results.json#test_torchinductor_dynamic_shapes.py::test_sym_sum_unbacked,../npu-inductor-213-batches-20261008/batch-14-source-evidence.json#test_torchinductor_dynamic_shapes.py::test_sym_sum_unbacked,未另行适配复测,,,,
245,14,test_torchinductor_dynamic_shapes.py,TestInductorDynamicPRIVATEUSE1,test_float_item_return,验证 fullgraph 捕获 float Tensor.item 并返回 Python 标量；原测试仅检查可执行，临时适配补充值为 3.0 的断言。,标量捕获基础能力：建议保留并补返回值断言；FBCODE 条件不是 NPU 能力判据。,跳过,跳过,跳过,状态不变,在完整 PR #47384（16437be0）上加回 transfer_to_npu.py::_patch_triton_driver() 及 _init() 调用；显式选择 Ascend driver，并替换 triton_helpers.set_driver_to_gpu。,尚未全部通过,原用例尚未全部通过，不能将已应用的修改记为修复成功。,restore-driver.patch,"{""skipped"": 1}",False,,本轮异常签名/跳过原因及实例结果与基线一致：原用例由 skipUnless(IS_FBCODE) 限制；当前环境不是 FBCODE。,batch-14-results.json#test_torchinductor_dynamic_shapes.py::test_float_item_return,../npu-inductor-213-batches-20261008/batch-14-source-evidence.json#test_torchinductor_dynamic_shapes.py::test_float_item_return,通过,"测试副本设置 PYTORCH_TEST_WITH_SLOW=1；@unittest.skipUnless(IS_FBCODE, """") → @unittest.skipUnless(IS_FBCODE or GPU_TYPE == ""npu"", ""Requires FBCODE or NPU"")；f(torch.tensor([3.0], device=device)) → self.assertEqual(f(torch.tensor([3.0], device=device)), 3.0)",采用下列测试适配后，基线即已通过；PR 与本轮 driver patch 均保持通过。,../npu-inductor-213-batches-20261008/skip-validation/manifest.json；restore-driver.patch,skip/case-245.json#test_torchinductor_dynamic_shapes.py::test_float_item_return
246,14,test_torchinductor_dynamic_shapes.py,TestInductorDynamicPRIVATEUSE1,test_magic_method_lowerings_with_symbolic_scalars,验证符号标量的取模、整除、位移、比较、min/max、pow/log2 和浮点常量运算的 lowering。,基础正确性或边界回归：建议保留；按原输入、dtype、形状和断言验证 NPU，不能仅根据当前失败/跳过删除。,失败,失败,失败,状态不变,在完整 PR #47384（16437be0）上加回 transfer_to_npu.py::_patch_triton_driver() 及 _init() 调用；显式选择 Ascend driver，并替换 triton_helpers.set_driver_to_gpu。,尚未全部通过,原用例尚未全部通过，不能将已应用的修改记为修复成功。,restore-driver.patch,"{""failed"": 1}",False,"E           torch._inductor.exc.InductorError: SubprocException: An exception occurred in a subprocess:
E           Name=triton_poi_fused_add_0
E           Traceback (most recent call last):
E             File ""<site-packages>/torch/_inductor/compile_worker/subproc_pool.py"", line 475, in do_job
E               result = job()
E                        ^^^^^
E             File ""<site-packages>/torch/_inductor/runtime/compile_tasks.py"", line 204, in _worker_compile_triton
E               kernel.precompile(warm_cache_only=True)",本组失败实例出现：PR 已使 CudaDriver.is_active() 为 False，但 PyTorch _is_backend_active 又用 torch.cuda.is_available() 兜底；迁移别名返回 True，仍构造 CudaDriver 并因缺少 libcuda.so 失败。,batch-14-results.json#test_torchinductor_dynamic_shapes.py::test_magic_method_lowerings_with_symbolic_scalars,../npu-inductor-213-batches-20261008/batch-14-source-evidence.json#test_torchinductor_dynamic_shapes.py::test_magic_method_lowerings_with_symbolic_scalars,未另行适配复测,,,,
247,14,test_torchinductor_dynamic_shapes.py,TestInductorDynamicPRIVATEUSE1,test_mark_unbacked_slice,验证带特殊 stride 且 mark_unbacked 的输入可在 reduce-overhead/fullgraph 模式下执行 sum；原测试无数值断言。,reduce-overhead 与 unbacked 输入兼容性：支持该组合时保留；建议增加明确数值检查，原测试只是执行冒烟。,失败,失败,失败,状态不变,在完整 PR #47384（16437be0）上加回 transfer_to_npu.py::_patch_triton_driver() 及 _init() 调用；显式选择 Ascend driver，并替换 triton_helpers.set_driver_to_gpu。,尚未全部通过,原用例尚未全部通过，不能将已应用的修改记为修复成功。,restore-driver.patch,"{""failed"": 1}",False,"E       torch._inductor.exc.InductorError: AttributeError: module 'torch._C' has no attribute '_cuda_cudaCachingAllocator_is_enabled'
E       Set TORCHDYNAMO_VERBOSE=1 for the internal stack trace (please do this especially if you're reporting a bug to PyTorch). For even more developer context, set TORCH_LOGS=""+dynamo""",本组失败实例出现：PR 已使 CudaDriver.is_active() 为 False，但 PyTorch _is_backend_active 又用 torch.cuda.is_available() 兜底；迁移别名返回 True，仍构造 CudaDriver 并因缺少 libcuda.so 失败。,batch-14-results.json#test_torchinductor_dynamic_shapes.py::test_mark_unbacked_slice,../npu-inductor-213-batches-20261008/batch-14-source-evidence.json#test_torchinductor_dynamic_shapes.py::test_mark_unbacked_slice,未另行适配复测,,,,
