序号,批次,文件,测试类,用例,测试目的,NPU覆盖建议,基线状态,PR状态,补丁状态,相对PR,本轮验证修改,通过变化类型,通过对应修改,通过修改证据,参数化统计,驱动错误仍存在,失败摘要,原PR结论,日志证据,目的源码证据,适配复测结果,适配测试修改,适配通过对应修改,适配修改证据,适配日志证据,首轮修复结果,第二轮修复结果,累计最新结果,本轮参数化统计,本轮日志证据,本轮修改清单,本轮失败摘要,修复组,是否必要及理由,修复方向,负责模块及位置,评审处置,方案及验收,风险或不修原因,当前阻塞证据,结果采用说明,本轮通过对应修改
1,01,test_static_triton_launcher.py,TestStaticTritonLauncher,test_basic,验证 static launcher 正确打包 Tensor 指针与整数标量，并通过指定 stream 执行加法。,功能启用时必测：NPU 若接入 static/fast launcher，应保留等价参数、资源及开关契约；原 CUDA launcher 接口不直接作为 NPU 基础验收。,失败,失败,失败,状态不变,在完整 PR #47384（16437be0）上加回 transfer_to_npu.py::_patch_triton_driver() 及 _init() 调用；显式选择 Ascend driver，并替换 triton_helpers.set_driver_to_gpu。,尚未全部通过,原用例尚未全部通过，不能将已应用的修改记为修复成功。,../npu-inductor-pr47384-restored-driver-20261009/restore-driver.patch,"{""failed"": 1}",False,"        else:
>           raise KeyError(""Unknown key: '%s'"" % key)
E           KeyError: ""Unknown key: 'cubin'\n\nTo execute this test, run the following from the base repo dir:\n    python test/inductor/test_static_triton_launcher.py TestStaticTritonLauncher.test_basic\n\nThis message can be suppressed by setting PYTORCH_PRINT_REPRO_ON_FAILURE=0""

<site-packages>/triton/compiler/compiler.py:417: KeyError",本轮报告与基线的首错一致：write_cubin_to_tmp 读取 kernel.asm[cubin] 报 KeyError；Ascend 输出 npubin。,../npu-inductor-pr47384-restored-driver-20261009/batch-01-results.json#test_static_triton_launcher.py::TestStaticTritonLauncher::test_basic,../npu-inductor-213-batches-20261008/batch-01-source-evidence.json#TestStaticTritonLauncher.test_basic,未另行适配复测,,,,,未另行复测,未另行复测,失败,,,,,R14,条件需要：启用 NPU static/fast launcher 后必测；当前无需强行运行 CUDA launcher。,其他模块+Inductor,torch/_inductor/runtime/static_triton_launcher.py；torch._C 的 _FastCudaLauncher；triton-ascend runtime/driver 的二进制加载和参数 ABI,未改：需要 NPU launcher 功能设计及 C++ 实现，换 cubin 为 npubin 或删除构造断言均不能满足目标。,需建立 NPU 二进制加载、参数 ABI、模块生命周期、资源限制与 strict/fast 分派；再设计等价 NPU 测试。CUDA-only 项可以精确 skip，但那是范围声明。,换 cubin 为 npubin、删除 fast 构造断言或把预期异常改为不抛出都不是完整修复；不属于少量用例/Inductor 小改。,write_cubin_to_tmp 读取 kernel.asm[cubin] 报 KeyError；Ascend 输出 npubin。,采用本轮完整方法结果；未复测项沿用此前记录。,未另行复测，沿用此前结果及通过对应修改。
2,01,test_static_triton_launcher.py,TestStaticTritonLauncher,test_unsigned_integers,验证 static launcher 的 uint8/16/32/64 标量参数编码和无符号加法结果。,功能启用时必测：NPU 若接入 static/fast launcher，应保留等价参数、资源及开关契约；原 CUDA launcher 接口不直接作为 NPU 基础验收。,失败,失败,失败,状态不变,在完整 PR #47384（16437be0）上加回 transfer_to_npu.py::_patch_triton_driver() 及 _init() 调用；显式选择 Ascend driver，并替换 triton_helpers.set_driver_to_gpu。,尚未全部通过,原用例尚未全部通过，不能将已应用的修改记为修复成功。,../npu-inductor-pr47384-restored-driver-20261009/restore-driver.patch,"{""failed"": 1}",False,"E       RuntimeError: zero_:third_party/op-plugin/op_plugin/ops/opapi/ZerosLikeKernelNpuOpApi.cpp:25 NPU function error: call aclnnInplaceZero failed, error code is 507899
E       [ERROR] 2026-10-09-11:08:43 (PID:<redacted>, Device:0, RankID:-1) ERR00100 PTA call acl api failed
E       [Error]: An internal error occurs in the Driver module.
E               Rectify the fault based on the error information in the ascend log.
E       [PID:<redacted>] 2026-10-09-11:08:43.945.636 AclNN_Parameter_Error(EZ1001): Tensor self not implemented for DT_UINT64, should be in dtype support list [DT_INT8,DT_INT32,DT_INT64,DT_UINT8,DT_FLOAT16,DT_FLOAT,DT_BOOL,DT_DOUBLE,DT_INT16,DT_UINT16,DT_COMPLEX128,DT_COMPLEX64,DT_BFLOAT16,DT_FLOAT8_E5M2,DT_FLOAT8_E4M3FN,DT_HIFLOAT8,DT_FLOAT4_E1M2, ...
E       TraceBack (most recent call last):
E               rtsDeviceGetInfo execution failed, reason=driver error:internal error[FUNC:FuncErrorReason][FILE:error_message_manage.cc][LINE:69]
E               Tensor self not implemented for DT_UINT64, should be in dtype support list [DT_INT8,DT_INT32,DT_INT64,DT_UINT8,DT_FLOAT16,DT_FLOAT,DT_BOOL,DT_DOUBLE,DT_INT16,DT_UINT16,DT_COMPLEX128,DT_COMPLEX64,DT_BFLOAT16,DT_FLOAT8_E5M2,DT_FLOAT8_E4M3FN,DT_HIFLOAT8,DT_FLOAT4_E1M2,DT_FLOAT4_E2M1,].",本轮报告与基线的首错一致：torch.zeros(dtype=uint64) 的 aclnnInplaceZero 拒绝 DT_UINT64；日志同时含 driver 507899，不能仅由错误码扩大归因。,../npu-inductor-pr47384-restored-driver-20261009/batch-01-results.json#test_static_triton_launcher.py::TestStaticTritonLauncher::test_unsigned_integers,../npu-inductor-213-batches-20261008/batch-01-source-evidence.json#TestStaticTritonLauncher.test_unsigned_integers,未另行适配复测,,,,,未另行复测,未另行复测,失败,,,,,R15,条件需要：无符号参数 ABI 在 NPU launcher 启用后必须覆盖。,其他模块,op-plugin zero_/aclnnInplaceZero 的 uint64 支持；torch._C/static_triton_launcher；triton-ascend driver,未改：初始化和 launcher 两层缺口并存；只改初始化无法验证原测试。,可尝试保持 uint64 位宽的 CPU 初始化后搬运以诊断首错；完整用例仍需要 NPU static launcher 能力。,单改 zeros 初始化不能修完整用例；改成 int64 会失去无符号覆盖。,torch.zeros(dtype=uint64) 的 aclnnInplaceZero 拒绝 DT_UINT64；日志同时含 driver 507899，不能仅由错误码扩大归因。,采用本轮完整方法结果；未复测项沿用此前记录。,未另行复测，沿用此前结果及通过对应修改。
3,01,test_static_triton_launcher.py,TestStaticTritonLauncher,test_signed_integers,验证 static launcher 的 int8/16/32/64 标量参数编码和有符号加法结果。,功能启用时必测：NPU 若接入 static/fast launcher，应保留等价参数、资源及开关契约；原 CUDA launcher 接口不直接作为 NPU 基础验收。,失败,失败,失败,状态不变,在完整 PR #47384（16437be0）上加回 transfer_to_npu.py::_patch_triton_driver() 及 _init() 调用；显式选择 Ascend driver，并替换 triton_helpers.set_driver_to_gpu。,尚未全部通过,原用例尚未全部通过，不能将已应用的修改记为修复成功。,../npu-inductor-pr47384-restored-driver-20261009/restore-driver.patch,"{""failed"": 1}",False,"        else:
>           raise KeyError(""Unknown key: '%s'"" % key)
E           KeyError: ""Unknown key: 'cubin'\n\nTo execute this test, run the following from the base repo dir:\n    python test/inductor/test_static_triton_launcher.py TestStaticTritonLauncher.test_signed_integers\n\nThis message can be suppressed by setting PYTORCH_PRINT_REPRO_ON_FAILURE=0""

<site-packages>/triton/compiler/compiler.py:417: KeyError",本轮报告与基线的首错一致：write_cubin_to_tmp 读取 kernel.asm[cubin] 报 KeyError；Ascend 输出 npubin。,../npu-inductor-pr47384-restored-driver-20261009/batch-01-results.json#test_static_triton_launcher.py::TestStaticTritonLauncher::test_signed_integers,../npu-inductor-213-batches-20261008/batch-01-source-evidence.json#TestStaticTritonLauncher.test_signed_integers,未另行适配复测,,,,,未另行复测,未另行复测,失败,,,,,R14,条件需要：启用 NPU static/fast launcher 后必测；当前无需强行运行 CUDA launcher。,其他模块+Inductor,torch/_inductor/runtime/static_triton_launcher.py；torch._C 的 _FastCudaLauncher；triton-ascend runtime/driver 的二进制加载和参数 ABI,未改：需要 NPU launcher 功能设计及 C++ 实现，换 cubin 为 npubin 或删除构造断言均不能满足目标。,需建立 NPU 二进制加载、参数 ABI、模块生命周期、资源限制与 strict/fast 分派；再设计等价 NPU 测试。CUDA-only 项可以精确 skip，但那是范围声明。,换 cubin 为 npubin、删除 fast 构造断言或把预期异常改为不抛出都不是完整修复；不属于少量用例/Inductor 小改。,write_cubin_to_tmp 读取 kernel.asm[cubin] 报 KeyError；Ascend 输出 npubin。,采用本轮完整方法结果；未复测项沿用此前记录。,未另行复测，沿用此前结果及通过对应修改。
4,01,test_static_triton_launcher.py,TestStaticTritonLauncher,test_basic_1arg,验证只有一个 Tensor 参数时的 static launcher 参数签名和 kernel 执行。,功能启用时必测：NPU 若接入 static/fast launcher，应保留等价参数、资源及开关契约；原 CUDA launcher 接口不直接作为 NPU 基础验收。,失败,失败,失败,状态不变,在完整 PR #47384（16437be0）上加回 transfer_to_npu.py::_patch_triton_driver() 及 _init() 调用；显式选择 Ascend driver，并替换 triton_helpers.set_driver_to_gpu。,尚未全部通过,原用例尚未全部通过，不能将已应用的修改记为修复成功。,../npu-inductor-pr47384-restored-driver-20261009/restore-driver.patch,"{""failed"": 1}",False,"        else:
>           raise KeyError(""Unknown key: '%s'"" % key)
E           KeyError: ""Unknown key: 'cubin'\n\nTo execute this test, run the following from the base repo dir:\n    python test/inductor/test_static_triton_launcher.py TestStaticTritonLauncher.test_basic_1arg\n\nThis message can be suppressed by setting PYTORCH_PRINT_REPRO_ON_FAILURE=0""

<site-packages>/triton/compiler/compiler.py:417: KeyError",本轮报告与基线的首错一致：write_cubin_to_tmp 读取 kernel.asm[cubin] 报 KeyError；Ascend 输出 npubin。,../npu-inductor-pr47384-restored-driver-20261009/batch-01-results.json#test_static_triton_launcher.py::TestStaticTritonLauncher::test_basic_1arg,../npu-inductor-213-batches-20261008/batch-01-source-evidence.json#TestStaticTritonLauncher.test_basic_1arg,未另行适配复测,,,,,未另行复测,未另行复测,失败,,,,,R14,条件需要：启用 NPU static/fast launcher 后必测；当前无需强行运行 CUDA launcher。,其他模块+Inductor,torch/_inductor/runtime/static_triton_launcher.py；torch._C 的 _FastCudaLauncher；triton-ascend runtime/driver 的二进制加载和参数 ABI,未改：需要 NPU launcher 功能设计及 C++ 实现，换 cubin 为 npubin 或删除构造断言均不能满足目标。,需建立 NPU 二进制加载、参数 ABI、模块生命周期、资源限制与 strict/fast 分派；再设计等价 NPU 测试。CUDA-only 项可以精确 skip，但那是范围声明。,换 cubin 为 npubin、删除 fast 构造断言或把预期异常改为不抛出都不是完整修复；不属于少量用例/Inductor 小改。,write_cubin_to_tmp 读取 kernel.asm[cubin] 报 KeyError；Ascend 输出 npubin。,采用本轮完整方法结果；未复测项沿用此前记录。,未另行复测，沿用此前结果及通过对应修改。
5,01,test_static_triton_launcher.py,TestStaticTritonLauncher,test_constexpr,验证 constexpr 编入 kernel 后从 launcher 的运行时参数表移除，结果仍正确。,功能启用时必测：NPU 若接入 static/fast launcher，应保留等价参数、资源及开关契约；原 CUDA launcher 接口不直接作为 NPU 基础验收。,失败,失败,失败,状态不变,在完整 PR #47384（16437be0）上加回 transfer_to_npu.py::_patch_triton_driver() 及 _init() 调用；显式选择 Ascend driver，并替换 triton_helpers.set_driver_to_gpu。,尚未全部通过,原用例尚未全部通过，不能将已应用的修改记为修复成功。,../npu-inductor-pr47384-restored-driver-20261009/restore-driver.patch,"{""failed"": 1}",False,"        else:
>           raise KeyError(""Unknown key: '%s'"" % key)
E           KeyError: ""Unknown key: 'cubin'\n\nTo execute this test, run the following from the base repo dir:\n    python test/inductor/test_static_triton_launcher.py TestStaticTritonLauncher.test_constexpr\n\nThis message can be suppressed by setting PYTORCH_PRINT_REPRO_ON_FAILURE=0""

<site-packages>/triton/compiler/compiler.py:417: KeyError",本轮报告与基线的首错一致：write_cubin_to_tmp 读取 kernel.asm[cubin] 报 KeyError；Ascend 输出 npubin。,../npu-inductor-pr47384-restored-driver-20261009/batch-01-results.json#test_static_triton_launcher.py::TestStaticTritonLauncher::test_constexpr,../npu-inductor-213-batches-20261008/batch-01-source-evidence.json#TestStaticTritonLauncher.test_constexpr,未另行适配复测,,,,,未另行复测,未另行复测,失败,,,,,R14,条件需要：启用 NPU static/fast launcher 后必测；当前无需强行运行 CUDA launcher。,其他模块+Inductor,torch/_inductor/runtime/static_triton_launcher.py；torch._C 的 _FastCudaLauncher；triton-ascend runtime/driver 的二进制加载和参数 ABI,未改：需要 NPU launcher 功能设计及 C++ 实现，换 cubin 为 npubin 或删除构造断言均不能满足目标。,需建立 NPU 二进制加载、参数 ABI、模块生命周期、资源限制与 strict/fast 分派；再设计等价 NPU 测试。CUDA-only 项可以精确 skip，但那是范围声明。,换 cubin 为 npubin、删除 fast 构造断言或把预期异常改为不抛出都不是完整修复；不属于少量用例/Inductor 小改。,write_cubin_to_tmp 读取 kernel.asm[cubin] 报 KeyError；Ascend 输出 npubin。,采用本轮完整方法结果；未复测项沿用此前记录。,未另行复测，沿用此前结果及通过对应修改。
6,01,test_static_triton_launcher.py,TestStaticTritonLauncher,test_implied_constant,验证未显式标为 constexpr、但被 kernel 固定的 xnumel 不再需要运行时传参。,功能启用时必测：NPU 若接入 static/fast launcher，应保留等价参数、资源及开关契约；原 CUDA launcher 接口不直接作为 NPU 基础验收。,失败,失败,失败,状态不变,在完整 PR #47384（16437be0）上加回 transfer_to_npu.py::_patch_triton_driver() 及 _init() 调用；显式选择 Ascend driver，并替换 triton_helpers.set_driver_to_gpu。,尚未全部通过,原用例尚未全部通过，不能将已应用的修改记为修复成功。,../npu-inductor-pr47384-restored-driver-20261009/restore-driver.patch,"{""failed"": 1}",False,"E       triton.compiler.errors.CompilationError: at 27:15:
E           rbase = r0_base  # noqa: F841
E           _tmp3 = tl.full([XBLOCK, R0_BLOCK], False, tl.int1)
E           for r0_offset in range(0, r0_numel, R0_BLOCK):
E               r0_index = r0_offset + r0_base
E               r0_mask = r0_index < r0_numel
E               roffset = r0_offset  # noqa: F841
E               rindex = r0_index  # noqa: F841",本轮报告与基线的首错一致：triton_helpers.libdevice.isinf 实际来自 triton.language.extra.libdevice，函数体为 ...，返回 None 后 .to 报错；Ascend get_module_map 返回空字典。,../npu-inductor-pr47384-restored-driver-20261009/batch-01-results.json#test_static_triton_launcher.py::TestStaticTritonLauncher::test_implied_constant,../npu-inductor-213-batches-20261008/batch-01-source-evidence.json#TestStaticTritonLauncher.test_implied_constant,未另行适配复测,,,,,未另行复测,未另行复测,失败,,,,,R16,条件需要：保留常量参数和 Inf 语义；先完成 NPU launcher。,其他模块+用例,triton-ascend/third_party/ascend/backend/compiler.py::get_module_map；test_static_triton_launcher.py；torch._C launcher,未改：另有输入长度 4 与 r0_numel=128 不一致；不以局部 libdevice 替换掩盖多层缺口。,通用 libdevice 到 CANN 的映射需要在 Triton backend 正确接入；同时修正输入长度 4 与 r0_numel=128 不一致，并完成 NPU launcher。,测试显式改用 CANN isinf 只能绕过当前映射问题，后续 launcher 仍阻塞，不列为简单完整修复。,triton_helpers.libdevice.isinf 实际来自 triton.language.extra.libdevice，函数体为 ...，返回 None 后 .to 报错；Ascend get_module_map 返回空字典。,采用本轮完整方法结果；未复测项沿用此前记录。,未另行复测，沿用此前结果及通过对应修改。
7,01,test_static_triton_launcher.py,TestStaticTritonLauncher,test_kernel_no_args,验证零参数 Triton kernel 可以由 static launcher 正常调用。,功能启用时必测：NPU 若接入 static/fast launcher，应保留等价参数、资源及开关契约；原 CUDA launcher 接口不直接作为 NPU 基础验收。,失败,失败,失败,状态不变,在完整 PR #47384（16437be0）上加回 transfer_to_npu.py::_patch_triton_driver() 及 _init() 调用；显式选择 Ascend driver，并替换 triton_helpers.set_driver_to_gpu。,尚未全部通过,原用例尚未全部通过，不能将已应用的修改记为修复成功。,../npu-inductor-pr47384-restored-driver-20261009/restore-driver.patch,"{""failed"": 1}",False,"        else:
>           raise KeyError(""Unknown key: '%s'"" % key)
E           KeyError: ""Unknown key: 'cubin'\n\nTo execute this test, run the following from the base repo dir:\n    python test/inductor/test_static_triton_launcher.py TestStaticTritonLauncher.test_kernel_no_args\n\nThis message can be suppressed by setting PYTORCH_PRINT_REPRO_ON_FAILURE=0""

<site-packages>/triton/compiler/compiler.py:417: KeyError",本轮报告与基线的首错一致：write_cubin_to_tmp 读取 kernel.asm[cubin] 报 KeyError；Ascend 输出 npubin。,../npu-inductor-pr47384-restored-driver-20261009/batch-01-results.json#test_static_triton_launcher.py::TestStaticTritonLauncher::test_kernel_no_args,../npu-inductor-213-batches-20261008/batch-01-source-evidence.json#TestStaticTritonLauncher.test_kernel_no_args,未另行适配复测,,,,,未另行复测,未另行复测,失败,,,,,R14,条件需要：启用 NPU static/fast launcher 后必测；当前无需强行运行 CUDA launcher。,其他模块+Inductor,torch/_inductor/runtime/static_triton_launcher.py；torch._C 的 _FastCudaLauncher；triton-ascend runtime/driver 的二进制加载和参数 ABI,未改：需要 NPU launcher 功能设计及 C++ 实现，换 cubin 为 npubin 或删除构造断言均不能满足目标。,需建立 NPU 二进制加载、参数 ABI、模块生命周期、资源限制与 strict/fast 分派；再设计等价 NPU 测试。CUDA-only 项可以精确 skip，但那是范围声明。,换 cubin 为 npubin、删除 fast 构造断言或把预期异常改为不抛出都不是完整修复；不属于少量用例/Inductor 小改。,write_cubin_to_tmp 读取 kernel.asm[cubin] 报 KeyError；Ascend 输出 npubin。,采用本轮完整方法结果；未复测项沿用此前记录。,未另行复测，沿用此前结果及通过对应修改。
8,01,test_static_triton_launcher.py,TestStaticTritonLauncher,test_high_shared_mem,验证声明约 50 KB shared memory 时 slow-launch 路径能正确配置资源并执行。,CUDA 资源专项：不能直接用 CUDA shared memory 数值/异常验收 NPU；接入 NPU launcher 时应补对应设备资源边界测试。,失败,失败,失败,状态不变,在完整 PR #47384（16437be0）上加回 transfer_to_npu.py::_patch_triton_driver() 及 _init() 调用；显式选择 Ascend driver，并替换 triton_helpers.set_driver_to_gpu。,尚未全部通过,原用例尚未全部通过，不能将已应用的修改记为修复成功。,../npu-inductor-pr47384-restored-driver-20261009/restore-driver.patch,"{""failed"": 1}",False,"        else:
>           raise KeyError(""Unknown key: '%s'"" % key)
E           KeyError: ""Unknown key: 'cubin'\n\nTo execute this test, run the following from the base repo dir:\n    python test/inductor/test_static_triton_launcher.py TestStaticTritonLauncher.test_high_shared_mem\n\nThis message can be suppressed by setting PYTORCH_PRINT_REPRO_ON_FAILURE=0""

<site-packages>/triton/compiler/compiler.py:417: KeyError",本轮报告与基线的首错一致：write_cubin_to_tmp 读取 kernel.asm[cubin] 报 KeyError；Ascend 输出 npubin。,../npu-inductor-pr47384-restored-driver-20261009/batch-01-results.json#test_static_triton_launcher.py::TestStaticTritonLauncher::test_high_shared_mem,../npu-inductor-213-batches-20261008/batch-01-source-evidence.json#TestStaticTritonLauncher.test_high_shared_mem,未另行适配复测,,,,,未另行复测,未另行复测,失败,,,,,R14,条件需要：启用 NPU static/fast launcher 后必测；当前无需强行运行 CUDA launcher。,其他模块+Inductor,torch/_inductor/runtime/static_triton_launcher.py；torch._C 的 _FastCudaLauncher；triton-ascend runtime/driver 的二进制加载和参数 ABI,未改：需要 NPU launcher 功能设计及 C++ 实现，换 cubin 为 npubin 或删除构造断言均不能满足目标。,需建立 NPU 二进制加载、参数 ABI、模块生命周期、资源限制与 strict/fast 分派；再设计等价 NPU 测试。CUDA-only 项可以精确 skip，但那是范围声明。,换 cubin 为 npubin、删除 fast 构造断言或把预期异常改为不抛出都不是完整修复；不属于少量用例/Inductor 小改。,write_cubin_to_tmp 读取 kernel.asm[cubin] 报 KeyError；Ascend 输出 npubin。,采用本轮完整方法结果；未复测项沿用此前记录。,未另行复测，沿用此前结果及通过对应修改。
9,01,test_static_triton_launcher.py,TestStaticTritonLauncher,test_too_high_shared_mem,验证声明超限 shared memory 时构造 launcher 报资源不足异常。,CUDA 资源专项：不能直接用 CUDA shared memory 数值/异常验收 NPU；接入 NPU launcher 时应补对应设备资源边界测试。,失败,失败,失败,状态不变,在完整 PR #47384（16437be0）上加回 transfer_to_npu.py::_patch_triton_driver() 及 _init() 调用；显式选择 Ascend driver，并替换 triton_helpers.set_driver_to_gpu。,尚未全部通过,原用例尚未全部通过，不能将已应用的修改记为修复成功。,../npu-inductor-pr47384-restored-driver-20261009/restore-driver.patch,"{""failed"": 1}",False,"        else:
>           raise KeyError(""Unknown key: '%s'"" % key)
E           KeyError: ""Unknown key: 'cubin'\n\nTo execute this test, run the following from the base repo dir:\n    python test/inductor/test_static_triton_launcher.py TestStaticTritonLauncher.test_too_high_shared_mem\n\nThis message can be suppressed by setting PYTORCH_PRINT_REPRO_ON_FAILURE=0""

<site-packages>/triton/compiler/compiler.py:417: KeyError",本轮报告与基线的首错一致：write_cubin_to_tmp 读取 kernel.asm[cubin] 报 KeyError；Ascend 输出 npubin。,../npu-inductor-pr47384-restored-driver-20261009/batch-01-results.json#test_static_triton_launcher.py::TestStaticTritonLauncher::test_too_high_shared_mem,../npu-inductor-213-batches-20261008/batch-01-source-evidence.json#TestStaticTritonLauncher.test_too_high_shared_mem,未另行适配复测,,,,,未另行复测,未另行复测,失败,,,,,R14,条件需要：启用 NPU static/fast launcher 后必测；当前无需强行运行 CUDA launcher。,其他模块+Inductor,torch/_inductor/runtime/static_triton_launcher.py；torch._C 的 _FastCudaLauncher；triton-ascend runtime/driver 的二进制加载和参数 ABI,未改：需要 NPU launcher 功能设计及 C++ 实现，换 cubin 为 npubin 或删除构造断言均不能满足目标。,需建立 NPU 二进制加载、参数 ABI、模块生命周期、资源限制与 strict/fast 分派；再设计等价 NPU 测试。CUDA-only 项可以精确 skip，但那是范围声明。,换 cubin 为 npubin、删除 fast 构造断言或把预期异常改为不抛出都不是完整修复；不属于少量用例/Inductor 小改。,write_cubin_to_tmp 读取 kernel.asm[cubin] 报 KeyError；Ascend 输出 npubin。,采用本轮完整方法结果；未复测项沿用此前记录。,未另行复测，沿用此前结果及通过对应修改。
10,01,test_static_triton_launcher.py,TestStaticTritonLauncher,test_kernel_empty_tensor,验证含空 Tensor 输入的 cat kernel 在 static launcher 下正确传递指针、尺寸和 mask。,功能启用时必测：NPU 若接入 static/fast launcher，应保留等价参数、资源及开关契约；原 CUDA launcher 接口不直接作为 NPU 基础验收。,失败,失败,失败,状态不变,在完整 PR #47384（16437be0）上加回 transfer_to_npu.py::_patch_triton_driver() 及 _init() 调用；显式选择 Ascend driver，并替换 triton_helpers.set_driver_to_gpu。,尚未全部通过,原用例尚未全部通过，不能将已应用的修改记为修复成功。,../npu-inductor-pr47384-restored-driver-20261009/restore-driver.patch,"{""failed"": 1}",False,"        else:
>           raise KeyError(""Unknown key: '%s'"" % key)
E           KeyError: ""Unknown key: 'cubin'\n\nTo execute this test, run the following from the base repo dir:\n    python test/inductor/test_static_triton_launcher.py TestStaticTritonLauncher.test_kernel_empty_tensor\n\nThis message can be suppressed by setting PYTORCH_PRINT_REPRO_ON_FAILURE=0""

<site-packages>/triton/compiler/compiler.py:417: KeyError",本轮报告与基线的首错一致：write_cubin_to_tmp 读取 kernel.asm[cubin] 报 KeyError；Ascend 输出 npubin。,../npu-inductor-pr47384-restored-driver-20261009/batch-01-results.json#test_static_triton_launcher.py::TestStaticTritonLauncher::test_kernel_empty_tensor,../npu-inductor-213-batches-20261008/batch-01-source-evidence.json#TestStaticTritonLauncher.test_kernel_empty_tensor,未另行适配复测,,,,,未另行复测,未另行复测,失败,,,,,R14,条件需要：启用 NPU static/fast launcher 后必测；当前无需强行运行 CUDA launcher。,其他模块+Inductor,torch/_inductor/runtime/static_triton_launcher.py；torch._C 的 _FastCudaLauncher；triton-ascend runtime/driver 的二进制加载和参数 ABI,未改：需要 NPU launcher 功能设计及 C++ 实现，换 cubin 为 npubin 或删除构造断言均不能满足目标。,需建立 NPU 二进制加载、参数 ABI、模块生命周期、资源限制与 strict/fast 分派；再设计等价 NPU 测试。CUDA-only 项可以精确 skip，但那是范围声明。,换 cubin 为 npubin、删除 fast 构造断言或把预期异常改为不抛出都不是完整修复；不属于少量用例/Inductor 小改。,write_cubin_to_tmp 读取 kernel.asm[cubin] 报 KeyError；Ascend 输出 npubin。,采用本轮完整方法结果；未复测项沿用此前记录。,未另行复测，沿用此前结果及通过对应修改。
11,01,test_static_triton_launcher.py,TestStaticTritonLauncher,test_kernel_many_args,验证 static launcher 能打包 200 个标量参数并得到正确累加结果。,功能启用时必测：NPU 若接入 static/fast launcher，应保留等价参数、资源及开关契约；原 CUDA launcher 接口不直接作为 NPU 基础验收。,失败,失败,失败,状态不变,在完整 PR #47384（16437be0）上加回 transfer_to_npu.py::_patch_triton_driver() 及 _init() 调用；显式选择 Ascend driver，并替换 triton_helpers.set_driver_to_gpu。,尚未全部通过,原用例尚未全部通过，不能将已应用的修改记为修复成功。,../npu-inductor-pr47384-restored-driver-20261009/restore-driver.patch,"{""failed"": 1}",False,"        else:
>           raise KeyError(""Unknown key: '%s'"" % key)
E           KeyError: ""Unknown key: 'cubin'\n\nTo execute this test, run the following from the base repo dir:\n    python test/inductor/test_static_triton_launcher.py TestStaticTritonLauncher.test_kernel_many_args\n\nThis message can be suppressed by setting PYTORCH_PRINT_REPRO_ON_FAILURE=0""

<site-packages>/triton/compiler/compiler.py:417: KeyError",本轮报告与基线的首错一致：write_cubin_to_tmp 读取 kernel.asm[cubin] 报 KeyError；Ascend 输出 npubin。,../npu-inductor-pr47384-restored-driver-20261009/batch-01-results.json#test_static_triton_launcher.py::TestStaticTritonLauncher::test_kernel_many_args,../npu-inductor-213-batches-20261008/batch-01-source-evidence.json#TestStaticTritonLauncher.test_kernel_many_args,未另行适配复测,,,,,未另行复测,未另行复测,失败,,,,,R14,条件需要：启用 NPU static/fast launcher 后必测；当前无需强行运行 CUDA launcher。,其他模块+Inductor,torch/_inductor/runtime/static_triton_launcher.py；torch._C 的 _FastCudaLauncher；triton-ascend runtime/driver 的二进制加载和参数 ABI,未改：需要 NPU launcher 功能设计及 C++ 实现，换 cubin 为 npubin 或删除构造断言均不能满足目标。,需建立 NPU 二进制加载、参数 ABI、模块生命周期、资源限制与 strict/fast 分派；再设计等价 NPU 测试。CUDA-only 项可以精确 skip，但那是范围声明。,换 cubin 为 npubin、删除 fast 构造断言或把预期异常改为不抛出都不是完整修复；不属于少量用例/Inductor 小改。,write_cubin_to_tmp 读取 kernel.asm[cubin] 报 KeyError；Ascend 输出 npubin。,采用本轮完整方法结果；未复测项沿用此前记录。,未另行复测，沿用此前结果及通过对应修改。
14,01,test_static_triton_launcher.py,TestStaticTritonCompileResult,test_incompatible_code,验证严格 static 模式在未允许 user-defined Triton kernel 时按配置契约拒绝编译。,功能启用时必测：NPU 若接入 static/fast launcher，应保留等价参数、资源及开关契约；原 CUDA launcher 接口不直接作为 NPU 基础验收。,失败,失败,失败,状态不变,在完整 PR #47384（16437be0）上加回 transfer_to_npu.py::_patch_triton_driver() 及 _init() 调用；显式选择 Ascend driver，并替换 triton_helpers.set_driver_to_gpu。,尚未全部通过,原用例尚未全部通过，不能将已应用的修改记为修复成功。,../npu-inductor-pr47384-restored-driver-20261009/restore-driver.patch,"{""failed"": 1}",False,E           AssertionError: InductorError not raised by <lambda>,本轮报告与基线的首错一致：原测试要求 strict static 模式拒绝自定义 Triton kernel；实际编译执行未抛 InductorError。,../npu-inductor-pr47384-restored-driver-20261009/batch-01-results.json#test_static_triton_launcher.py::TestStaticTritonCompileResult::test_incompatible_code,../npu-inductor-213-batches-20261008/batch-01-source-evidence.json#TestStaticTritonCompileResult.test_incompatible_code,未另行适配复测,,,,,未另行复测,未另行复测,失败,,,,,R14,条件需要：启用 NPU static/fast launcher 后必测；当前无需强行运行 CUDA launcher。,其他模块+Inductor,torch/_inductor/runtime/static_triton_launcher.py；torch._C 的 _FastCudaLauncher；triton-ascend runtime/driver 的二进制加载和参数 ABI,未改：需要 NPU launcher 功能设计及 C++ 实现，换 cubin 为 npubin 或删除构造断言均不能满足目标。,需建立 NPU 二进制加载、参数 ABI、模块生命周期、资源限制与 strict/fast 分派；再设计等价 NPU 测试。CUDA-only 项可以精确 skip，但那是范围声明。,换 cubin 为 npubin、删除 fast 构造断言或把预期异常改为不抛出都不是完整修复；不属于少量用例/Inductor 小改。,原测试要求 strict static 模式拒绝自定义 Triton kernel；实际编译执行未抛 InductorError。,采用本轮完整方法结果；未复测项沿用此前记录。,未另行复测，沿用此前结果及通过对应修改。
17,01,test_static_triton_launcher.py,TestStaticTritonCompileResult,test_any,验证 static-launch 配置下 float64 的 any/all/isinf 归约，覆盖有无 Inf 的结果。,dtype 能力项：按声明的 fp64 支持范围验收；不支持时需要明确能力/错误契约，不能换 float32 后称原用例已修复。,失败,失败,失败,状态不变,在完整 PR #47384（16437be0）上加回 transfer_to_npu.py::_patch_triton_driver() 及 _init() 调用；显式选择 Ascend driver，并替换 triton_helpers.set_driver_to_gpu。,尚未全部通过,原用例尚未全部通过，不能将已应用的修改记为修复成功。,../npu-inductor-pr47384-restored-driver-20261009/restore-driver.patch,"{""failed"": 1}",False,"E           torch._inductor.exc.InductorError: SubprocException: An exception occurred in a subprocess:
E           Name=triton_per_fused_all_any_isinf_logical_not_0
E           Traceback (most recent call last):
E             File ""<site-packages>/torch/_inductor/compile_worker/subproc_pool.py"", line 475, in do_job
E               result = job()
E                        ^^^^^
E             File ""<site-packages>/torch/_inductor/runtime/compile_tasks.py"", line 204, in _worker_compile_triton
E               kernel.precompile(warm_cache_only=True)",本组失败实例出现：PR 已使 CudaDriver.is_active() 为 False，但 PyTorch _is_backend_active 又用 torch.cuda.is_available() 兜底；迁移别名返回 True，仍构造 CudaDriver 并因缺少 libcuda.so 失败。,../npu-inductor-pr47384-restored-driver-20261009/batch-01-results.json#test_static_triton_launcher.py::TestStaticTritonCompileResult::test_any,../npu-inductor-213-batches-20261008/batch-01-source-evidence.json#TestStaticTritonCompileResult.test_any,未另行适配复测,,,,,未另行复测,未另行复测,失败,,,,,R08,无需在当前不支持 fp64 的 NPU 配置强修原精度目标；受支持 dtype 的相应功能仍需覆盖。,其他模块,triton-ascend CANN libdevice 的 float64 重载及编译器 f64 load/store；op-plugin/ACLLN 的 Trunc 等 Double 支持,未改 dtype、未降低精度：增加 fp32 变体不能算原 fp64 用例修复。保留能力缺口。,17 可增加 float32 的 any/isinf/Inf 变体；131 增加 float32 round 边界变体；210 的 y 是全 1，可使用 float32 验证原动态 shape/gather 流程；224 可参照既有 MPS 分支增加 NPU 的 bf16/fp32/bool 转换变体。,代码改动小但减少/替换 dtype 覆盖；只在目标接受“验证 NPU 已支持类型”时建议采用。不能声称修好了原 fp64 用例；182 的目标就是 float64 linear，不能用此方法修。,恢复 driver 后，完整日志实际为 CANN libdevice.isinf 无 float64 重载（KeyError: triton.language.float64）。,采用本轮完整方法结果；未复测项沿用此前记录。,未另行复测，沿用此前结果及通过对应修改。
19,01,test_static_triton_launcher.py,TestFastCudaLauncher,test_basic,验证 fast launcher 的 Tensor 与标量参数调用路径及加法结果。,功能启用时必测：NPU 若接入 static/fast launcher，应保留等价参数、资源及开关契约；原 CUDA launcher 接口不直接作为 NPU 基础验收。,失败,失败,失败,状态不变,在完整 PR #47384（16437be0）上加回 transfer_to_npu.py::_patch_triton_driver() 及 _init() 调用；显式选择 Ascend driver，并替换 triton_helpers.set_driver_to_gpu。,尚未全部通过,原用例尚未全部通过，不能将已应用的修改记为修复成功。,../npu-inductor-pr47384-restored-driver-20261009/restore-driver.patch,"{""failed"": 1}",False,"        else:
>           raise KeyError(""Unknown key: '%s'"" % key)
E           KeyError: ""Unknown key: 'cubin'\n\nTo execute this test, run the following from the base repo dir:\n    python test/inductor/test_static_triton_launcher.py TestFastCudaLauncher.test_basic\n\nThis message can be suppressed by setting PYTORCH_PRINT_REPRO_ON_FAILURE=0""

<site-packages>/triton/compiler/compiler.py:417: KeyError",本轮报告与基线的首错一致：write_cubin_to_tmp 读取 kernel.asm[cubin] 报 KeyError；Ascend 输出 npubin。,../npu-inductor-pr47384-restored-driver-20261009/batch-01-results.json#test_static_triton_launcher.py::TestFastCudaLauncher::test_basic,../npu-inductor-213-batches-20261008/batch-01-source-evidence.json#TestFastCudaLauncher.test_basic,未另行适配复测,,,,,未另行复测,未另行复测,失败,,,,,R14,条件需要：启用 NPU static/fast launcher 后必测；当前无需强行运行 CUDA launcher。,其他模块+Inductor,torch/_inductor/runtime/static_triton_launcher.py；torch._C 的 _FastCudaLauncher；triton-ascend runtime/driver 的二进制加载和参数 ABI,未改：需要 NPU launcher 功能设计及 C++ 实现，换 cubin 为 npubin 或删除构造断言均不能满足目标。,需建立 NPU 二进制加载、参数 ABI、模块生命周期、资源限制与 strict/fast 分派；再设计等价 NPU 测试。CUDA-only 项可以精确 skip，但那是范围声明。,换 cubin 为 npubin、删除 fast 构造断言或把预期异常改为不抛出都不是完整修复；不属于少量用例/Inductor 小改。,write_cubin_to_tmp 读取 kernel.asm[cubin] 报 KeyError；Ascend 输出 npubin。,采用本轮完整方法结果；未复测项沿用此前记录。,未另行复测，沿用此前结果及通过对应修改。
20,01,test_static_triton_launcher.py,TestFastCudaLauncher,test_multiple_tensor_args,验证 fast launcher 正确传递多个 Tensor 指针参数和独立输出指针。,功能启用时必测：NPU 若接入 static/fast launcher，应保留等价参数、资源及开关契约；原 CUDA launcher 接口不直接作为 NPU 基础验收。,失败,失败,失败,状态不变,在完整 PR #47384（16437be0）上加回 transfer_to_npu.py::_patch_triton_driver() 及 _init() 调用；显式选择 Ascend driver，并替换 triton_helpers.set_driver_to_gpu。,尚未全部通过,原用例尚未全部通过，不能将已应用的修改记为修复成功。,../npu-inductor-pr47384-restored-driver-20261009/restore-driver.patch,"{""failed"": 1}",False,"        else:
>           raise KeyError(""Unknown key: '%s'"" % key)
E           KeyError: ""Unknown key: 'cubin'\n\nTo execute this test, run the following from the base repo dir:\n    python test/inductor/test_static_triton_launcher.py TestFastCudaLauncher.test_multiple_tensor_args\n\nThis message can be suppressed by setting PYTORCH_PRINT_REPRO_ON_FAILURE=0""

<site-packages>/triton/compiler/compiler.py:417: KeyError",本轮报告与基线的首错一致：write_cubin_to_tmp 读取 kernel.asm[cubin] 报 KeyError；Ascend 输出 npubin。,../npu-inductor-pr47384-restored-driver-20261009/batch-01-results.json#test_static_triton_launcher.py::TestFastCudaLauncher::test_multiple_tensor_args,../npu-inductor-213-batches-20261008/batch-01-source-evidence.json#TestFastCudaLauncher.test_multiple_tensor_args,未另行适配复测,,,,,未另行复测,未另行复测,失败,,,,,R14,条件需要：启用 NPU static/fast launcher 后必测；当前无需强行运行 CUDA launcher。,其他模块+Inductor,torch/_inductor/runtime/static_triton_launcher.py；torch._C 的 _FastCudaLauncher；triton-ascend runtime/driver 的二进制加载和参数 ABI,未改：需要 NPU launcher 功能设计及 C++ 实现，换 cubin 为 npubin 或删除构造断言均不能满足目标。,需建立 NPU 二进制加载、参数 ABI、模块生命周期、资源限制与 strict/fast 分派；再设计等价 NPU 测试。CUDA-only 项可以精确 skip，但那是范围声明。,换 cubin 为 npubin、删除 fast 构造断言或把预期异常改为不抛出都不是完整修复；不属于少量用例/Inductor 小改。,write_cubin_to_tmp 读取 kernel.asm[cubin] 报 KeyError；Ascend 输出 npubin。,采用本轮完整方法结果；未复测项沿用此前记录。,未另行复测，沿用此前结果及通过对应修改。
21,01,test_static_triton_launcher.py,TestFastCudaLauncher,test_zero_grid,验证 fast launcher 的零 grid 调用不执行 kernel、不修改目标 Tensor。,功能启用时必测：NPU 若接入 static/fast launcher，应保留等价参数、资源及开关契约；原 CUDA launcher 接口不直接作为 NPU 基础验收。,失败,失败,失败,状态不变,在完整 PR #47384（16437be0）上加回 transfer_to_npu.py::_patch_triton_driver() 及 _init() 调用；显式选择 Ascend driver，并替换 triton_helpers.set_driver_to_gpu。,尚未全部通过,原用例尚未全部通过，不能将已应用的修改记为修复成功。,../npu-inductor-pr47384-restored-driver-20261009/restore-driver.patch,"{""failed"": 1}",False,"        else:
>           raise KeyError(""Unknown key: '%s'"" % key)
E           KeyError: ""Unknown key: 'cubin'\n\nTo execute this test, run the following from the base repo dir:\n    python test/inductor/test_static_triton_launcher.py TestFastCudaLauncher.test_zero_grid\n\nThis message can be suppressed by setting PYTORCH_PRINT_REPRO_ON_FAILURE=0""

<site-packages>/triton/compiler/compiler.py:417: KeyError",本轮报告与基线的首错一致：write_cubin_to_tmp 读取 kernel.asm[cubin] 报 KeyError；Ascend 输出 npubin。,../npu-inductor-pr47384-restored-driver-20261009/batch-01-results.json#test_static_triton_launcher.py::TestFastCudaLauncher::test_zero_grid,../npu-inductor-213-batches-20261008/batch-01-source-evidence.json#TestFastCudaLauncher.test_zero_grid,未另行适配复测,,,,,未另行复测,未另行复测,失败,,,,,R14,条件需要：启用 NPU static/fast launcher 后必测；当前无需强行运行 CUDA launcher。,其他模块+Inductor,torch/_inductor/runtime/static_triton_launcher.py；torch._C 的 _FastCudaLauncher；triton-ascend runtime/driver 的二进制加载和参数 ABI,未改：需要 NPU launcher 功能设计及 C++ 实现，换 cubin 为 npubin 或删除构造断言均不能满足目标。,需建立 NPU 二进制加载、参数 ABI、模块生命周期、资源限制与 strict/fast 分派；再设计等价 NPU 测试。CUDA-only 项可以精确 skip，但那是范围声明。,换 cubin 为 npubin、删除 fast 构造断言或把预期异常改为不抛出都不是完整修复；不属于少量用例/Inductor 小改。,write_cubin_to_tmp 读取 kernel.asm[cubin] 报 KeyError；Ascend 输出 npubin。,采用本轮完整方法结果；未复测项沿用此前记录。,未另行复测，沿用此前结果及通过对应修改。
22,01,test_static_triton_launcher.py,TestFastCudaLauncher,test_wrong_arg_count,验证 fast launcher 对缺失参数报告 RuntimeError，而非错误启动 kernel。,功能启用时必测：NPU 若接入 static/fast launcher，应保留等价参数、资源及开关契约；原 CUDA launcher 接口不直接作为 NPU 基础验收。,失败,失败,失败,状态不变,在完整 PR #47384（16437be0）上加回 transfer_to_npu.py::_patch_triton_driver() 及 _init() 调用；显式选择 Ascend driver，并替换 triton_helpers.set_driver_to_gpu。,尚未全部通过,原用例尚未全部通过，不能将已应用的修改记为修复成功。,../npu-inductor-pr47384-restored-driver-20261009/restore-driver.patch,"{""failed"": 1}",False,"        else:
>           raise KeyError(""Unknown key: '%s'"" % key)
E           KeyError: ""Unknown key: 'cubin'\n\nTo execute this test, run the following from the base repo dir:\n    python test/inductor/test_static_triton_launcher.py TestFastCudaLauncher.test_wrong_arg_count\n\nThis message can be suppressed by setting PYTORCH_PRINT_REPRO_ON_FAILURE=0""

<site-packages>/triton/compiler/compiler.py:417: KeyError",本轮报告与基线的首错一致：write_cubin_to_tmp 读取 kernel.asm[cubin] 报 KeyError；Ascend 输出 npubin。,../npu-inductor-pr47384-restored-driver-20261009/batch-01-results.json#test_static_triton_launcher.py::TestFastCudaLauncher::test_wrong_arg_count,../npu-inductor-213-batches-20261008/batch-01-source-evidence.json#TestFastCudaLauncher.test_wrong_arg_count,未另行适配复测,,,,,未另行复测,未另行复测,失败,,,,,R14,条件需要：启用 NPU static/fast launcher 后必测；当前无需强行运行 CUDA launcher。,其他模块+Inductor,torch/_inductor/runtime/static_triton_launcher.py；torch._C 的 _FastCudaLauncher；triton-ascend runtime/driver 的二进制加载和参数 ABI,未改：需要 NPU launcher 功能设计及 C++ 实现，换 cubin 为 npubin 或删除构造断言均不能满足目标。,需建立 NPU 二进制加载、参数 ABI、模块生命周期、资源限制与 strict/fast 分派；再设计等价 NPU 测试。CUDA-only 项可以精确 skip，但那是范围声明。,换 cubin 为 npubin、删除 fast 构造断言或把预期异常改为不抛出都不是完整修复；不属于少量用例/Inductor 小改。,write_cubin_to_tmp 读取 kernel.asm[cubin] 报 KeyError；Ascend 输出 npubin。,采用本轮完整方法结果；未复测项沿用此前记录。,未另行复测，沿用此前结果及通过对应修改。
23,01,test_static_triton_launcher.py,TestFastCudaLauncher,test_too_many_args_raises_value_error,验证 fast launcher 超过 MAX_ARGS=121 时在构造阶段抛 ValueError，覆盖 130 参数边界。,功能启用时必测：NPU 若接入 static/fast launcher，应保留等价参数、资源及开关契约；原 CUDA launcher 接口不直接作为 NPU 基础验收。,失败,失败,失败,状态不变,在完整 PR #47384（16437be0）上加回 transfer_to_npu.py::_patch_triton_driver() 及 _init() 调用；显式选择 Ascend driver，并替换 triton_helpers.set_driver_to_gpu。,尚未全部通过,原用例尚未全部通过，不能将已应用的修改记为修复成功。,../npu-inductor-pr47384-restored-driver-20261009/restore-driver.patch,"{""failed"": 1}",False,E       ImportError: cannot import name '_FastCudaLauncher' from 'torch._C' (<site-packages>/torch/_C.cpython-311-x86_64-linux-gnu.so),本轮报告与基线的首错一致：from torch._C import _FastCudaLauncher 报 ImportError；当前 torch 为 2.13.0+cpu。,../npu-inductor-pr47384-restored-driver-20261009/batch-01-results.json#test_static_triton_launcher.py::TestFastCudaLauncher::test_too_many_args_raises_value_error,../npu-inductor-213-batches-20261008/batch-01-source-evidence.json#TestFastCudaLauncher.test_too_many_args_raises_value_error,未另行适配复测,,,,,未另行复测,未另行复测,失败,,,,,R14,条件需要：启用 NPU static/fast launcher 后必测；当前无需强行运行 CUDA launcher。,其他模块+Inductor,torch/_inductor/runtime/static_triton_launcher.py；torch._C 的 _FastCudaLauncher；triton-ascend runtime/driver 的二进制加载和参数 ABI,未改：需要 NPU launcher 功能设计及 C++ 实现，换 cubin 为 npubin 或删除构造断言均不能满足目标。,需建立 NPU 二进制加载、参数 ABI、模块生命周期、资源限制与 strict/fast 分派；再设计等价 NPU 测试。CUDA-only 项可以精确 skip，但那是范围声明。,换 cubin 为 npubin、删除 fast 构造断言或把预期异常改为不抛出都不是完整修复；不属于少量用例/Inductor 小改。,from torch._C import _FastCudaLauncher 报 ImportError；当前 torch 为 2.13.0+cpu。,采用本轮完整方法结果；未复测项沿用此前记录。,未另行复测，沿用此前结果及通过对应修改。
24,01,test_static_triton_launcher.py,TestFastCudaLauncherCompileResult,test_basic_compile,验证 torch.compile 加法实际构造 fast launcher，且数值与 eager 一致。,功能启用时必测：NPU 若接入 static/fast launcher，应保留等价参数、资源及开关契约；原 CUDA launcher 接口不直接作为 NPU 基础验收。,失败,失败,失败,状态不变,在完整 PR #47384（16437be0）上加回 transfer_to_npu.py::_patch_triton_driver() 及 _init() 调用；显式选择 Ascend driver，并替换 triton_helpers.set_driver_to_gpu。,尚未全部通过,原用例尚未全部通过，不能将已应用的修改记为修复成功。,../npu-inductor-pr47384-restored-driver-20261009/restore-driver.patch,"{""failed"": 1}",False,E               AssertionError: False is not true : _FastCudaLauncher was not built by any CachingAutotuner,本轮报告与基线的首错一致：数值比较已通过，但 any(results) 为 False：没有构造 _FastCudaLauncher。,../npu-inductor-pr47384-restored-driver-20261009/batch-01-results.json#test_static_triton_launcher.py::TestFastCudaLauncherCompileResult::test_basic_compile,../npu-inductor-213-batches-20261008/batch-01-source-evidence.json#TestFastCudaLauncherCompileResult.test_basic_compile,未另行适配复测,,,,,未另行复测,未另行复测,失败,,,,,R14,条件需要：启用 NPU static/fast launcher 后必测；当前无需强行运行 CUDA launcher。,其他模块+Inductor,torch/_inductor/runtime/static_triton_launcher.py；torch._C 的 _FastCudaLauncher；triton-ascend runtime/driver 的二进制加载和参数 ABI,未改：需要 NPU launcher 功能设计及 C++ 实现，换 cubin 为 npubin 或删除构造断言均不能满足目标。,需建立 NPU 二进制加载、参数 ABI、模块生命周期、资源限制与 strict/fast 分派；再设计等价 NPU 测试。CUDA-only 项可以精确 skip，但那是范围声明。,换 cubin 为 npubin、删除 fast 构造断言或把预期异常改为不抛出都不是完整修复；不属于少量用例/Inductor 小改。,数值比较已通过，但 any(results) 为 False：没有构造 _FastCudaLauncher。,采用本轮完整方法结果；未复测项沿用此前记录。,未另行复测，沿用此前结果及通过对应修改。
27,02,test_lookup_table.py,TestLookupTable,test_successful_lookup_with_template_filtering,验证命中 lookup table 后按 template_id 筛选多种模板配置，并移除仅用于查表的字段。,lookup 功能启用时必测：保留查表、过滤和候选选择契约；未接入 NPU lookup 时不能把原 CUDA 模板断言作为基础算子验收。,失败,失败,失败,状态不变,在完整 PR #47384（16437be0）上加回 transfer_to_npu.py::_patch_triton_driver() 及 _init() 调用；显式选择 Ascend driver，并替换 triton_helpers.set_driver_to_gpu。,尚未全部通过,原用例尚未全部通过，不能将已应用的修改记为修复成功。,../npu-inductor-pr47384-restored-driver-20261009/restore-driver.patch,"{""failed"": 1}",False,"                raise AssertionError(""Result should not be None"")
>           self.assertEqual(len(result[""triton""]), 2)
E           KeyError: 'triton\n\nTo execute this test, run the following from the base repo dir:\n    python test/inductor/test_lookup_table.py TestLookupTable.test_successful_lookup_with_template_filtering\n\nThis message can be suppressed by setting PYTORCH_PRINT_REPRO_ON_FAILURE=0'

test_lookup_table.py:215: KeyError",本轮异常签名/跳过原因及实例结果与基线一致：_get_device_key 对非 cuda 返回 None；NPU 的 make_lookup_key/variants 为 None，查表返回 {}，触发键缺失、数量或应抛 ValueError 的断言。,../npu-inductor-pr47384-restored-driver-20261009/batch-02-results.json#test_lookup_table.py::test_successful_lookup_with_template_filtering,../npu-inductor-213-batches-20261008/batch-02-source-evidence.json#test_lookup_table.py::test_successful_lookup_with_template_filtering,未另行适配复测,,,,,未另行复测,未另行复测,失败,,,,,R17,条件需要：NPU 启用 lookup table 时必须测试命中、优先级、hash 和多模板配置。,Inductor,torch/_inductor/lookup_table/choices.py::_get_device_key；torch_npu/_inductor 的设备 key、模板 UID/config/hash 注册,未改：源码对非 CUDA 返回 None；需要完整 key/模板契约，不能 mock key 或接受空表来消除失败。,需定义稳定 NPU 架构 key、模板 UID/config/hash 契约并接入正向命中路径。,mock _get_device_key 或预填期望结果可变成纯逻辑单测，但不能修好 NPU 查表集成；放宽为空表会删除测试目标。,_get_device_key 对非 cuda 返回 None；NPU 的 make_lookup_key/variants 为 None，查表返回 {}，触发键缺失、数量或应抛 ValueError 的断言。,采用本轮完整方法结果；未复测项沿用此前记录。,未另行复测，沿用此前结果及通过对应修改。
29,02,test_lookup_table.py,TestLookupTable,test_validation_error,验证命中的配置缺少必需 template_id 时报告明确的 ValueError。,lookup 功能启用时必测：保留查表、过滤和候选选择契约；未接入 NPU lookup 时不能把原 CUDA 模板断言作为基础算子验收。,失败,失败,失败,状态不变,在完整 PR #47384（16437be0）上加回 transfer_to_npu.py::_patch_triton_driver() 及 _init() 调用；显式选择 Ascend driver，并替换 triton_helpers.set_driver_to_gpu。,尚未全部通过,原用例尚未全部通过，不能将已应用的修改记为修复成功。,../npu-inductor-pr47384-restored-driver-20261009/restore-driver.patch,"{""failed"": 1}",False,E           AssertionError: ValueError not raised,本轮异常签名/跳过原因及实例结果与基线一致：_get_device_key 对非 cuda 返回 None；NPU 的 make_lookup_key/variants 为 None，查表返回 {}，触发键缺失、数量或应抛 ValueError 的断言。,../npu-inductor-pr47384-restored-driver-20261009/batch-02-results.json#test_lookup_table.py::test_validation_error,../npu-inductor-213-batches-20261008/batch-02-source-evidence.json#test_lookup_table.py::test_validation_error,未另行适配复测,,,,,未另行复测,未另行复测,失败,,,,,R17,条件需要：NPU 启用 lookup table 时必须测试命中、优先级、hash 和多模板配置。,Inductor,torch/_inductor/lookup_table/choices.py::_get_device_key；torch_npu/_inductor 的设备 key、模板 UID/config/hash 注册,未改：源码对非 CUDA 返回 None；需要完整 key/模板契约，不能 mock key 或接受空表来消除失败。,需定义稳定 NPU 架构 key、模板 UID/config/hash 契约并接入正向命中路径。,mock _get_device_key 或预填期望结果可变成纯逻辑单测，但不能修好 NPU 查表集成；放宽为空表会删除测试目标。,_get_device_key 对非 cuda 返回 None；NPU 的 make_lookup_key/variants 为 None，查表返回 {}，触发键缺失、数量或应抛 ValueError 的断言。,采用本轮完整方法结果；未复测项沿用此前记录。,未另行复测，沿用此前结果及通过对应修改。
31,02,test_lookup_table.py,TestLookupTable,test_multiple_calls_work,验证同一 lookup 对象重复查不同模板时结果稳定，不被前次查询修改。,lookup 功能启用时必测：保留查表、过滤和候选选择契约；未接入 NPU lookup 时不能把原 CUDA 模板断言作为基础算子验收。,失败,失败,失败,状态不变,在完整 PR #47384（16437be0）上加回 transfer_to_npu.py::_patch_triton_driver() 及 _init() 调用；显式选择 Ascend driver，并替换 triton_helpers.set_driver_to_gpu。,尚未全部通过,原用例尚未全部通过，不能将已应用的修改记为修复成功。,../npu-inductor-pr47384-restored-driver-20261009/restore-driver.patch,"{""failed"": 1}",False,"                raise AssertionError(""Result2 should not be None"")
>           self.assertEqual(len(result1[""triton""]), 1)
E           KeyError: 'triton\n\nTo execute this test, run the following from the base repo dir:\n    python test/inductor/test_lookup_table.py TestLookupTable.test_multiple_calls_work\n\nThis message can be suppressed by setting PYTORCH_PRINT_REPRO_ON_FAILURE=0'

test_lookup_table.py:303: KeyError",本轮异常签名/跳过原因及实例结果与基线一致：_get_device_key 对非 cuda 返回 None；NPU 的 make_lookup_key/variants 为 None，查表返回 {}，触发键缺失、数量或应抛 ValueError 的断言。,../npu-inductor-pr47384-restored-driver-20261009/batch-02-results.json#test_lookup_table.py::test_multiple_calls_work,../npu-inductor-213-batches-20261008/batch-02-source-evidence.json#test_lookup_table.py::test_multiple_calls_work,未另行适配复测,,,,,未另行复测,未另行复测,失败,,,,,R17,条件需要：NPU 启用 lookup table 时必须测试命中、优先级、hash 和多模板配置。,Inductor,torch/_inductor/lookup_table/choices.py::_get_device_key；torch_npu/_inductor 的设备 key、模板 UID/config/hash 注册,未改：源码对非 CUDA 返回 None；需要完整 key/模板契约，不能 mock key 或接受空表来消除失败。,需定义稳定 NPU 架构 key、模板 UID/config/hash 契约并接入正向命中路径。,mock _get_device_key 或预填期望结果可变成纯逻辑单测，但不能修好 NPU 查表集成；放宽为空表会删除测试目标。,_get_device_key 对非 cuda 返回 None；NPU 的 make_lookup_key/variants 为 None，查表返回 {}，触发键缺失、数量或应抛 ValueError 的断言。,采用本轮完整方法结果；未复测项沿用此前记录。,未另行复测，沿用此前结果及通过对应修改。
32,02,test_lookup_table.py,TestLookupTable,test_batch_lookup_mixed_entries,验证一次查询多个模板时只返回存在的配置，保留各模板参数且排除缺失项。,lookup 功能启用时必测：保留查表、过滤和候选选择契约；未接入 NPU lookup 时不能把原 CUDA 模板断言作为基础算子验收。,失败,失败,失败,状态不变,在完整 PR #47384（16437be0）上加回 transfer_to_npu.py::_patch_triton_driver() 及 _init() 调用；显式选择 Ascend driver，并替换 triton_helpers.set_driver_to_gpu。,尚未全部通过,原用例尚未全部通过，不能将已应用的修改记为修复成功。,../npu-inductor-pr47384-restored-driver-20261009/restore-driver.patch,"{""failed"": 1}",False,E           AssertionError: 'triton' not found in {},本轮异常签名/跳过原因及实例结果与基线一致：_get_device_key 对非 cuda 返回 None；NPU 的 make_lookup_key/variants 为 None，查表返回 {}，触发键缺失、数量或应抛 ValueError 的断言。,../npu-inductor-pr47384-restored-driver-20261009/batch-02-results.json#test_lookup_table.py::test_batch_lookup_mixed_entries,../npu-inductor-213-batches-20261008/batch-02-source-evidence.json#test_lookup_table.py::test_batch_lookup_mixed_entries,未另行适配复测,,,,,未另行复测,未另行复测,失败,,,,,R17,条件需要：NPU 启用 lookup table 时必须测试命中、优先级、hash 和多模板配置。,Inductor,torch/_inductor/lookup_table/choices.py::_get_device_key；torch_npu/_inductor 的设备 key、模板 UID/config/hash 注册,未改：源码对非 CUDA 返回 None；需要完整 key/模板契约，不能 mock key 或接受空表来消除失败。,需定义稳定 NPU 架构 key、模板 UID/config/hash 契约并接入正向命中路径。,mock _get_device_key 或预填期望结果可变成纯逻辑单测，但不能修好 NPU 查表集成；放宽为空表会删除测试目标。,_get_device_key 对非 cuda 返回 None；NPU 的 make_lookup_key/variants 为 None，查表返回 {}，触发键缺失、数量或应抛 ValueError 的断言。,采用本轮完整方法结果；未复测项沿用此前记录。,未另行复测，沿用此前结果及通过对应修改。
33,02,test_lookup_table.py,TestLookupTable,test_template_hash_checking,验证模板源码 hash 匹配、失配及缺省时的保留/过滤规则，并剥离返回配置中的 hash 字段。,lookup 功能启用时必测：保留查表、过滤和候选选择契约；未接入 NPU lookup 时不能把原 CUDA 模板断言作为基础算子验收。,失败,失败,失败,状态不变,在完整 PR #47384（16437be0）上加回 transfer_to_npu.py::_patch_triton_driver() 及 _init() 调用；显式选择 Ascend driver，并替换 triton_helpers.set_driver_to_gpu。,尚未全部通过,原用例尚未全部通过，不能将已应用的修改记为修复成功。,../npu-inductor-pr47384-restored-driver-20261009/restore-driver.patch,"{""failed"": 4, ""passed"": 1}",False,"E               AssertionError: 'triton' not found in {}

E               AssertionError: 'triton' not found in {}

E               AssertionError: 'triton' not found in {}

E               AssertionError: 'triton' not found in {}",本轮异常签名/跳过原因及实例结果与基线一致：_get_device_key 对非 cuda 返回 None；NPU 的 make_lookup_key/variants 为 None，查表返回 {}，触发键缺失、数量或应抛 ValueError 的断言。,../npu-inductor-pr47384-restored-driver-20261009/batch-02-results.json#test_lookup_table.py::test_template_hash_checking,../npu-inductor-213-batches-20261008/batch-02-source-evidence.json#test_lookup_table.py::test_template_hash_checking,未另行适配复测,,,,,未另行复测,未另行复测,失败,,,,,R17,条件需要：NPU 启用 lookup table 时必须测试命中、优先级、hash 和多模板配置。,Inductor,torch/_inductor/lookup_table/choices.py::_get_device_key；torch_npu/_inductor 的设备 key、模板 UID/config/hash 注册,未改：源码对非 CUDA 返回 None；需要完整 key/模板契约，不能 mock key 或接受空表来消除失败。,需定义稳定 NPU 架构 key、模板 UID/config/hash 契约并接入正向命中路径。,mock _get_device_key 或预填期望结果可变成纯逻辑单测，但不能修好 NPU 查表集成；放宽为空表会删除测试目标。,_get_device_key 对非 cuda 返回 None；NPU 的 make_lookup_key/variants 为 None，查表返回 {}，触发键缺失、数量或应抛 ValueError 的断言。,采用本轮完整方法结果；未复测项沿用此前记录。,未另行复测，沿用此前结果及通过对应修改。
34,02,test_lookup_table.py,TestLookupTable,test_template_hash_checking_disabled,验证关闭源码 hash 检查后保留失配配置，同时不向模板执行端传递 hash 字段。,lookup 功能启用时必测：保留查表、过滤和候选选择契约；未接入 NPU lookup 时不能把原 CUDA 模板断言作为基础算子验收。,失败,失败,失败,状态不变,在完整 PR #47384（16437be0）上加回 transfer_to_npu.py::_patch_triton_driver() 及 _init() 调用；显式选择 Ascend driver，并替换 triton_helpers.set_driver_to_gpu。,尚未全部通过,原用例尚未全部通过，不能将已应用的修改记为修复成功。,../npu-inductor-pr47384-restored-driver-20261009/restore-driver.patch,"{""failed"": 1}",False,E           AssertionError: 'triton' not found in {},本轮异常签名/跳过原因及实例结果与基线一致：_get_device_key 对非 cuda 返回 None；NPU 的 make_lookup_key/variants 为 None，查表返回 {}，触发键缺失、数量或应抛 ValueError 的断言。,../npu-inductor-pr47384-restored-driver-20261009/batch-02-results.json#test_lookup_table.py::test_template_hash_checking_disabled,../npu-inductor-213-batches-20261008/batch-02-source-evidence.json#test_lookup_table.py::test_template_hash_checking_disabled,未另行适配复测,,,,,未另行复测,未另行复测,失败,,,,,R17,条件需要：NPU 启用 lookup table 时必须测试命中、优先级、hash 和多模板配置。,Inductor,torch/_inductor/lookup_table/choices.py::_get_device_key；torch_npu/_inductor 的设备 key、模板 UID/config/hash 注册,未改：源码对非 CUDA 返回 None；需要完整 key/模板契约，不能 mock key 或接受空表来消除失败。,需定义稳定 NPU 架构 key、模板 UID/config/hash 契约并接入正向命中路径。,mock _get_device_key 或预填期望结果可变成纯逻辑单测，但不能修好 NPU 查表集成；放宽为空表会删除测试目标。,_get_device_key 对非 cuda 返回 None；NPU 的 make_lookup_key/variants 为 None，查表返回 {}，触发键缺失、数量或应抛 ValueError 的断言。,采用本轮完整方法结果；未复测项沿用此前记录。,未另行复测，沿用此前结果及通过对应修改。
35,02,test_lookup_table.py,TestLookupTable,test_template_hash_mixed_scenarios,验证混合正确、错误和缺省 hash 的配置列表只过滤错误项。,lookup 功能启用时必测：保留查表、过滤和候选选择契约；未接入 NPU lookup 时不能把原 CUDA 模板断言作为基础算子验收。,失败,失败,失败,状态不变,在完整 PR #47384（16437be0）上加回 transfer_to_npu.py::_patch_triton_driver() 及 _init() 调用；显式选择 Ascend driver，并替换 triton_helpers.set_driver_to_gpu。,尚未全部通过,原用例尚未全部通过，不能将已应用的修改记为修复成功。,../npu-inductor-pr47384-restored-driver-20261009/restore-driver.patch,"{""failed"": 1}",False,E           AssertionError: 'triton' not found in {},本轮异常签名/跳过原因及实例结果与基线一致：_get_device_key 对非 cuda 返回 None；NPU 的 make_lookup_key/variants 为 None，查表返回 {}，触发键缺失、数量或应抛 ValueError 的断言。,../npu-inductor-pr47384-restored-driver-20261009/batch-02-results.json#test_lookup_table.py::test_template_hash_mixed_scenarios,../npu-inductor-213-batches-20261008/batch-02-source-evidence.json#test_lookup_table.py::test_template_hash_mixed_scenarios,未另行适配复测,,,,,未另行复测,未另行复测,失败,,,,,R17,条件需要：NPU 启用 lookup table 时必须测试命中、优先级、hash 和多模板配置。,Inductor,torch/_inductor/lookup_table/choices.py::_get_device_key；torch_npu/_inductor 的设备 key、模板 UID/config/hash 注册,未改：源码对非 CUDA 返回 None；需要完整 key/模板契约，不能 mock key 或接受空表来消除失败。,需定义稳定 NPU 架构 key、模板 UID/config/hash 契约并接入正向命中路径。,mock _get_device_key 或预填期望结果可变成纯逻辑单测，但不能修好 NPU 查表集成；放宽为空表会删除测试目标。,_get_device_key 对非 cuda 返回 None；NPU 的 make_lookup_key/variants 为 None，查表返回 {}，触发键缺失、数量或应抛 ValueError 的断言。,采用本轮完整方法结果；未复测项沿用此前记录。,未另行复测，沿用此前结果及通过对应修改。
36,02,test_lookup_table.py,TestLookupTable,test_hash_checking_disabled_edge_cases,验证关闭 hash 检查后，畸形字符串、数字、空值和缺省字段均不会错误过滤合法配置。,lookup 功能启用时必测：保留查表、过滤和候选选择契约；未接入 NPU lookup 时不能把原 CUDA 模板断言作为基础算子验收。,失败,失败,失败,状态不变,在完整 PR #47384（16437be0）上加回 transfer_to_npu.py::_patch_triton_driver() 及 _init() 调用；显式选择 Ascend driver，并替换 triton_helpers.set_driver_to_gpu。,尚未全部通过,原用例尚未全部通过，不能将已应用的修改记为修复成功。,../npu-inductor-pr47384-restored-driver-20261009/restore-driver.patch,"{""failed"": 4}",False,"E           AssertionError: 'triton' not found in {} : Should have triton result for missing hash field

E           AssertionError: 'triton' not found in {} : Should have triton result for non-string hash

E           AssertionError: 'triton' not found in {} : Should have triton result for empty string hash

E           AssertionError: 'triton' not found in {} : Should have triton result for malformed hash",本轮异常签名/跳过原因及实例结果与基线一致：_get_device_key 对非 cuda 返回 None；NPU 的 make_lookup_key/variants 为 None，查表返回 {}，触发键缺失、数量或应抛 ValueError 的断言。,../npu-inductor-pr47384-restored-driver-20261009/batch-02-results.json#test_lookup_table.py::test_hash_checking_disabled_edge_cases,../npu-inductor-213-batches-20261008/batch-02-source-evidence.json#test_lookup_table.py::test_hash_checking_disabled_edge_cases,未另行适配复测,,,,,未另行复测,未另行复测,失败,,,,,R17,条件需要：NPU 启用 lookup table 时必须测试命中、优先级、hash 和多模板配置。,Inductor,torch/_inductor/lookup_table/choices.py::_get_device_key；torch_npu/_inductor 的设备 key、模板 UID/config/hash 注册,未改：源码对非 CUDA 返回 None；需要完整 key/模板契约，不能 mock key 或接受空表来消除失败。,需定义稳定 NPU 架构 key、模板 UID/config/hash 契约并接入正向命中路径。,mock _get_device_key 或预填期望结果可变成纯逻辑单测，但不能修好 NPU 查表集成；放宽为空表会删除测试目标。,_get_device_key 对非 cuda 返回 None；NPU 的 make_lookup_key/variants 为 None，查表返回 {}，触发键缺失、数量或应抛 ValueError 的断言。,采用本轮完整方法结果；未复测项沿用此前记录。,未另行复测，沿用此前结果及通过对应修改。
37,02,test_lookup_table.py,TestLookupTable,test_device_key_lookup_scenarios,验证设备专用 key 与通用 key 在设备相同/不同情况下的命中规则。,lookup 功能启用时必测：保留查表、过滤和候选选择契约；未接入 NPU lookup 时不能把原 CUDA 模板断言作为基础算子验收。,失败,失败,失败,状态不变,在完整 PR #47384（16437be0）上加回 transfer_to_npu.py::_patch_triton_driver() 及 _init() 调用；显式选择 Ascend driver，并替换 triton_helpers.set_driver_to_gpu。,尚未全部通过,原用例尚未全部通过，不能将已应用的修改记为修复成功。,../npu-inductor-pr47384-restored-driver-20261009/restore-driver.patch,"{""failed"": 3, ""passed"": 1}",False,"E           AssertionError: 'triton' not found in {} : Should have triton result when found

E           AssertionError: 'triton' not found in {} : Should have triton result when found

E           AssertionError: 'triton' not found in {} : Should have triton result when found",本轮异常签名/跳过原因及实例结果与基线一致：_get_device_key 对非 cuda 返回 None；NPU 的 make_lookup_key/variants 为 None，查表返回 {}，触发键缺失、数量或应抛 ValueError 的断言。,../npu-inductor-pr47384-restored-driver-20261009/batch-02-results.json#test_lookup_table.py::test_device_key_lookup_scenarios,../npu-inductor-213-batches-20261008/batch-02-source-evidence.json#test_lookup_table.py::test_device_key_lookup_scenarios,未另行适配复测,,,,,未另行复测,未另行复测,失败,,,,,R17,条件需要：NPU 启用 lookup table 时必须测试命中、优先级、hash 和多模板配置。,Inductor,torch/_inductor/lookup_table/choices.py::_get_device_key；torch_npu/_inductor 的设备 key、模板 UID/config/hash 注册,未改：源码对非 CUDA 返回 None；需要完整 key/模板契约，不能 mock key 或接受空表来消除失败。,需定义稳定 NPU 架构 key、模板 UID/config/hash 契约并接入正向命中路径。,mock _get_device_key 或预填期望结果可变成纯逻辑单测，但不能修好 NPU 查表集成；放宽为空表会删除测试目标。,_get_device_key 对非 cuda 返回 None；NPU 的 make_lookup_key/variants 为 None，查表返回 {}，触发键缺失、数量或应抛 ValueError 的断言。,采用本轮完整方法结果；未复测项沿用此前记录。,未另行复测，沿用此前结果及通过对应修改。
38,02,test_lookup_table.py,TestLookupTable,test_device_key_priority,验证同一算子同时有设备专用和通用配置时，优先采用设备专用配置。,lookup 功能启用时必测：保留查表、过滤和候选选择契约；未接入 NPU lookup 时不能把原 CUDA 模板断言作为基础算子验收。,失败,失败,失败,状态不变,在完整 PR #47384（16437be0）上加回 transfer_to_npu.py::_patch_triton_driver() 及 _init() 调用；显式选择 Ascend driver，并替换 triton_helpers.set_driver_to_gpu。,尚未全部通过,原用例尚未全部通过，不能将已应用的修改记为修复成功。,../npu-inductor-pr47384-restored-driver-20261009/restore-driver.patch,"{""failed"": 1}",False,E           AssertionError: 'triton' not found in {},本轮异常签名/跳过原因及实例结果与基线一致：_get_device_key 对非 cuda 返回 None；NPU 的 make_lookup_key/variants 为 None，查表返回 {}，触发键缺失、数量或应抛 ValueError 的断言。,../npu-inductor-pr47384-restored-driver-20261009/batch-02-results.json#test_lookup_table.py::test_device_key_priority,../npu-inductor-213-batches-20261008/batch-02-source-evidence.json#test_lookup_table.py::test_device_key_priority,未另行适配复测,,,,,未另行复测,未另行复测,失败,,,,,R17,条件需要：NPU 启用 lookup table 时必须测试命中、优先级、hash 和多模板配置。,Inductor,torch/_inductor/lookup_table/choices.py::_get_device_key；torch_npu/_inductor 的设备 key、模板 UID/config/hash 注册,未改：源码对非 CUDA 返回 None；需要完整 key/模板契约，不能 mock key 或接受空表来消除失败。,需定义稳定 NPU 架构 key、模板 UID/config/hash 契约并接入正向命中路径。,mock _get_device_key 或预填期望结果可变成纯逻辑单测，但不能修好 NPU 查表集成；放宽为空表会删除测试目标。,_get_device_key 对非 cuda 返回 None；NPU 的 make_lookup_key/variants 为 None，查表返回 {}，触发键缺失、数量或应抛 ValueError 的断言。,采用本轮完整方法结果；未复测项沿用此前记录。,未另行复测，沿用此前结果及通过对应修改。
39,02,test_lookup_table.py,TestLookupTable,test_make_lookup_key_variants,验证生成的设备专用/通用 lookup key 均为字符串，且正确包含输入和设备标识。,lookup 功能启用时必测：保留查表、过滤和候选选择契约；未接入 NPU lookup 时不能把原 CUDA 模板断言作为基础算子验收。,失败,失败,失败,状态不变,在完整 PR #47384（16437be0）上加回 transfer_to_npu.py::_patch_triton_driver() 及 _init() 调用；显式选择 Ascend driver，并替换 triton_helpers.set_driver_to_gpu。,尚未全部通过,原用例尚未全部通过，不能将已应用的修改记为修复成功。,../npu-inductor-pr47384-restored-driver-20261009/restore-driver.patch,"{""failed"": 1}",False,E       AssertionError: None is not an instance of <class 'str'>,本轮异常签名/跳过原因及实例结果与基线一致：_get_device_key 对非 cuda 返回 None；NPU 的 make_lookup_key/variants 为 None，查表返回 {}，触发键缺失、数量或应抛 ValueError 的断言。,../npu-inductor-pr47384-restored-driver-20261009/batch-02-results.json#test_lookup_table.py::test_make_lookup_key_variants,../npu-inductor-213-batches-20261008/batch-02-source-evidence.json#test_lookup_table.py::test_make_lookup_key_variants,未另行适配复测,,,,,未另行复测,未另行复测,失败,,,,,R17,条件需要：NPU 启用 lookup table 时必须测试命中、优先级、hash 和多模板配置。,Inductor,torch/_inductor/lookup_table/choices.py::_get_device_key；torch_npu/_inductor 的设备 key、模板 UID/config/hash 注册,未改：源码对非 CUDA 返回 None；需要完整 key/模板契约，不能 mock key 或接受空表来消除失败。,需定义稳定 NPU 架构 key、模板 UID/config/hash 契约并接入正向命中路径。,mock _get_device_key 或预填期望结果可变成纯逻辑单测，但不能修好 NPU 查表集成；放宽为空表会删除测试目标。,_get_device_key 对非 cuda 返回 None；NPU 的 make_lookup_key/variants 为 None，查表返回 {}，触发键缺失、数量或应抛 ValueError 的断言。,采用本轮完整方法结果；未复测项沿用此前记录。,未另行复测，沿用此前结果及通过对应修改。
42,02,test_lookup_table.py,TestLookupTableE2E,test_tma_lookup_table_entry,验证具备 TMA 能力时 mm/addmm 的 persistent TMA 模板查表、候选数和结果。,CUDA TMA 专项：保留真实能力条件；NPU 等价查表功能应使用 NPU 模板覆盖，不能仅删除 skip。,跳过,跳过,跳过,状态不变,在完整 PR #47384（16437be0）上加回 transfer_to_npu.py::_patch_triton_driver() 及 _init() 调用；显式选择 Ascend driver，并替换 triton_helpers.set_driver_to_gpu。,尚未全部通过,原用例尚未全部通过，不能将已应用的修改记为修复成功。,../npu-inductor-pr47384-restored-driver-20261009/restore-driver.patch,"{""skipped"": 2}",False,,"本轮异常签名/跳过原因及实例结果与基线一致：@skipIf(not has_triton_tma_device(), ""Need TMA support"") 跳过。",../npu-inductor-pr47384-restored-driver-20261009/batch-02-results.json#test_lookup_table.py::test_tma_lookup_table_entry,../npu-inductor-213-batches-20261008/batch-02-source-evidence.json#test_lookup_table.py::test_tma_lookup_table_entry,跳过,测试副本设置 PYTORCH_TEST_WITH_SLOW=1；保留原测试及真实 TMA/CUTLASS 条件，未伪造能力或强制解除 skip。,适配复测仍未通过；下列适配条件不代表修复成功。,../npu-inductor-213-batches-20261008/skip-validation/manifest.json；../npu-inductor-pr47384-restored-driver-20261009/restore-driver.patch,../npu-inductor-pr47384-restored-driver-20261009/skip/case-42.json#test_lookup_table.py::test_tma_lookup_table_entry,未另行复测,未另行复测,跳过,,,,,S08,原 CUDA TMA 项当前无需移植；通用多配置/混合模板目标在 NPU lookup 接入后需要等价测试。,其他模块+Inductor,triton-ascend 的 TMA/模板能力；torch/_inductor/lookup_table/choices.py；torch_npu/_inductor 模板注册,保留 skip：NPU capability 兼容值不代表 CUDA TMA；还缺少 NPU lookup key，不能仅删 skip。,42 保留原 TMA 能力条件。45/46 的通用多配置/混合模板意图可在 NPU lookup 接入后新增原生模板变体，但必须真实命中 key、模板 UID 和所需候选数量。,当前还有 R17 的 NPU lookup 接入缺口，尚非简单解除跳过。TORCH_NPU_DEVICE_CAPABILITY 的兼容数值不代表 CUDA TMA 能力，不能改为 9.0 或让 has_triton_tma_device 恒真。,"@skipIf(not has_triton_tma_device(), ""Need TMA support"") 跳过。",采用本轮完整方法结果；未复测项沿用此前记录。,未另行复测，沿用此前结果及通过对应修改。
44,02,test_lookup_table.py,TestLookupTableE2E,test_bias_addmm_lookup_table_entry,验证 stride=0 的广播 bias 匹配 bias_addmm 配置时，ATEN 候选路径正确执行。,lookup 功能启用时必测：保留查表、过滤和候选选择契约；未接入 NPU lookup 时不能把原 CUDA 模板断言作为基础算子验收。,失败,失败,失败,状态不变,在完整 PR #47384（16437be0）上加回 transfer_to_npu.py::_patch_triton_driver() 及 _init() 调用；显式选择 Ascend driver，并替换 triton_helpers.set_driver_to_gpu。,尚未全部通过,原用例尚未全部通过，不能将已应用的修改记为修复成功。,../npu-inductor-pr47384-restored-driver-20261009/restore-driver.patch,"{""failed"": 1}",False,"E       torch._inductor.exc.InductorError: AttributeError: module 'torch._C' has no attribute '_cuda_cudaCachingAllocator_is_enabled'
E       Set TORCHDYNAMO_VERBOSE=1 for the internal stack trace (please do this especially if you're reporting a bug to PyTorch). For even more developer context, set TORCH_LOGS=""+dynamo""",本轮异常签名/跳过原因及实例结果与基线一致：mode=max-autotune 开启图捕获路径；check_caching_allocator_for_cudagraphs 调用 torch._C._cuda_cudaCachingAllocator_is_enabled，CPU torch 构建无该符号。,../npu-inductor-pr47384-restored-driver-20261009/batch-02-results.json#test_lookup_table.py::test_bias_addmm_lookup_table_entry,../npu-inductor-213-batches-20261008/batch-02-source-evidence.json#test_lookup_table.py::test_bias_addmm_lookup_table_entry,未另行适配复测,,,,,未另行复测,未另行复测,失败,,,,,R18,需要：若支持 max-autotune/reduce-overhead 模式，应保留图捕获和动态行为契约。,其他模块+Inductor,torch/_inductor/cudagraph_utils.py；torch_npu NPU graph/allocator runtime；transfer_to_npu 的 CUDA API 迁移,未改：缺少 CUDA allocator 符号是接口误用；需真实 NPU capture/replay 集成，返回 True 或关闭图捕获不是修复。,按真实后端接入 allocator 和图捕获能力检查；需要 NPU 等价 capture/replay 契约。,"getattr(..., lambda: True)、关闭 cudagraphs、改 compile mode 只能避开目标，不作为简单功能修复。",mode=max-autotune 开启图捕获路径；check_caching_allocator_for_cudagraphs 调用 torch._C._cuda_cudaCachingAllocator_is_enabled，CPU torch 构建无该符号。,采用本轮完整方法结果；未复测项沿用此前记录。,未另行复测，沿用此前结果及通过对应修改。
45,02,test_lookup_table.py,TestLookupTableE2E,test_multiple_configs_same_template,验证同一 persistent TMA 模板的两组配置均作为候选参与选择并正确计算。,CUDA TMA 专项：保留真实能力条件；NPU 等价查表功能应使用 NPU 模板覆盖，不能仅删除 skip。,跳过,跳过,跳过,状态不变,在完整 PR #47384（16437be0）上加回 transfer_to_npu.py::_patch_triton_driver() 及 _init() 调用；显式选择 Ascend driver，并替换 triton_helpers.set_driver_to_gpu。,尚未全部通过,原用例尚未全部通过，不能将已应用的修改记为修复成功。,../npu-inductor-pr47384-restored-driver-20261009/restore-driver.patch,"{""skipped"": 1}",False,,"本轮异常签名/跳过原因及实例结果与基线一致：@skipIf(not has_triton_tma_device(), ""Need TMA support"") 跳过。",../npu-inductor-pr47384-restored-driver-20261009/batch-02-results.json#test_lookup_table.py::test_multiple_configs_same_template,../npu-inductor-213-batches-20261008/batch-02-source-evidence.json#test_lookup_table.py::test_multiple_configs_same_template,跳过,测试副本设置 PYTORCH_TEST_WITH_SLOW=1；保留原测试及真实 TMA/CUTLASS 条件，未伪造能力或强制解除 skip。,适配复测仍未通过；下列适配条件不代表修复成功。,../npu-inductor-213-batches-20261008/skip-validation/manifest.json；../npu-inductor-pr47384-restored-driver-20261009/restore-driver.patch,../npu-inductor-pr47384-restored-driver-20261009/skip/case-45.json#test_lookup_table.py::test_multiple_configs_same_template,未另行复测,未另行复测,跳过,,,,,S08,原 CUDA TMA 项当前无需移植；通用多配置/混合模板目标在 NPU lookup 接入后需要等价测试。,其他模块+Inductor,triton-ascend 的 TMA/模板能力；torch/_inductor/lookup_table/choices.py；torch_npu/_inductor 模板注册,保留 skip：NPU capability 兼容值不代表 CUDA TMA；还缺少 NPU lookup key，不能仅删 skip。,42 保留原 TMA 能力条件。45/46 的通用多配置/混合模板意图可在 NPU lookup 接入后新增原生模板变体，但必须真实命中 key、模板 UID 和所需候选数量。,当前还有 R17 的 NPU lookup 接入缺口，尚非简单解除跳过。TORCH_NPU_DEVICE_CAPABILITY 的兼容数值不代表 CUDA TMA 能力，不能改为 9.0 或让 has_triton_tma_device 恒真。,"@skipIf(not has_triton_tma_device(), ""Need TMA support"") 跳过。",采用本轮完整方法结果；未复测项沿用此前记录。,未另行复测，沿用此前结果及通过对应修改。
46,02,test_lookup_table.py,TestLookupTableE2E,test_mixed_template_configs,验证普通 Triton 与 persistent TMA 两类模板配置可共同参与候选选择。,CUDA TMA 专项：保留真实能力条件；NPU 等价查表功能应使用 NPU 模板覆盖，不能仅删除 skip。,跳过,跳过,跳过,状态不变,在完整 PR #47384（16437be0）上加回 transfer_to_npu.py::_patch_triton_driver() 及 _init() 调用；显式选择 Ascend driver，并替换 triton_helpers.set_driver_to_gpu。,尚未全部通过,原用例尚未全部通过，不能将已应用的修改记为修复成功。,../npu-inductor-pr47384-restored-driver-20261009/restore-driver.patch,"{""skipped"": 1}",False,,"本轮异常签名/跳过原因及实例结果与基线一致：@skipIf(not has_triton_tma_device(), ""Need TMA support"") 跳过。",../npu-inductor-pr47384-restored-driver-20261009/batch-02-results.json#test_lookup_table.py::test_mixed_template_configs,../npu-inductor-213-batches-20261008/batch-02-source-evidence.json#test_lookup_table.py::test_mixed_template_configs,跳过,测试副本设置 PYTORCH_TEST_WITH_SLOW=1；保留原测试及真实 TMA/CUTLASS 条件，未伪造能力或强制解除 skip。,适配复测仍未通过；下列适配条件不代表修复成功。,../npu-inductor-213-batches-20261008/skip-validation/manifest.json；../npu-inductor-pr47384-restored-driver-20261009/restore-driver.patch,../npu-inductor-pr47384-restored-driver-20261009/skip/case-46.json#test_lookup_table.py::test_mixed_template_configs,未另行复测,未另行复测,跳过,,,,,S08,原 CUDA TMA 项当前无需移植；通用多配置/混合模板目标在 NPU lookup 接入后需要等价测试。,其他模块+Inductor,triton-ascend 的 TMA/模板能力；torch/_inductor/lookup_table/choices.py；torch_npu/_inductor 模板注册,保留 skip：NPU capability 兼容值不代表 CUDA TMA；还缺少 NPU lookup key，不能仅删 skip。,42 保留原 TMA 能力条件。45/46 的通用多配置/混合模板意图可在 NPU lookup 接入后新增原生模板变体，但必须真实命中 key、模板 UID 和所需候选数量。,当前还有 R17 的 NPU lookup 接入缺口，尚非简单解除跳过。TORCH_NPU_DEVICE_CAPABILITY 的兼容数值不代表 CUDA TMA 能力，不能改为 9.0 或让 has_triton_tma_device 恒真。,"@skipIf(not has_triton_tma_device(), ""Need TMA support"") 跳过。",采用本轮完整方法结果；未复测项沿用此前记录。,未另行复测，沿用此前结果及通过对应修改。
48,03,test_utils.py,TestUtilsCUDA,test_flops_fx,验证 FX 节点形式及 OpOverload 形式的支持算子能估算 FLOPs，不支持的逐元素算子返回无估算。,性能估算工具：NPU 使用 FLOPs/TFLOPs 估算做调度或分析时需适配；不属于数值 kernel 必测项。,失败,失败,失败,状态不变,在完整 PR #47384（16437be0）上加回 transfer_to_npu.py::_patch_triton_driver() 及 _init() 调用；显式选择 Ascend driver，并替换 triton_helpers.set_driver_to_gpu。,尚未全部通过,原用例尚未全部通过，不能将已应用的修改记为修复成功。,../npu-inductor-pr47384-restored-driver-20261009/restore-driver.patch,"{""failed"": 1}",False,E           AttributeError: module 'torch._C' has no attribute '_cuda_setStream',本轮异常签名/跳过原因及实例结果与基线一致：TestUtilsCUDA 包装器进入 CudaNonDefaultStream.__enter__，直接调用缺失的 torch._C._cuda_setStream。,../npu-inductor-pr47384-restored-driver-20261009/batch-03-results.json#test_utils.py::test_flops_fx,../npu-inductor-213-batches-20261008/batch-03-source-evidence.json#test_utils.py::test_flops_fx,未另行适配复测,,,,,失败,未另行复测,失败,"{""failed"": 1}",first/case-48.json,first/changes.json,"E           ValueError: not enough values to unpack (expected 2, got 1)",R06,需要：FLOPs 计数是主机 FakeTensor 逻辑，不应要求 CUDA stream。,用例→其他模块,op-plugin/op_plugin/python/meta/_meta_registrations.py::convolution_meta；test_utils.py::TestFlopsHost,"测试类适配已执行；当前 1D _convolution 的 stride=[1] 被解包为 stride_h,stride_w，ValueError。原 1D 计数覆盖保留，需 op-plugin Meta 修复。",将该不使用 self.device 的方法移到不做设备实例化的 TestCase，保留方法体中的 FakeTensor 和 count_flops_fx 断言。避免 CUDA 类自动启用 CudaNonDefaultStream。,这是主机端 FX 元数据单测的归类修复，不是 NPU 流或峰值性能测试通过。49 不能同样推断可修。,"测试类适配已执行；当前 1D _convolution 的 stride=[1] 被解包为 stride_h,stride_w，ValueError。原 1D 计数覆盖保留，需 op-plugin Meta 修复。",采用本轮完整方法结果；未复测项沿用此前记录。,本轮未完全通过；实际应用补丁不等于已修复，详见最新阻塞与日志。
49,03,test_utils.py,TestUtilsCUDA,test_get_device_tflops,验证按 float16/bfloat16/float32 查询设备理论 TFLOPs 的工具接口返回浮点数。,性能估算工具：NPU 使用 FLOPs/TFLOPs 估算做调度或分析时需适配；不属于数值 kernel 必测项。,失败,失败,失败,状态不变,在完整 PR #47384（16437be0）上加回 transfer_to_npu.py::_patch_triton_driver() 及 _init() 调用；显式选择 Ascend driver，并替换 triton_helpers.set_driver_to_gpu。,尚未全部通过,原用例尚未全部通过，不能将已应用的修改记为修复成功。,../npu-inductor-pr47384-restored-driver-20261009/restore-driver.patch,"{""failed"": 3}",False,"E           AttributeError: module 'torch._C' has no attribute '_cuda_setStream'

E           AttributeError: module 'torch._C' has no attribute '_cuda_setStream'

E           AttributeError: module 'torch._C' has no attribute '_cuda_setStream'",本轮异常签名/跳过原因及实例结果与基线一致：TestUtilsCUDA 包装器进入 CudaNonDefaultStream.__enter__，直接调用缺失的 torch._C._cuda_setStream。,../npu-inductor-pr47384-restored-driver-20261009/batch-03-results.json#test_utils.py::test_get_device_tflops,../npu-inductor-213-batches-20261008/batch-03-source-evidence.json#test_utils.py::test_get_device_tflops,未另行适配复测,,,,,未另行复测,未另行复测,失败,,,,,R19,条件需要：NPU 峰值性能估计被启用后应有真实设备数据与验证。,其他模块+Inductor,test_utils.py 的 CUDA stream fixture；torch/_inductor/utils.py::get_device_tflops；torch_npu 设备属性/性能模型,未改：当前首错为 CUDA stream fixture；源码没有可直接采用的 NPU 峰值性能模型证据，后续路径未经运行验证。不能返回 0.0 代替性能模型。,先用正确 NPU 流 fixture，再以真实 NPU datasheet/性能接口接入估计值。,当前只到 CUDA 流首错；直接返回 0.0 或移除流检查不证明 NPU 峰值性能计算正确。,TestUtilsCUDA 包装器进入 CudaNonDefaultStream.__enter__，直接调用缺失的 torch._C._cuda_setStream。,采用本轮完整方法结果；未复测项沿用此前记录。,未另行复测，沿用此前结果及通过对应修改。
50,03,test_utils.py,TestFP4Support,test_ensure_fp4_dtype_registered,验证 FP4 注册工具将 torch.float4_e2m1fn_x2 映射到 CUTLASS Float4E2M1FN，且不破坏 float32 映射。,CUDA/CUTLASS 类型注册专项：不作为 NPU kernel 验收；仅在承诺兼容该工具依赖时需要。,跳过,跳过,跳过,状态不变,在完整 PR #47384（16437be0）上加回 transfer_to_npu.py::_patch_triton_driver() 及 _init() 调用；显式选择 Ascend driver，并替换 triton_helpers.set_driver_to_gpu。,尚未全部通过,原用例尚未全部通过，不能将已应用的修改记为修复成功。,../npu-inductor-pr47384-restored-driver-20261009/restore-driver.patch,"{""skipped"": 1}",False,,本轮异常签名/跳过原因及实例结果与基线一致：原 skip 条件要求 CUDA 可用且安装 cutlass_api；当前缺少 cutlass_api，测试体跳过。,../npu-inductor-pr47384-restored-driver-20261009/batch-03-results.json#test_utils.py::test_ensure_fp4_dtype_registered,../npu-inductor-213-batches-20261008/batch-03-source-evidence.json#test_utils.py::test_ensure_fp4_dtype_registered,跳过,测试副本设置 PYTORCH_TEST_WITH_SLOW=1；保留原测试及真实 TMA/CUTLASS 条件，未伪造能力或强制解除 skip。,适配复测仍未通过；下列适配条件不代表修复成功。,../npu-inductor-213-batches-20261008/skip-validation/manifest.json；../npu-inductor-pr47384-restored-driver-20261009/restore-driver.patch,../npu-inductor-pr47384-restored-driver-20261009/skip/case-50.json#test_utils.py::test_ensure_fp4_dtype_registered,未另行复测,未另行复测,跳过,,,,,S07,当前 NPU 基础验收无需 CUTLASS 类型注册；安装真实依赖后可作主机端可选测试。,其他模块/依赖,NVIDIA cutlass/cutlass_api 的主机 dtype 注册；test_utils.py 的依赖条件,保留 skip：缺少 cutlass_api；无必要安装 CUDA 专属依赖来提高 NPU 通过数。,确认兼容版本的真实 cutlass 和 cutlass_api 可在该环境导入后，可按实际依赖可用性运行主机端类型映射测试，避免把 CUDA 硬件可用性当作唯一前提。,当前直接缺少 cutlass_api，光删装饰器会变成导入失败。第三方包可能有额外 CUDA 运行依赖，需先确认可导入；即使执行通过也不证明 NPU FP4 算子或 CUTLASS kernel 可用。,原 skip 条件要求 CUDA 可用且安装 cutlass_api；当前缺少 cutlass_api，测试体跳过。,采用本轮完整方法结果；未复测项沿用此前记录。,未另行复测，沿用此前结果及通过对应修改。
51,03,test_inplacing_pass.py,TestReinplacingPassCorrectness,test_dont_modify_live,验证 index_put 的源中间值仍被输出引用时，reinplace 优化不会提前覆盖活跃数据。,编译优化正确性：建议保留；检查原地更新、别名和 clone，避免优化改变用户可见语义。,失败,失败,失败,状态不变,在完整 PR #47384（16437be0）上加回 transfer_to_npu.py::_patch_triton_driver() 及 _init() 调用；显式选择 Ascend driver，并替换 triton_helpers.set_driver_to_gpu。,尚未全部通过,原用例尚未全部通过，不能将已应用的修改记为修复成功。,../npu-inductor-pr47384-restored-driver-20261009/restore-driver.patch,"{""failed"": 1}",False,"E       RuntimeError: Expected all tensors to be on the same device. Expected NPU tensor, please check whether the input tensor device is correct.
E       [ERROR] 2026-10-09-11:32:53 (PID:<redacted>, Device:0, RankID:-1) ERR01002 OPS invalid type",本轮异常签名/跳过原因及实例结果与基线一致：全局 const=torch.tensor(0.0) 位于 CPU；_test 创建 NPU x/y，f(*inp) 中 index_put/index_put_ 拒绝跨设备 value。编译函数尚未执行。,../npu-inductor-pr47384-restored-driver-20261009/batch-03-results.json#test_inplacing_pass.py::test_dont_modify_live,../npu-inductor-213-batches-20261008/batch-03-source-evidence.json#test_inplacing_pass.py::test_dont_modify_live,未另行适配复测,,,,,通过,未另行复测,通过,"{""passed"": 1}",first/case-51.json,first/changes.json,,R02,需要：输入存活、view 别名与原地修改语义是 NPU 编译正确性。,用例,test/inductor/test_inplacing_pass.py 的全局 const/device 初始化,已将相同 0 维常量建立在输入设备；5 项保留原突变断言并通过。,将 device = GPU_TYPE 放在常量创建前，按 device 创建相同值和 dtype 的 0 维 const；或在每项测试建立同设备闭包常量。避免每次 forward 中额外搬运常量。,不更改 index_put 为其他算子，不删除输入突变检查；只解除 eager 的设备不一致首错。,全局 const=torch.tensor(0.0) 位于 CPU；_test 创建 NPU x/y，f(*inp) 中 index_put/index_put_ 拒绝跨设备 value。编译函数尚未执行。,采用本轮完整方法结果；未复测项沿用此前记录。,用例：将 const=torch.tensor(0.0) 建立在 GPU_TYPE/npu，与输入同设备。
52,03,test_inplacing_pass.py,TestReinplacingPassCorrectness,test_dont_modify_view_of_live,验证对活跃 Tensor 的 alias/view 更新时，reinplace 优化不会破坏后续对原值的使用。,编译优化正确性：建议保留；检查原地更新、别名和 clone，避免优化改变用户可见语义。,失败,失败,失败,状态不变,在完整 PR #47384（16437be0）上加回 transfer_to_npu.py::_patch_triton_driver() 及 _init() 调用；显式选择 Ascend driver，并替换 triton_helpers.set_driver_to_gpu。,尚未全部通过,原用例尚未全部通过，不能将已应用的修改记为修复成功。,../npu-inductor-pr47384-restored-driver-20261009/restore-driver.patch,"{""failed"": 1}",False,"E       RuntimeError: Expected all tensors to be on the same device. Expected NPU tensor, please check whether the input tensor device is correct.
E       [ERROR] 2026-10-09-11:32:53 (PID:<redacted>, Device:0, RankID:-1) ERR01002 OPS invalid type",本轮异常签名/跳过原因及实例结果与基线一致：全局 const=torch.tensor(0.0) 位于 CPU；_test 创建 NPU x/y，f(*inp) 中 index_put/index_put_ 拒绝跨设备 value。编译函数尚未执行。,../npu-inductor-pr47384-restored-driver-20261009/batch-03-results.json#test_inplacing_pass.py::test_dont_modify_view_of_live,../npu-inductor-213-batches-20261008/batch-03-source-evidence.json#test_inplacing_pass.py::test_dont_modify_view_of_live,未另行适配复测,,,,,通过,未另行复测,通过,"{""passed"": 1}",first/case-52.json,first/changes.json,,R02,需要：输入存活、view 别名与原地修改语义是 NPU 编译正确性。,用例,test/inductor/test_inplacing_pass.py 的全局 const/device 初始化,已将相同 0 维常量建立在输入设备；5 项保留原突变断言并通过。,将 device = GPU_TYPE 放在常量创建前，按 device 创建相同值和 dtype 的 0 维 const；或在每项测试建立同设备闭包常量。避免每次 forward 中额外搬运常量。,不更改 index_put 为其他算子，不删除输入突变检查；只解除 eager 的设备不一致首错。,全局 const=torch.tensor(0.0) 位于 CPU；_test 创建 NPU x/y，f(*inp) 中 index_put/index_put_ 拒绝跨设备 value。编译函数尚未执行。,采用本轮完整方法结果；未复测项沿用此前记录。,用例：将 const=torch.tensor(0.0) 建立在 GPU_TYPE/npu，与输入同设备。
53,03,test_inplacing_pass.py,TestReinplacingPassCorrectness,test_dont_modify_input,验证原本非原地的 index_put 不会被优化成意外修改图输入。,编译优化正确性：建议保留；检查原地更新、别名和 clone，避免优化改变用户可见语义。,失败,失败,失败,状态不变,在完整 PR #47384（16437be0）上加回 transfer_to_npu.py::_patch_triton_driver() 及 _init() 调用；显式选择 Ascend driver，并替换 triton_helpers.set_driver_to_gpu。,尚未全部通过,原用例尚未全部通过，不能将已应用的修改记为修复成功。,../npu-inductor-pr47384-restored-driver-20261009/restore-driver.patch,"{""failed"": 1}",False,"E       RuntimeError: Expected all tensors to be on the same device. Expected NPU tensor, please check whether the input tensor device is correct.
E       [ERROR] 2026-10-09-11:32:53 (PID:<redacted>, Device:0, RankID:-1) ERR01002 OPS invalid type",本轮异常签名/跳过原因及实例结果与基线一致：全局 const=torch.tensor(0.0) 位于 CPU；_test 创建 NPU x/y，f(*inp) 中 index_put/index_put_ 拒绝跨设备 value。编译函数尚未执行。,../npu-inductor-pr47384-restored-driver-20261009/batch-03-results.json#test_inplacing_pass.py::test_dont_modify_input,../npu-inductor-213-batches-20261008/batch-03-source-evidence.json#test_inplacing_pass.py::test_dont_modify_input,未另行适配复测,,,,,通过,未另行复测,通过,"{""passed"": 1}",first/case-53.json,first/changes.json,,R02,需要：输入存活、view 别名与原地修改语义是 NPU 编译正确性。,用例,test/inductor/test_inplacing_pass.py 的全局 const/device 初始化,已将相同 0 维常量建立在输入设备；5 项保留原突变断言并通过。,将 device = GPU_TYPE 放在常量创建前，按 device 创建相同值和 dtype 的 0 维 const；或在每项测试建立同设备闭包常量。避免每次 forward 中额外搬运常量。,不更改 index_put 为其他算子，不删除输入突变检查；只解除 eager 的设备不一致首错。,全局 const=torch.tensor(0.0) 位于 CPU；_test 创建 NPU x/y，f(*inp) 中 index_put/index_put_ 拒绝跨设备 value。编译函数尚未执行。,采用本轮完整方法结果；未复测项沿用此前记录。,用例：将 const=torch.tensor(0.0) 建立在 GPU_TYPE/npu，与输入同设备。
54,03,test_inplacing_pass.py,TestReinplacingPassCorrectness,test_should_modify_inner,验证无其它活跃引用的内部 Tensor 可以安全 reinplace，同时保持结果正确。,编译优化正确性：建议保留；检查原地更新、别名和 clone，避免优化改变用户可见语义。,失败,失败,失败,状态不变,在完整 PR #47384（16437be0）上加回 transfer_to_npu.py::_patch_triton_driver() 及 _init() 调用；显式选择 Ascend driver，并替换 triton_helpers.set_driver_to_gpu。,尚未全部通过,原用例尚未全部通过，不能将已应用的修改记为修复成功。,../npu-inductor-pr47384-restored-driver-20261009/restore-driver.patch,"{""failed"": 1}",False,"E       RuntimeError: Expected all tensors to be on the same device. Expected NPU tensor, please check whether the input tensor device is correct.
E       [ERROR] 2026-10-09-11:34:00 (PID:<redacted>, Device:0, RankID:-1) ERR01002 OPS invalid type",本轮异常签名/跳过原因及实例结果与基线一致：全局 const=torch.tensor(0.0) 位于 CPU；_test 创建 NPU x/y，f(*inp) 中 index_put/index_put_ 拒绝跨设备 value。编译函数尚未执行。,../npu-inductor-pr47384-restored-driver-20261009/batch-03-results.json#test_inplacing_pass.py::test_should_modify_inner,../npu-inductor-213-batches-20261008/batch-03-source-evidence.json#test_inplacing_pass.py::test_should_modify_inner,未另行适配复测,,,,,通过,未另行复测,通过,"{""passed"": 1}",first/case-54.json,first/changes.json,,R02,需要：输入存活、view 别名与原地修改语义是 NPU 编译正确性。,用例,test/inductor/test_inplacing_pass.py 的全局 const/device 初始化,已将相同 0 维常量建立在输入设备；5 项保留原突变断言并通过。,将 device = GPU_TYPE 放在常量创建前，按 device 创建相同值和 dtype 的 0 维 const；或在每项测试建立同设备闭包常量。避免每次 forward 中额外搬运常量。,不更改 index_put 为其他算子，不删除输入突变检查；只解除 eager 的设备不一致首错。,全局 const=torch.tensor(0.0) 位于 CPU；_test 创建 NPU x/y，f(*inp) 中 index_put/index_put_ 拒绝跨设备 value。编译函数尚未执行。,采用本轮完整方法结果；未复测项沿用此前记录。,用例：将 const=torch.tensor(0.0) 建立在 GPU_TYPE/npu，与输入同设备。
55,03,test_inplacing_pass.py,TestReinplacingPassCorrectness,test_should_modify_input,验证原本原地的 index_put_ 经 functionalization 和 reinplace 后仍正确修改输入。,编译优化正确性：建议保留；检查原地更新、别名和 clone，避免优化改变用户可见语义。,失败,失败,失败,状态不变,在完整 PR #47384（16437be0）上加回 transfer_to_npu.py::_patch_triton_driver() 及 _init() 调用；显式选择 Ascend driver，并替换 triton_helpers.set_driver_to_gpu。,尚未全部通过,原用例尚未全部通过，不能将已应用的修改记为修复成功。,../npu-inductor-pr47384-restored-driver-20261009/restore-driver.patch,"{""failed"": 1}",False,"E       RuntimeError: Expected all tensors to be on the same device. Expected NPU tensor, please check whether the input tensor device is correct.
E       [ERROR] 2026-10-09-11:34:00 (PID:<redacted>, Device:0, RankID:-1) ERR01002 OPS invalid type",本轮异常签名/跳过原因及实例结果与基线一致：全局 const=torch.tensor(0.0) 位于 CPU；_test 创建 NPU x/y，f(*inp) 中 index_put/index_put_ 拒绝跨设备 value。编译函数尚未执行。,../npu-inductor-pr47384-restored-driver-20261009/batch-03-results.json#test_inplacing_pass.py::test_should_modify_input,../npu-inductor-213-batches-20261008/batch-03-source-evidence.json#test_inplacing_pass.py::test_should_modify_input,未另行适配复测,,,,,通过,未另行复测,通过,"{""passed"": 1}",first/case-55.json,first/changes.json,,R02,需要：输入存活、view 别名与原地修改语义是 NPU 编译正确性。,用例,test/inductor/test_inplacing_pass.py 的全局 const/device 初始化,已将相同 0 维常量建立在输入设备；5 项保留原突变断言并通过。,将 device = GPU_TYPE 放在常量创建前，按 device 创建相同值和 dtype 的 0 维 const；或在每项测试建立同设备闭包常量。避免每次 forward 中额外搬运常量。,不更改 index_put 为其他算子，不删除输入突变检查；只解除 eager 的设备不一致首错。,全局 const=torch.tensor(0.0) 位于 CPU；_test 创建 NPU x/y，f(*inp) 中 index_put/index_put_ 拒绝跨设备 value。编译函数尚未执行。,采用本轮完整方法结果；未复测项沿用此前记录。,用例：将 const=torch.tensor(0.0) 建立在 GPU_TYPE/npu，与输入同设备。
63,03,test_inductor_annotations.py,InductorAnnotationTestCase,test_training_annotation,验证开启训练标注时生成配对的 NVTX inference range start/end 调用。,CUDA NVTX 专项：NPU 若提供训练标注，应按实际 profiler 接口替换断言；不是基础数值必测。,失败,失败,失败,状态不变,在完整 PR #47384（16437be0）上加回 transfer_to_npu.py::_patch_triton_driver() 及 _init() 调用；显式选择 Ascend driver，并替换 triton_helpers.set_driver_to_gpu。,尚未全部通过,原用例尚未全部通过，不能将已应用的修改记为修复成功。,../npu-inductor-pr47384-restored-driver-20261009/restore-driver.patch,"{""failed"": 1}",False,E       AttributeError: '_NVTXStub' object has no attribute 'deviceRangeStart',本轮异常签名/跳过原因及实例结果与基线一致：annotate_training=True 生成 NVTX device range 调用，当前 torch.cuda.nvtx._NVTXStub 无 deviceRangeStart。,../npu-inductor-pr47384-restored-driver-20261009/batch-03-results.json#test_inductor_annotations.py::test_training_annotation,../npu-inductor-213-batches-20261008/batch-03-source-evidence.json#test_inductor_annotations.py::test_training_annotation,未另行适配复测,,,,,未另行复测,未另行复测,失败,,,,,R20,条件需要：提供 NPU training annotation/profiler 功能时需等价验证。,其他模块+Inductor,torch_npu/_inductor wrapper 的训练 range 生成；torch_npu.profiler 标注接口；社区 torch.cuda.nvtx,未改：缺少 NVTX deviceRangeStart，须定义真实 NPU range 生命周期，不能替换成 no-op。,为 NPU 生成具有 begin/end 生命周期和 profiler 关联的标注，测试 NPU 对应输出。,将 NVTX 函数设为 no-op 或删去标注检查不是修复，当前缺少可直接替换的等价接口证据。,annotate_training=True 生成 NVTX device range 调用，当前 torch.cuda.nvtx._NVTXStub 无 deviceRangeStart。,采用本轮完整方法结果；未复测项沿用此前记录。,未另行复测，沿用此前结果及通过对应修改。
68,04,test_alignment.py,GPUTests,test_no_align_for_custom_op_2d,验证自定义算子返回的二维非对齐、带行 stride 的 view 保持正确布局和数值。,基础正确性或边界回归：建议保留；按原输入、dtype、形状和断言验证 NPU，不能仅根据当前失败/跳过删除。,失败,失败,失败,状态不变,在完整 PR #47384（16437be0）上加回 transfer_to_npu.py::_patch_triton_driver() 及 _init() 调用；显式选择 Ascend driver，并替换 triton_helpers.set_driver_to_gpu。,尚未全部通过,原用例尚未全部通过，不能将已应用的修改记为修复成功。,../npu-inductor-pr47384-restored-driver-20261009/restore-driver.patch,"{""failed"": 1}",False,"E   AssertionError: expected size 1024==1024, stride 1024==1040 at dim=0
E   Error in op: torch.ops.test.slice2d.default
E   This error most often comes from a incorrect fake (aka meta) kernel for a custom op.
E   Use torch.library.opcheck to test your custom op.
E   See https://pytorch.org/docs/stable/library.html#torch.library.opcheck",本轮异常签名/跳过原因及实例结果与基线一致：define_custom_op_for_test 仅注册 CPU/CUDA/XPU/MPS/Meta，没有 PrivateUse1；CPU fallback 回 NPU 后实际 stride[0]=1024，meta 预期1040。,../npu-inductor-pr47384-restored-driver-20261009/batch-04-results.json#test_alignment.py::test_no_align_for_custom_op_2d,../npu-inductor-213-batches-20261008/batch-04-source-evidence.json#test_alignment.py::test_no_align_for_custom_op_2d,未另行适配复测,,,,,通过,未另行复测,通过,"{""passed"": 1}",first/case-68.json,first/changes.json,,R03,需要：custom-op stride、storage_offset 和错误 Meta 检查是后端通用契约。,用例,test/inductor/test_torchinductor.py::define_custom_op_for_test 的 PrivateUse1 注册,已注册同一 fn 到 PrivateUse1；2 项原正向/负向对齐断言通过。,在现有 CPU/CUDA/XPU/MPS/Meta 注册旁，为 PrivateUse1 注册同一个 fn；保持原 fn_meta 和错误 Meta 版本。无需修改生产 dispatcher。,首错消失后 NPU wrapper 是否生成原 alignment assert 仍须验证；不能放宽对齐断言来保证通过。,define_custom_op_for_test 仅注册 CPU/CUDA/XPU/MPS/Meta，没有 PrivateUse1；CPU fallback 回 NPU 后实际 stride[0]=1024，meta 预期1040。,采用本轮完整方法结果；未复测项沿用此前记录。,用例：custom-op 同一 fn 新增 PrivateUse1 注册，保留 stride/对齐断言。
69,04,test_alignment.py,GPUTests,test_incorrect_meta_for_custom_op_2d,验证自定义 Meta 声称对齐但实际 storage_offset=1 时，运行时 alignment assertion 捕获不一致。,接口负向回归：建议保留 Meta 与真实布局不一致的检查；需按 NPU 实际对齐契约适配异常，不照搬 16-byte CUDA 文案。,失败,失败,失败,状态不变,在完整 PR #47384（16437be0）上加回 transfer_to_npu.py::_patch_triton_driver() 及 _init() 调用；显式选择 Ascend driver，并替换 triton_helpers.set_driver_to_gpu。,尚未全部通过,原用例尚未全部通过，不能将已应用的修改记为修复成功。,../npu-inductor-pr47384-restored-driver-20261009/restore-driver.patch,"{""failed"": 1}",False,"E       AssertionError: ""Expect the tensor to be 16 bytes aligned. Fail due to storage_offset=1 itemsize=4"" does not match ""expected size 1024==1024, stride 1024==1040 at dim=0
E       Error in op: torch.ops.test.slice2d_incorrect_meta.default
E       This error most often comes from a incorrect fake (aka meta) kernel for a custom op.
E       Use torch.library.opcheck to test your custom op.
E       See https://pytorch.org/docs/stable/library.html#torch.library.opcheck""",本轮异常签名/跳过原因及实例结果与基线一致：define_custom_op_for_test 仅注册 CPU/CUDA/XPU/MPS/Meta，没有 PrivateUse1；CPU fallback 回 NPU 后实际 stride[0]=1024，meta 预期1040。 原测试预期 storage_offset 引起的16字节对齐错误，却先得到 stride 错误，正则不匹配。,../npu-inductor-pr47384-restored-driver-20261009/batch-04-results.json#test_alignment.py::test_incorrect_meta_for_custom_op_2d,../npu-inductor-213-batches-20261008/batch-04-source-evidence.json#test_alignment.py::test_incorrect_meta_for_custom_op_2d,未另行适配复测,,,,,通过,未另行复测,通过,"{""passed"": 1}",first/case-69.json,first/changes.json,,R03,需要：custom-op stride、storage_offset 和错误 Meta 检查是后端通用契约。,用例,test/inductor/test_torchinductor.py::define_custom_op_for_test 的 PrivateUse1 注册,已注册同一 fn 到 PrivateUse1；2 项原正向/负向对齐断言通过。,在现有 CPU/CUDA/XPU/MPS/Meta 注册旁，为 PrivateUse1 注册同一个 fn；保持原 fn_meta 和错误 Meta 版本。无需修改生产 dispatcher。,首错消失后 NPU wrapper 是否生成原 alignment assert 仍须验证；不能放宽对齐断言来保证通过。,define_custom_op_for_test 仅注册 CPU/CUDA/XPU/MPS/Meta，没有 PrivateUse1；CPU fallback 回 NPU 后实际 stride[0]=1024，meta 预期1040。 原测试预期 storage_offset 引起的16字节对齐错误，却先得到 stride 错误，正则不匹配。,采用本轮完整方法结果；未复测项沿用此前记录。,用例：custom-op 同一 fn 新增 PrivateUse1 注册，保留 stride/对齐断言。
73,04,test_alignment.py,GPUTests,test_Q4_K_dequantization,验证 Q4_K 量化块拆包、scale/min 提取和反量化的非对齐访问结果。,量化场景回归：支持 Q4_K/类似位打包模型时建议保留；先修正测试输入和广播形状。,失败,失败,失败,状态不变,在完整 PR #47384（16437be0）上加回 transfer_to_npu.py::_patch_triton_driver() 及 _init() 调用；显式选择 Ascend driver，并替换 triton_helpers.set_driver_to_gpu。,尚未全部通过,原用例尚未全部通过，不能将已应用的修改记为修复成功。,../npu-inductor-pr47384-restored-driver-20261009/restore-driver.patch,"{""failed"": 1}",False,"E       RuntimeError: __rshift__:third_party/op-plugin/op_plugin/ops/opapi/__Rshift__KernelNpuOpApi.cpp:26 NPU function error: call aclnnRightShift failed, error code is 507899
E       [ERROR] 2026-10-09-11:34:15 (PID:<redacted>, Device:0, RankID:-1) ERR00100 PTA call acl api failed
E       [Error]: An internal error occurs in the Driver module.
E               Rectify the fault based on the error information in the ascend log.
E       [PID:<redacted>] 2026-10-09-11:34:15.591.099 AclNN_Parameter_Error(EZ1001): Shape of out should be [221184, 4, 2, 32], but current is [221184, 4, 1, 32].","本轮异常签名/跳过原因及实例结果与基线一致：aclnnRightShift 要求输出 [221184,4,2,32]，实际预分配 [221184,4,1,32]；尚未进入 torch.compile。",../npu-inductor-pr47384-restored-driver-20261009/batch-04-results.json#test_alignment.py::test_Q4_K_dequantization,../npu-inductor-213-batches-20261008/batch-04-source-evidence.json#test_alignment.py::test_Q4_K_dequantization,未另行适配复测,,,,,未另行复测,未另行复测,失败,,,,,R12,需要：Q4_K 输入的右移广播是合法 eager 算子语义。,其他模块,op-plugin/op_plugin/ops/opapi/__Rshift__KernelNpuOpApi.cpp 的 Tensor-Tensor 输出分配；CANN aclnnRightShift,未改 C++：输出按 self 而非广播形状分配；应适配 op-plugin 并构建验证，不能在用例手工 expand 掩盖。,按 self 与 other 的广播形状分配输出，沿用正确 dtype/device，替换当前仅按 self 分配的输出。不要修改原 Q4_K 输入 shape 或先手工 expand 来隐藏算子缺陷。,局部 C++ 修改候选，需构建部署；现有源码是本地 op-plugin 机制对照，实施前核对远端对应算子源码。当前只知道 eager 首错，后续编译尚未验证。,"aclnnRightShift 要求输出 [221184,4,2,32]，实际预分配 [221184,4,1,32]；尚未进入 torch.compile。",采用本轮完整方法结果；未复测项沿用此前记录。,未另行复测，沿用此前结果及通过对应修改。
75,04,test_smoke.py,SmokeTest,test_compile_decorator,验证普通 torch.compile 装饰器及 reduce-overhead 模式连续调用可运行；属于编译入口冒烟测试。,编译入口冒烟：建议保留；reduce-overhead 部分按 NPU 图执行能力确定，不能替代数值正确性覆盖。,失败,失败,失败,状态不变,在完整 PR #47384（16437be0）上加回 transfer_to_npu.py::_patch_triton_driver() 及 _init() 调用；显式选择 Ascend driver，并替换 triton_helpers.set_driver_to_gpu。,尚未全部通过,原用例尚未全部通过，不能将已应用的修改记为修复成功。,../npu-inductor-pr47384-restored-driver-20261009/restore-driver.patch,"{""failed"": 1}",False,"E       torch._inductor.exc.InductorError: AttributeError: module 'torch._C' has no attribute '_cuda_cudaCachingAllocator_is_enabled'
E       Set TORCHDYNAMO_VERBOSE=1 for the internal stack trace (please do this especially if you're reporting a bug to PyTorch). For even more developer context, set TORCH_LOGS=""+dynamo""",本轮异常签名/跳过原因及实例结果与基线一致：mode=max-autotune 开启图捕获路径；check_caching_allocator_for_cudagraphs 调用 torch._C._cuda_cudaCachingAllocator_is_enabled，CPU torch 构建无该符号。,../npu-inductor-pr47384-restored-driver-20261009/batch-04-results.json#test_smoke.py::test_compile_decorator,../npu-inductor-213-batches-20261008/batch-04-source-evidence.json#test_smoke.py::test_compile_decorator,未另行适配复测,,,,,未另行复测,未另行复测,失败,,,,,R18,需要：若支持 max-autotune/reduce-overhead 模式，应保留图捕获和动态行为契约。,其他模块+Inductor,torch/_inductor/cudagraph_utils.py；torch_npu NPU graph/allocator runtime；transfer_to_npu 的 CUDA API 迁移,未改：缺少 CUDA allocator 符号是接口误用；需真实 NPU capture/replay 集成，返回 True 或关闭图捕获不是修复。,按真实后端接入 allocator 和图捕获能力检查；需要 NPU 等价 capture/replay 契约。,"getattr(..., lambda: True)、关闭 cudagraphs、改 compile mode 只能避开目标，不作为简单功能修复。",mode=max-autotune 开启图捕获路径；check_caching_allocator_for_cudagraphs 调用 torch._C._cuda_cudaCachingAllocator_is_enabled，CPU torch 构建无该符号。,采用本轮完整方法结果；未复测项沿用此前记录。,未另行复测，沿用此前结果及通过对应修改。
76,04,test_benchmarking.py,TestBenchmarker,test_benchmark_smoke,验证 benchmark 接口对 CPU/加速器输入正确分派、返回正耗时并更新对应计数。,autotune 计时基础设施：建议保留设备分派与参数契约；xfail 必须单列，计时值不用于性能排名。,部分通过/含预期失败,部分通过/含预期失败,部分通过/含预期失败,状态不变,在完整 PR #47384（16437be0）上加回 transfer_to_npu.py::_patch_triton_driver() 及 _init() 调用；显式选择 Ascend driver，并替换 triton_helpers.set_driver_to_gpu。,尚未全部通过,原用例尚未全部通过，不能将已应用的修改记为修复成功。,../npu-inductor-pr47384-restored-driver-20261009/restore-driver.patch,"{""passed"": 3, ""xfail"": 1}",False,,本轮逐实例复核与基线一致：Benchmarker 基类的 NPU benchmark_gpu 抛 NotImplementedError，原 decorateIf 标记为 expectedFailure；TritonBenchmarker 对应实例通过。,../npu-inductor-pr47384-restored-driver-20261009/batch-04-results.json#test_benchmarking.py::test_benchmark_smoke,../npu-inductor-213-batches-20261008/batch-04-source-evidence.json#test_benchmarking.py::test_benchmark_smoke,未另行适配复测,,,,,未另行复测,通过,通过,"{""passed"": 4}",second/case-76.json,second/changes.json,,R33,需要保留负向 API 契约；无需为 Benchmarker 抽象基类增加 NPU benchmark 实现。,用例,test_benchmarking.py 的 expectedFailure、make_params 和 assertRaisesRegex,76/77 显式检查基类 NotImplementedError；78 检查缺少设备的 ValueError；79 修复不存在的 make_sum 后检查多设备 ValueError。 第二轮完整参数实例通过。,保留抽象基类和设备推断的负向契约，全部参数实例须执行。,xfail 不能替代精确的负向异常检查。,本轮逐实例复核与基线一致：Benchmarker 基类的 NPU benchmark_gpu 抛 NotImplementedError，原 decorateIf 标记为 expectedFailure；TritonBenchmarker 对应实例通过。,采用本轮完整方法结果；未复测项沿用此前记录。,用例：基类 NPU benchmark 显式检查 NotImplementedError，其他参数仍验证 timing/counter。
77,04,test_benchmarking.py,TestBenchmarker,test_benchmark_gpu_smoke,验证 benchmark_gpu 直接入口返回正耗时并更新设备 benchmark 计数。,autotune 计时基础设施：建议保留设备分派与参数契约；xfail 必须单列，计时值不用于性能排名。,部分通过/含预期失败,部分通过/含预期失败,部分通过/含预期失败,状态不变,在完整 PR #47384（16437be0）上加回 transfer_to_npu.py::_patch_triton_driver() 及 _init() 调用；显式选择 Ascend driver，并替换 triton_helpers.set_driver_to_gpu。,尚未全部通过,原用例尚未全部通过，不能将已应用的修改记为修复成功。,../npu-inductor-pr47384-restored-driver-20261009/restore-driver.patch,"{""xfail"": 1, ""passed"": 1}",False,,本轮逐实例复核与基线一致：Benchmarker 基类的 NPU benchmark_gpu 抛 NotImplementedError，原 decorateIf 标记为 expectedFailure；TritonBenchmarker 对应实例通过。,../npu-inductor-pr47384-restored-driver-20261009/batch-04-results.json#test_benchmarking.py::test_benchmark_gpu_smoke,../npu-inductor-213-batches-20261008/batch-04-source-evidence.json#test_benchmarking.py::test_benchmark_gpu_smoke,未另行适配复测,,,,,未另行复测,通过,通过,"{""passed"": 2}",second/case-77.json,second/changes.json,,R33,需要保留负向 API 契约；无需为 Benchmarker 抽象基类增加 NPU benchmark 实现。,用例,test_benchmarking.py 的 expectedFailure、make_params 和 assertRaisesRegex,76/77 显式检查基类 NotImplementedError；78 检查缺少设备的 ValueError；79 修复不存在的 make_sum 后检查多设备 ValueError。 第二轮完整参数实例通过。,保留抽象基类和设备推断的负向契约，全部参数实例须执行。,xfail 不能替代精确的负向异常检查。,本轮逐实例复核与基线一致：Benchmarker 基类的 NPU benchmark_gpu 抛 NotImplementedError，原 decorateIf 标记为 expectedFailure；TritonBenchmarker 对应实例通过。,采用本轮完整方法结果；未复测项沿用此前记录。,用例：基类 benchmark_gpu 显式检查 NotImplementedError，TritonBenchmarker 保留原正向断言。
78,04,test_benchmarking.py,TestBenchmarker,test_benchmark_safely_infers_device_no_devices,验证无 Tensor 参数时 benchmark 无法推断设备的失败行为；原测试以 expectedFailure 表示该限制。,autotune 计时基础设施：建议保留设备分派与参数契约；xfail 必须单列，计时值不用于性能排名。,预期失败,预期失败,预期失败,状态不变,在完整 PR #47384（16437be0）上加回 transfer_to_npu.py::_patch_triton_driver() 及 _init() 调用；显式选择 Ascend driver，并替换 triton_helpers.set_driver_to_gpu。,尚未全部通过,原用例尚未全部通过，不能将已应用的修改记为修复成功。,../npu-inductor-pr47384-restored-driver-20261009/restore-driver.patch,"{""xfail"": 2}",False,,本轮逐实例复核与基线一致：实际 rawexcinfo 为 ValueError：fn_args/fn_kwargs 没有可用于推断设备的 tensor；与负向目标一致。,../npu-inductor-pr47384-restored-driver-20261009/batch-04-results.json#test_benchmarking.py::test_benchmark_safely_infers_device_no_devices,../npu-inductor-213-batches-20261008/batch-04-source-evidence.json#test_benchmarking.py::test_benchmark_safely_infers_device_no_devices,未另行适配复测,,,,,未另行复测,通过,通过,"{""passed"": 2}",second/case-78.json,second/changes.json,,R33,需要保留负向 API 契约；无需为 Benchmarker 抽象基类增加 NPU benchmark 实现。,用例,test_benchmarking.py 的 expectedFailure、make_params 和 assertRaisesRegex,76/77 显式检查基类 NotImplementedError；78 检查缺少设备的 ValueError；79 修复不存在的 make_sum 后检查多设备 ValueError。 第二轮完整参数实例通过。,保留抽象基类和设备推断的负向契约，全部参数实例须执行。,xfail 不能替代精确的负向异常检查。,本轮逐实例复核与基线一致：实际 rawexcinfo 为 ValueError：fn_args/fn_kwargs 没有可用于推断设备的 tensor；与负向目标一致。,采用本轮完整方法结果；未复测项沿用此前记录。,用例：将 expectedFailure 改为精确检查无设备输入的 ValueError。
79,04,test_benchmarking.py,TestBenchmarker,test_benchmark_safely_infers_device_many_devices,验证同时含 CPU 与加速器输入时 benchmark 设备推断的失败行为；原测试以 expectedFailure 表示该限制。,autotune 计时基础设施：建议保留设备分派与参数契约；xfail 必须单列，计时值不用于性能排名。,预期失败,预期失败,预期失败,状态不变,在完整 PR #47384（16437be0）上加回 transfer_to_npu.py::_patch_triton_driver() 及 _init() 调用；显式选择 Ascend driver，并替换 triton_helpers.set_driver_to_gpu。,尚未全部通过,原用例尚未全部通过，不能将已应用的修改记为修复成功。,../npu-inductor-pr47384-restored-driver-20261009/restore-driver.patch,"{""xfail"": 2}",False,,本轮逐实例复核与基线一致：实际 rawexcinfo 为 AttributeError: TestBenchmarker 没有 make_sum；测试在创建输入时失败。,../npu-inductor-pr47384-restored-driver-20261009/batch-04-results.json#test_benchmarking.py::test_benchmark_safely_infers_device_many_devices,../npu-inductor-213-batches-20261008/batch-04-source-evidence.json#test_benchmarking.py::test_benchmark_safely_infers_device_many_devices,未另行适配复测,,,,,未另行复测,通过,通过,"{""passed"": 2}",second/case-79.json,second/changes.json,,R33,需要保留负向 API 契约；无需为 Benchmarker 抽象基类增加 NPU benchmark 实现。,用例,test_benchmarking.py 的 expectedFailure、make_params 和 assertRaisesRegex,76/77 显式检查基类 NotImplementedError；78 检查缺少设备的 ValueError；79 修复不存在的 make_sum 后检查多设备 ValueError。 第二轮完整参数实例通过。,保留抽象基类和设备推断的负向契约，全部参数实例须执行。,xfail 不能替代精确的负向异常检查。,本轮逐实例复核与基线一致：实际 rawexcinfo 为 AttributeError: TestBenchmarker 没有 make_sum；测试在创建输入时失败。,采用本轮完整方法结果；未复测项沿用此前记录。,用例：make_sum 改为已有 make_params，并精确检查多设备输入的 ValueError。
82,04,test_benchmarking.py,TestBenchmarker,test_torch_profiler_benchmarker_reuses_inductor_helpers,验证 TorchProfilerBenchmarker 复用事件和缓存刷新工具，并按 CUDA/ROCm 条件选择 buffer 尺寸及设备。,profiler 计时接口：NPU 使用该 benchmark 路径时需等价覆盖；CUDA/ROCm 缓存尺寸分支不是 NPU 固定要求。,失败,失败,失败,状态不变,在完整 PR #47384（16437be0）上加回 transfer_to_npu.py::_patch_triton_driver() 及 _init() 调用；显式选择 Ascend driver，并替换 triton_helpers.set_driver_to_gpu。,尚未全部通过,原用例尚未全部通过，不能将已应用的修改记为修复成功。,../npu-inductor-pr47384-restored-driver-20261009/restore-driver.patch,"{""failed"": 2}",False,"E       AttributeError: 'profile' object has no attribute 'profiler'

E       AttributeError: 'profile' object has no attribute 'profiler'",两个参数实例均越过设备推断，创建 NPU buffer/event 后，在 prof.profiler.kineto_results.events() 报 AttributeError；迁移后的 NPU profile 对象没有 profiler 属性。,../npu-inductor-pr47384-restored-driver-20261009/batch-04-results.json#test_benchmarking.py::test_torch_profiler_benchmarker_reuses_inductor_helpers,../npu-inductor-213-batches-20261008/batch-04-source-evidence.json#test_benchmarking.py::test_torch_profiler_benchmarker_reuses_inductor_helpers,未另行适配复测,,,,,未另行复测,未另行复测,失败,,,,,R34,需要：NPU profiler benchmark 若开放，应保留 helper 复用和计时事件语义。,其他模块+Inductor,torch/_inductor/runtime/benchmarking.py 的 TorchProfilerBenchmarker；torch_npu.profiler 的事件结果接口,设备推断已修，当前 NPU profile 无 .profiler.kineto_results；需适配真实 NPU profiler 数据，不伪造 Kineto 对象。,在 NPU backend 初始化设备表时，仅在确认 cuda 为 NPU 迁移别名的模式下排除重复 cuda 条目；保留真实 CUDA/XPU 等后端。82 可直接传 device_type=device，保留 helper 复用断言。,"当前环境是 +cpu torch 加 transfer；不能对所有平台无条件设为 (""npu"",)。只修公共首错，conv_bn helper 的后续循环和 vmap 的分解断言可能仍失败。",设备推断已通过；当前 NPU profile 对象没有 .profiler.kineto_results.events 接口。,采用本轮完整方法结果；未复测项沿用此前记录。,未另行复测，沿用此前结果及通过对应修改。
83,04,test_efficient_conv_bn_eval.py,EfficientConvBNEvalGpuTests,test_conv_bn_eval,验证推理 Conv/ConvTranspose/Linear 与 BN 优化的前向、训练一步后的结果及优化计数；由外层 test_basic 枚举组合。,Conv/BN 优化启用时必测：保留前向、更新后的结果和优化计数；不能仅以模型可运行为通过。,失败,失败,失败,状态不变,在完整 PR #47384（16437be0）上加回 transfer_to_npu.py::_patch_triton_driver() 及 _init() 调用；显式选择 Ascend driver，并替换 triton_helpers.set_driver_to_gpu。,尚未全部通过,原用例尚未全部通过，不能将已应用的修改记为修复成功。,../npu-inductor-pr47384-restored-driver-20261009/restore-driver.patch,"{""failed"": 1}",False,"E       AssertionError: Tensor-likes are not close!
E       Mismatched elements: 520 / 6016 (8.6%)
E       Greatest absolute difference: 0.00024169683456420898 at index (2, 16, 4) (up to 1e-05 allowed)
E       Greatest relative difference: 0.006693016737699509 at index (0, 27, 26) (up to 1.3e-06 allowed)",已越过原 pad_mm 设备重复计数断言，外层 test_basic 到达数值比较后失败：520/6016 元素不符，最大绝对差 0.0002416968（允许 1e-5）。,../npu-inductor-pr47384-restored-driver-20261009/batch-04-results.json#test_efficient_conv_bn_eval.py::test_conv_bn_eval,../npu-inductor-213-batches-20261008/batch-04-source-evidence.json#test_efficient_conv_bn_eval.py::test_conv_bn_eval,未另行适配复测,,,,,未另行复测,中止/未完成,中止/未完成,"{""no_call"": 1}",second/case-83.json,second/changes.json,"运行 1191 秒后主动中止；No completed call after prolonged wait; independent faulthandler replay is blocked in fuse_attention pattern initialization at Tensor construction/copy. Stop this stalled validation, retain original failed status and diagnostic evidence.",R35,需要：efficient Conv/BN eval 的数值和优化次数应保留。,用例→其他模块（底层归属待确认）,torch/_inductor/fx_passes/fuse_attention.py::_get_sfdp_patterns；torch_npu Tensor 构造/拷贝；CANN runtime（需原生栈进一步定责）,局部 HF32-off 后完整复测长时间未返回；独立诊断的 Python 栈停在模式初始化的 Tensor 构造，主动中止并保留未完成。不能判定精度已修复。,下一步需捕获 NPU Tensor 构造/拷贝的原生栈及设备任务状态，解除等待后再跑完整 Conv/BN 正向、训练更新和优化计数；保持原容差。,HF32-off 仅为测试精度候选；完整测试未完成，不能声称修复。不得绕过模式初始化或删除相关循环来记通过。,诊断栈位于 fuse_attention.py::_get_sfdp_patterns → transfer_to_npu.py::decorated → 原 Tensor 构造；尚无原生栈或故障 kernel，不能凭 Python 等待点确认 CANN 根因。,采用本轮完整方法结果；未复测项沿用此前记录。,本轮未完全通过；实际应用补丁不等于已修复，详见最新阻塞与日志。
86,05,test_inplace_padding.py,InplacePaddingTest,test_pad_non_zero,验证非零 padding 复用中间缓冲区时扩大分配并保留 view，防止最后一行越界，且矩阵乘结果正确。,inplace padding 启用时必测：保留空间边界、输入突变及梯度契约；生成代码文本按 NPU 分配/调度方式适配。,失败,失败,失败,状态不变,在完整 PR #47384（16437be0）上加回 transfer_to_npu.py::_patch_triton_driver() 及 _init() 调用；显式选择 Ascend driver，并替换 triton_helpers.set_driver_to_gpu。,尚未全部通过,原用例尚未全部通过，不能将已应用的修改记为修复成功。,../npu-inductor-pr47384-restored-driver-20261009/restore-driver.patch,"{""failed"": 1}",False,"E           RuntimeError: In the deterministic mode of Inductor, we will avoid those
E                   benchmarkings that would cause non-deterministic results. Only benchmarkings in the vetted
E                   scenarios are allowed. Examples include autotuning for triton configs of pointwise kernels.
E                   When you see this exception, you can do one of the following two things:
E                   1. if the benchmarking you are doing does not introduce any non-determinism, you can just
E                   add is_vetted_benchmarking=True to your benchmark_gpu call. That would solve the issue.
E                   2. if the benchmarking you are doing indeed introduces non-determinism, you'll need to disable
E                   such feature in deterministic mode or find an alternative implementation that is deterministic.",本轮异常签名/跳过原因及实例结果与基线一致：测试类启用 config.deterministic；NPUCachingAutotuner._bench_with_launch_args 调 benchmark_gpu 未提供 vetted 标记，may_ban_benchmarking 抛 RuntimeError。,../npu-inductor-pr47384-restored-driver-20261009/batch-05-results.json#test_inplace_padding.py::test_pad_non_zero,../npu-inductor-213-batches-20261008/batch-05-source-evidence.json#test_inplace_padding.py::test_pad_non_zero,未另行适配复测,,,,,失败,未另行复测,失败,"{""failed"": 1}",first/case-86.json,first/changes.json,"E       RuntimeError: Expected to find regex ""empty_strided.*\\(\\(2048, 2048\\), \\(2048, 1\\), torch.float32\\).as_strided\\(\\(2048, 2047\\), \\(2048, 1\\)\\)"" but did not find it
E       Searched string:
E       From CHECK-REGEX: empty_strided.*\(\(2048, 2048\), \(2048, 1\), torch.float32\).as_strided\(\(2048, 2047\), \(2048, 1\)\)",R09,需要：启用确定性模式和 inplace padding 时应保持数值及布局/计数断言。,Inductor,torch_npu/_inductor/runtime/triton_heuristics.py::_bench_with_launch_args；NPU wrapper/scheduler 的 inplace padding,已尝试 pointwise benchmark 适配并复测；benchmark 确定性首错已消除；原断言期待 padded empty_strided(...).as_strided(...)，NPU wrapper 未生成该布局。保留原断言，需 NPU wrapper/scheduler 的 padding 适配。,参考当前 torch CachingAutotuner.bench 已传递 is_vetted_benchmarking=True 的调用，核对 NPU 候选和输入 reset/clone 语义后传递该标记；仅批准已确认不会改变确定性结果的候选范围。,后续是 NPU padding 布局和算子输入突变契约；删除代码/计数断言或关闭确定性不是修复。,benchmark 确定性首错已消除；原断言期待 padded empty_strided(...).as_strided(...)，NPU wrapper 未生成该布局。,采用本轮完整方法结果；未复测项沿用此前记录。,本轮未完全通过；实际应用补丁不等于已修复，详见最新阻塞与日志。
87,05,test_inplace_padding.py,InplacePaddingTest,test_pad_non_zero_cpp_wrapper,验证 C++ wrapper 下非零 inplace padding 的扩容、view、编译期 autotune 调用及数值结果。,C++ wrapper 与 inplace padding 同时启用时必测；仅支持 Python wrapper 的范围无需原样承诺此路径。,失败,失败,失败,状态不变,在完整 PR #47384（16437be0）上加回 transfer_to_npu.py::_patch_triton_driver() 及 _init() 调用；显式选择 Ascend driver，并替换 triton_helpers.set_driver_to_gpu。,尚未全部通过,原用例尚未全部通过，不能将已应用的修改记为修复成功。,../npu-inductor-pr47384-restored-driver-20261009/restore-driver.patch,"{""failed"": 1}",False,"E           torch._inductor.exc.InductorError: RuntimeError: Failed to run autotuning code block: In the deterministic mode of Inductor, we will avoid those
E                   benchmarkings that would cause non-deterministic results. Only benchmarkings in the vetted
E                   scenarios are allowed. Examples include autotuning for triton configs of pointwise kernels.
E                   When you see this exception, you can do one of the following two things:
E                   1. if the benchmarking you are doing does not introduce any non-determinism, you can just
E                   add is_vetted_benchmarking=True to your benchmark_gpu call. That would solve the issue.
E                   2. if the benchmarking you are doing indeed introduces non-determinism, you'll need to disable
E                   such feature in deterministic mode or find an alternative implementation that is deterministic.",本轮异常签名/跳过原因及实例结果与基线一致：测试类启用 config.deterministic；NPUCachingAutotuner._bench_with_launch_args 调 benchmark_gpu 未提供 vetted 标记，may_ban_benchmarking 抛 RuntimeError。,../npu-inductor-pr47384-restored-driver-20261009/batch-05-results.json#test_inplace_padding.py::test_pad_non_zero_cpp_wrapper,../npu-inductor-213-batches-20261008/batch-05-source-evidence.json#test_inplace_padding.py::test_pad_non_zero_cpp_wrapper,未另行适配复测,,,,,失败,未另行复测,失败,"{""failed"": 1}",first/case-87.json,first/changes.json,"E       torch._inductor.exc.InductorError: RuntimeError: Expected to find ""buf0 = generate_example_value((2048, 2047), (2048, 1), \'npu:0\', torch.float32, 0, (2048, 2048))"" but did not find it
E       Searched string:
E       import triton
E       ~~~~~~~~~~~~~
E       import triton.language as tl
E       ~~~~~~~~~~~~~~~~~~~~~~~~~~~~
E       from torch._inductor.runtime.triton_heuristics import start_graph, end_graph
E       ~~~~~~~~~~~~~~~~~~~~~~~~~~~~~~~~~~~~~~~~~~~~~~~~~~~ <--- HERE",R09,需要：启用确定性模式和 inplace padding 时应保持数值及布局/计数断言。,Inductor,torch_npu/_inductor/runtime/triton_heuristics.py::_bench_with_launch_args；NPU wrapper/scheduler 的 inplace padding,已尝试 pointwise benchmark 适配并复测；benchmark 首错已消除；原 C++ wrapper 预期 generate_example_value 的 padded storage 语句未出现；另有固定 npu:0 与所选设备编号差异，单改编号仍不能证明 padding 实现。保留原断言，需 NPU wrapper/scheduler 的 padding 适配。,参考当前 torch CachingAutotuner.bench 已传递 is_vetted_benchmarking=True 的调用，核对 NPU 候选和输入 reset/clone 语义后传递该标记；仅批准已确认不会改变确定性结果的候选范围。,后续是 NPU padding 布局和算子输入突变契约；删除代码/计数断言或关闭确定性不是修复。,benchmark 首错已消除；原 C++ wrapper 预期 generate_example_value 的 padded storage 语句未出现；另有固定 npu:0 与所选设备编号差异，单改编号仍不能证明 padding 实现。,采用本轮完整方法结果；未复测项沿用此前记录。,本轮未完全通过；实际应用补丁不等于已修复，详见最新阻塞与日志。
89,05,test_inplace_padding.py,InplacePaddingTest,test_mutating_padding_input,验证允许图输入 inplace padding 时，后续原地修改原输入不破坏 padding 结果的语义。,inplace padding 启用时必测：保留空间边界、输入突变及梯度契约；生成代码文本按 NPU 分配/调度方式适配。,失败,失败,失败,状态不变,在完整 PR #47384（16437be0）上加回 transfer_to_npu.py::_patch_triton_driver() 及 _init() 调用；显式选择 Ascend driver，并替换 triton_helpers.set_driver_to_gpu。,尚未全部通过,原用例尚未全部通过，不能将已应用的修改记为修复成功。,../npu-inductor-pr47384-restored-driver-20261009/restore-driver.patch,"{""failed"": 1}",False,"E           RuntimeError: In the deterministic mode of Inductor, we will avoid those
E                   benchmarkings that would cause non-deterministic results. Only benchmarkings in the vetted
E                   scenarios are allowed. Examples include autotuning for triton configs of pointwise kernels.
E                   When you see this exception, you can do one of the following two things:
E                   1. if the benchmarking you are doing does not introduce any non-determinism, you can just
E                   add is_vetted_benchmarking=True to your benchmark_gpu call. That would solve the issue.
E                   2. if the benchmarking you are doing indeed introduces non-determinism, you'll need to disable
E                   such feature in deterministic mode or find an alternative implementation that is deterministic.",本轮异常签名/跳过原因及实例结果与基线一致：测试类启用 config.deterministic；NPUCachingAutotuner._bench_with_launch_args 调 benchmark_gpu 未提供 vetted 标记，may_ban_benchmarking 抛 RuntimeError。,../npu-inductor-pr47384-restored-driver-20261009/batch-05-results.json#test_inplace_padding.py::test_mutating_padding_input,../npu-inductor-213-batches-20261008/batch-05-source-evidence.json#test_inplace_padding.py::test_mutating_padding_input,未另行适配复测,,,,,失败,未另行复测,失败,"{""failed"": 1}",first/case-89.json,first/changes.json,"E       AssertionError: Scalars are not equal!
E       Expected 1 but got 0.
E       Absolute difference: 1
E       Relative difference: 1.0",R09,需要：启用确定性模式和 inplace padding 时应保持数值及布局/计数断言。,Inductor,torch_npu/_inductor/runtime/triton_heuristics.py::_bench_with_launch_args；NPU wrapper/scheduler 的 inplace padding,已尝试 pointwise benchmark 适配并复测；benchmark 首错已消除；原优化计数期望 1、实际 0，NPU 未执行被测 inplace padding 优化。保留原断言，需 NPU wrapper/scheduler 的 padding 适配。,参考当前 torch CachingAutotuner.bench 已传递 is_vetted_benchmarking=True 的调用，核对 NPU 候选和输入 reset/clone 语义后传递该标记；仅批准已确认不会改变确定性结果的候选范围。,后续是 NPU padding 布局和算子输入突变契约；删除代码/计数断言或关闭确定性不是修复。,benchmark 首错已消除；原优化计数期望 1、实际 0，NPU 未执行被测 inplace padding 优化。,采用本轮完整方法结果；未复测项沿用此前记录。,本轮未完全通过；实际应用补丁不等于已修复，详见最新阻塞与日志。
90,05,test_inplace_padding.py,InplacePaddingTest,test_mutating_padding_output,验证 padding 输出再被原地修改时不套用仅适合矩阵乘用户的 inplace 优化。,inplace padding 启用时必测：保留空间边界、输入突变及梯度契约；生成代码文本按 NPU 分配/调度方式适配。,失败,失败,失败,状态不变,在完整 PR #47384（16437be0）上加回 transfer_to_npu.py::_patch_triton_driver() 及 _init() 调用；显式选择 Ascend driver，并替换 triton_helpers.set_driver_to_gpu。,尚未全部通过,原用例尚未全部通过，不能将已应用的修改记为修复成功。,../npu-inductor-pr47384-restored-driver-20261009/restore-driver.patch,"{""failed"": 1}",False,"E           RuntimeError: In the deterministic mode of Inductor, we will avoid those
E                   benchmarkings that would cause non-deterministic results. Only benchmarkings in the vetted
E                   scenarios are allowed. Examples include autotuning for triton configs of pointwise kernels.
E                   When you see this exception, you can do one of the following two things:
E                   1. if the benchmarking you are doing does not introduce any non-determinism, you can just
E                   add is_vetted_benchmarking=True to your benchmark_gpu call. That would solve the issue.
E                   2. if the benchmarking you are doing indeed introduces non-determinism, you'll need to disable
E                   such feature in deterministic mode or find an alternative implementation that is deterministic.",本轮异常签名/跳过原因及实例结果与基线一致：测试类启用 config.deterministic；NPUCachingAutotuner._bench_with_launch_args 调 benchmark_gpu 未提供 vetted 标记，may_ban_benchmarking 抛 RuntimeError。,../npu-inductor-pr47384-restored-driver-20261009/batch-05-results.json#test_inplace_padding.py::test_mutating_padding_output,../npu-inductor-213-batches-20261008/batch-05-source-evidence.json#test_inplace_padding.py::test_mutating_padding_output,未另行适配复测,,,,,通过,通过,通过,"{""passed"": 1}",second/case-90.json,second/changes.json,,R09,需要：启用确定性模式和 inplace padding 时应保持数值及布局/计数断言。,Inductor,torch_npu/_inductor/runtime/triton_heuristics.py::_bench_with_launch_args；NPU wrapper/scheduler 的 inplace padding,已限定内建 POINTWISE kernel 传入 vetted benchmark 标记；90 通过，其余到达原 padding 布局/优化次数断言仍失败。保留断言，后续需要 NPU padding 实现。,参考当前 torch CachingAutotuner.bench 已传递 is_vetted_benchmarking=True 的调用，核对 NPU 候选和输入 reset/clone 语义后传递该标记；仅批准已确认不会改变确定性结果的候选范围。,可能仅一处参数传递，但不能只为压下 RuntimeError 全局设置 vetted=True 或关闭 deterministic。核对范围前不列为无条件简单修复。,测试类启用 config.deterministic；NPUCachingAutotuner._bench_with_launch_args 调 benchmark_gpu 未提供 vetted 标记，may_ban_benchmarking 抛 RuntimeError。,采用本轮完整方法结果；未复测项沿用此前记录。,Inductor：仅内建 POINTWISE autotuner 添加 is_vetted_benchmarking 标记，确定性开关保持启用。
91,05,test_inplace_padding.py,InplacePaddingTest,test_linear_and_cel,验证强制 shape padding、确定性初始化下 BF16 Linear+CrossEntropy 的 loss、输入梯度和参数梯度正确。,inplace padding 启用时必测：保留空间边界、输入突变及梯度契约；生成代码文本按 NPU 分配/调度方式适配。,失败,失败,失败,状态不变,在完整 PR #47384（16437be0）上加回 transfer_to_npu.py::_patch_triton_driver() 及 _init() 调用；显式选择 Ascend driver，并替换 triton_helpers.set_driver_to_gpu。,尚未全部通过,原用例尚未全部通过，不能将已应用的修改记为修复成功。,../npu-inductor-pr47384-restored-driver-20261009/restore-driver.patch,"{""failed"": 1}",False,"E           RuntimeError: In the deterministic mode of Inductor, we will avoid those
E                   benchmarkings that would cause non-deterministic results. Only benchmarkings in the vetted
E                   scenarios are allowed. Examples include autotuning for triton configs of pointwise kernels.
E                   When you see this exception, you can do one of the following two things:
E                   1. if the benchmarking you are doing does not introduce any non-determinism, you can just
E                   add is_vetted_benchmarking=True to your benchmark_gpu call. That would solve the issue.
E                   2. if the benchmarking you are doing indeed introduces non-determinism, you'll need to disable
E                   such feature in deterministic mode or find an alternative implementation that is deterministic.",本轮异常签名/跳过原因及实例结果与基线一致：测试类启用 config.deterministic；NPUCachingAutotuner._bench_with_launch_args 调 benchmark_gpu 未提供 vetted 标记，may_ban_benchmarking 抛 RuntimeError。,../npu-inductor-pr47384-restored-driver-20261009/batch-05-results.json#test_inplace_padding.py::test_linear_and_cel,../npu-inductor-213-batches-20261008/batch-05-source-evidence.json#test_inplace_padding.py::test_linear_and_cel,未另行适配复测,,,,,失败,未另行复测,失败,"{""failed"": 1}",first/case-91.json,first/changes.json,"E       AssertionError: Scalars are not equal!
E       Expected 1 but got 0.
E       Absolute difference: 1
E       Relative difference: 1.0",R09,需要：启用确定性模式和 inplace padding 时应保持数值及布局/计数断言。,Inductor,torch_npu/_inductor/runtime/triton_heuristics.py::_bench_with_launch_args；NPU wrapper/scheduler 的 inplace padding,已尝试 pointwise benchmark 适配并复测；benchmark 首错已消除；原优化计数期望 1、实际 0，NPU 未执行被测 inplace padding 优化。保留原断言，需 NPU wrapper/scheduler 的 padding 适配。,参考当前 torch CachingAutotuner.bench 已传递 is_vetted_benchmarking=True 的调用，核对 NPU 候选和输入 reset/clone 语义后传递该标记；仅批准已确认不会改变确定性结果的候选范围。,后续是 NPU padding 布局和算子输入突变契约；删除代码/计数断言或关闭确定性不是修复。,benchmark 首错已消除；原优化计数期望 1、实际 0，NPU 未执行被测 inplace padding 优化。,采用本轮完整方法结果；未复测项沿用此前记录。,本轮未完全通过；实际应用补丁不等于已修复，详见最新阻塞与日志。
92,05,test_inplace_padding.py,InplacePaddingTest,test_linear_and_cel_max_autotune,验证 max_autotune 开启时同一 Linear+CrossEntropy 训练和 padding 回归仍正确。,inplace padding 启用时必测：保留空间边界、输入突变及梯度契约；生成代码文本按 NPU 分配/调度方式适配。,失败,失败,失败,状态不变,在完整 PR #47384（16437be0）上加回 transfer_to_npu.py::_patch_triton_driver() 及 _init() 调用；显式选择 Ascend driver，并替换 triton_helpers.set_driver_to_gpu。,尚未全部通过,原用例尚未全部通过，不能将已应用的修改记为修复成功。,../npu-inductor-pr47384-restored-driver-20261009/restore-driver.patch,"{""failed"": 1}",False,"E           RuntimeError: In the deterministic mode of Inductor, we will avoid those
E                   benchmarkings that would cause non-deterministic results. Only benchmarkings in the vetted
E                   scenarios are allowed. Examples include autotuning for triton configs of pointwise kernels.
E                   When you see this exception, you can do one of the following two things:
E                   1. if the benchmarking you are doing does not introduce any non-determinism, you can just
E                   add is_vetted_benchmarking=True to your benchmark_gpu call. That would solve the issue.
E                   2. if the benchmarking you are doing indeed introduces non-determinism, you'll need to disable
E                   such feature in deterministic mode or find an alternative implementation that is deterministic.",本轮异常签名/跳过原因及实例结果与基线一致：测试类启用 config.deterministic；NPUCachingAutotuner._bench_with_launch_args 调 benchmark_gpu 未提供 vetted 标记，may_ban_benchmarking 抛 RuntimeError。,../npu-inductor-pr47384-restored-driver-20261009/batch-05-results.json#test_inplace_padding.py::test_linear_and_cel_max_autotune,../npu-inductor-213-batches-20261008/batch-05-source-evidence.json#test_inplace_padding.py::test_linear_and_cel_max_autotune,未另行适配复测,,,,,失败,未另行复测,失败,"{""failed"": 1}",first/case-92.json,first/changes.json,"E       AssertionError: Scalars are not equal!
E       Expected 1 but got 0.
E       Absolute difference: 1
E       Relative difference: 1.0",R09,需要：启用确定性模式和 inplace padding 时应保持数值及布局/计数断言。,Inductor,torch_npu/_inductor/runtime/triton_heuristics.py::_bench_with_launch_args；NPU wrapper/scheduler 的 inplace padding,已尝试 pointwise benchmark 适配并复测；benchmark 首错已消除；原优化计数期望 1、实际 0，NPU 未执行被测 inplace padding 优化。保留原断言，需 NPU wrapper/scheduler 的 padding 适配。,参考当前 torch CachingAutotuner.bench 已传递 is_vetted_benchmarking=True 的调用，核对 NPU 候选和输入 reset/clone 语义后传递该标记；仅批准已确认不会改变确定性结果的候选范围。,后续是 NPU padding 布局和算子输入突变契约；删除代码/计数断言或关闭确定性不是修复。,benchmark 首错已消除；原优化计数期望 1、实际 0，NPU 未执行被测 inplace padding 优化。,采用本轮完整方法结果；未复测项沿用此前记录。,本轮未完全通过；实际应用补丁不等于已修复，详见最新阻塞与日志。
93,05,test_triton_extension_backend.py,TritonExtensionBackendTests,test_open_device_registration,验证扩展设备注册 scheduler、wrapper、device interface 后可生成对应 Triton 代码；使用模拟 PrivateUse1 后端。,扩展框架自检：使用模拟 PrivateUse1，应在不占用 NPU 注册槽的隔离环境测试；不是 NPU 数值必测项。,失败,失败,失败,状态不变,在完整 PR #47384（16437be0）上加回 transfer_to_npu.py::_patch_triton_driver() 及 _init() 调用；显式选择 Ascend driver，并替换 triton_helpers.set_driver_to_gpu。,尚未全部通过,原用例尚未全部通过，不能将已应用的修改记为修复成功。,../npu-inductor-pr47384-restored-driver-20261009/restore-driver.patch,"{""failed"": 1}",False,E           RuntimeError: The runtime module of 'npu' has already been registered with '<module 'torch_npu.npu' from '<site-packages>/torch_npu/npu/__init__.py'>',独立进程仍在注册 privateuseone 时提示 npu runtime 已注册；排除了同进程 teardown 删除 torch.npu 的连带错误。,../npu-inductor-pr47384-restored-driver-20261009/case-93-isolated-results.json#test_triton_extension_backend.py::test_open_device_registration,../npu-inductor-213-batches-20261008/batch-05-source-evidence.json#test_triton_extension_backend.py::test_open_device_registration,未另行适配复测,,,,,未另行复测,未另行复测,失败,,,,,R11,无需把替代 PrivateUse1 runtime 的 dummy 注册当作现有 NPU runtime 验收；扩展后端框架可独立测试。,用例,test_triton_extension_backend.py/test_extension_backend.py 的注册/teardown fixture；torch 的 PrivateUse1 单后端注册接口,未再试：隔离进程仍已注册 npu，测试要求注册第二 runtime；应在未加载 torch_npu 的独立上游环境验证，不能删除真实 torch.npu。,在未导入 torch_npu、未自动加载 NPU 后端的独立进程运行原 dummy PrivateUse1 测试；测试清理只删除自己注册的模块，或恢复进入测试前的注册，不删除原 torch.npu。,属于测试前提修正，不能使一个进程内同时存在两个 PrivateUse1 runtime；子进程必须验证整个 dummy 用例，而不是只检查注册不报错。,"独立进程中 torch._register_device_module(privateuseone, dummy_module) 报 npu runtime 已注册；批量时另有 teardown 删除 torch.npu 的连带错误。",采用本轮完整方法结果；未复测项沿用此前记录。,未另行复测，沿用此前结果及通过对应修改。
94,05,test_triton_extension_backend.py,TritonExtensionBackendTests,test_codegen_with_custom_heuristics_module,验证扩展后端的自定义 heuristics 模块和 metadata 字段进入普通编译 kernel 的生成代码。,扩展后端接口：承诺自定义 heuristics/用户 Triton 扩展时保留；常规 NPU 算子验收可独立分类。,失败,失败,失败,状态不变,在完整 PR #47384（16437be0）上加回 transfer_to_npu.py::_patch_triton_driver() 及 _init() 调用；显式选择 Ascend driver，并替换 triton_helpers.set_driver_to_gpu。,尚未全部通过,原用例尚未全部通过，不能将已应用的修改记为修复成功。,../npu-inductor-pr47384-restored-driver-20261009/restore-driver.patch,"{""failed"": 1}",False,"E       torch._dynamo.exc.BackendCompilerFailed: backend='inductor' raised:
E       RuntimeError: The Inner error is reported as above. The process exits for this inner error, and the current working operator name is aclnnInplaceCopy.
E       Since the operator is called asynchronously, the stacktrace may be inaccurate. If you want to get the accurate stacktrace, please set the environment variable ASCEND_LAUNCH_BLOCKING=1.
E       Note: ASCEND_LAUNCH_BLOCKING=1 will force ops to run in synchronous mode, resulting in performance degradation. Please unset ASCEND_LAUNCH_BLOCKING in time after debugging.
E       [ERROR] 2026-10-09-12:00:13 (PID:<redacted>, Device:0, RankID:-1) ERR00100 PTA call acl api failed.
E       Set TORCHDYNAMO_VERBOSE=1 for the internal stack trace (please do this especially if you're reporting a bug to PyTorch). For even more developer context, set TORCH_LOGS=""+dynamo""",独立进程在 fuse_attention 模式初始化的 aclnnInplaceCopy 处报告异步设备异常；本轮该报告没有给出具体非法访存位置，不能认定原 worker 模块搜索路径问题已修复。,../npu-inductor-pr47384-restored-driver-20261009/case-94-isolated-results.json#test_triton_extension_backend.py::test_codegen_with_custom_heuristics_module,../npu-inductor-213-batches-20261008/batch-05-source-evidence.json#test_triton_extension_backend.py::test_codegen_with_custom_heuristics_module,未另行适配复测,,,,,未另行复测,未另行复测,失败,,,,,R10,条件需要：若支持第三方 NPU heuristics 模块，需覆盖 worker 导入与代码生成。,用例+其他模块,test_triton_extension_backend.py 的扩展 backend fixture/PYTHONPATH；torch_npu/_inductor launcher；triton-ascend/CANN runtime,未盲目重试：最新独立报告在 fuse_attention 模式初始化暴露异步设备异常，未证明仅剩模块路径。需定位 kernel/参数，模块最终归属待产物确认。,让 extension_backends/triton 在创建编译 worker 前进入其模块搜索路径，或使用已可导入的完整包名并同步生成 import 与 pickle 引用；fixture 要恢复原搜索路径和已存在的 NPU 注册。,父进程 sys.path 已追加，不能重复同一修复；仅改父进程运行时 PYTHONPATH 对已启动 worker 无效。95 已有独立 launch 地址错误，不能被此方案算作修复。,生成源码 import extension_triton_heuristics，worker 抛 ModuleNotFoundError；测试只给父进程追加 sys.path。,采用本轮完整方法结果；未复测项沿用此前记录。,未另行复测，沿用此前结果及通过对应修改。
95,05,test_triton_extension_backend.py,TritonExtensionBackendTests,test_codegen_with_custom_heuristics_module_udtk,验证扩展后端的自定义 heuristics 模块进入 user-defined Triton kernel 的生成路径。,扩展后端接口：承诺自定义 heuristics/用户 Triton 扩展时保留；常规 NPU 算子验收可独立分类。,失败,失败,失败,状态不变,在完整 PR #47384（16437be0）上加回 transfer_to_npu.py::_patch_triton_driver() 及 _init() 调用；显式选择 Ascend driver，并替换 triton_helpers.set_driver_to_gpu。,尚未全部通过,原用例尚未全部通过，不能将已应用的修改记为修复成功。,../npu-inductor-pr47384-restored-driver-20261009/restore-driver.patch,"{""failed"": 1}",False,"E       torch._dynamo.exc.BackendCompilerFailed: backend='inductor' raised:
E       RuntimeError: copy_between_host_and_device_opapi:torch_npu/csrc/aten/ops/op_api/CopyKernelOpApi.cpp:90 NPU function error: device error type 3, error code is 507035
E       [ERROR] 2026-10-09-12:01:51 (PID:<redacted>, Device:0, RankID:-1) ERR00100 PTA call acl api failed
E       [Error]: The vector core execution is abnormal.
E               Rectify the fault based on the error information in the ascend log.
E       [PID:<redacted>] 2026-10-09-12:01:51.912.788 Invalid_Argument(EL0003): The argument is invalid.
E               Solution: Try again with a valid argument.
E       TraceBack (most recent call last):",独立进程仍出现 AIVEC error 334：SIMT invalid GM address/cross-device access timeout；报错在 fuse_attention 模式初始化时暴露，异步栈不能直接确定故障 kernel。,../npu-inductor-pr47384-restored-driver-20261009/case-95-isolated-results.json#test_triton_extension_backend.py::test_codegen_with_custom_heuristics_module_udtk,../npu-inductor-213-batches-20261008/batch-05-source-evidence.json#test_triton_extension_backend.py::test_codegen_with_custom_heuristics_module_udtk,未另行适配复测,,,,,未另行复测,未另行复测,失败,,,,,R21,条件需要：支持第三方 NPU UDTK backend 时应覆盖真实 launch。,其他模块（归属待确认）,测试扩展 backend 的 launcher 参数；torch_npu/_inductor launcher；triton-ascend runtime/CANN AIVEC,停止于独立报告的 AIVEC 334 非法地址；缺少故障 kernel 与 launch 实参，不能只改 fixture 宣称修复。,保存 kernel 与 launcher 实参，对照原生 NPU backend，定位 grid、指针、metadata 不一致后再决定修复位置。,修测试 tearDown 或模块路径不能覆盖独立进程中仍出现的 AIVEC 334；不能先列为简单修复。,批量时受前项 teardown 删除 torch.npu 连带影响；独立进程重跑后实际触发 AIVEC error 334：SIMT invalid GM address/cross-device access timeout。,采用本轮完整方法结果；未复测项沿用此前记录。,未另行复测，沿用此前结果及通过对应修改。
96,05,test_compile_subprocess.py,GPUTests; TestSubprocess,test_progressive,验证 progressive 编译先运行快速版本、后台产出优化版本并切换，检查运行计数、max_autotune 和性能收益。,异步/progressive 编译启用时必测；只支持同步编译时不作为基础门槛，仍需记录功能支持范围。,跳过,跳过,跳过,状态不变,在完整 PR #47384（16437be0）上加回 transfer_to_npu.py::_patch_triton_driver() 及 _init() 调用；显式选择 Ascend driver，并替换 triton_helpers.set_driver_to_gpu。,尚未全部通过,原用例尚未全部通过，不能将已应用的修改记为修复成功。,../npu-inductor-pr47384-restored-driver-20261009/restore-driver.patch,"{""skipped"": 2}",False,,"本轮异常签名/跳过原因及实例结果与基线一致：@skipIf(not IS_BIG_GPU, ""Skipping triton backend only since not big GPU (not enough SM)"") 跳过。",../npu-inductor-pr47384-restored-driver-20261009/batch-05-results.json#test_compile_subprocess.py::test_progressive,../npu-inductor-213-batches-20261008/batch-05-source-evidence.json#test_compile_subprocess.py::test_progressive,失败,"测试副本设置 PYTORCH_TEST_WITH_SLOW=1；not IS_BIG_GPU, → not (npu_triton_templates_available() if GPU_TYPE == ""npu"" else IS_BIG_GPU),；按 NPU 可用性、has_triton 和 TRITON_TEMPLATES 实际能力决定执行。",适配复测仍未通过；下列适配条件不代表修复成功。,../npu-inductor-213-batches-20261008/skip-validation/manifest.json；../npu-inductor-pr47384-restored-driver-20261009/restore-driver.patch,../npu-inductor-pr47384-restored-driver-20261009/skip/case-96.json#test_compile_subprocess.py::test_progressive,未另行复测,失败,失败,"{""failed"": 2}",second/case-96.json,second/changes.json,"E               torch._inductor.compile_worker.subproc_pool.SubprocException: An exception occurred in a subprocess:
E               Name=<unknown>
E               Traceback (most recent call last):
E                 File ""<site-packages>/torch/utils/_config_module.py"", line 438, in __getattr__
E                   config = self._config[name]
E                            ~~~~~~~~~~~~^^^^^^
E               KeyError: 'npu_backend'
E               The above exception was the direct cause of the following exception:

E               torch._inductor.compile_worker.subproc_pool.SubprocException: An exception occurred in a subprocess:
E               Name=<unknown>
E               Traceback (most recent call last):
E                 File ""<site-packages>/torch/utils/_config_module.py"", line 438, in __getattr__
E                   config = self._config[name]
E                            ~~~~~~~~~~~~^^^^^^
E               KeyError: 'npu_backend'
E               The above exception was the direct cause of the following exception:",S05,需要：启用 progressive 编译时应检验后台优化和原性能条件。,Inductor+torch_npu 配置注册,torch_npu/_inductor/__init__.py 的 warm_pool/后端加载顺序；torch_npu/utils/_dynamo.py::_inject_inductor_npu_backend_config；torch/_inductor/compile_fx_ext.py 的 config 恢复,已尝试 HOO fallback 恢复补丁；原 Only OpOverload 首错消失，后续子进程 config.patch 报 npu_backend 未注册。整项仍失败。,需使子进程在恢复父进程 config 前具备同一 NPU backend/config 注册；核对 fork/spawn 初始化顺序并保留所有 config key。随后重跑完整异步/progressive 流程。,不能过滤 npu_backend 等配置键、取消异步或关闭被测模式。现有 warm_pool 位于 backend/config 注册前，属于待验证的初始化顺序线索，不能据此直接归因或冒险调整全部导入顺序。,torch/_inductor/compile_fx_ext.py::_run_in_child 在 config.patch(input.config) 遇到 AttributeError: torch._inductor.config.npu_backend does not exist。,采用本轮完整方法结果；未复测项沿用此前记录。,本轮未完全通过；实际应用补丁不等于已修复，详见最新阻塞与日志。
97,05,test_compile_subprocess.py,GPUTests; TestSubprocess,test_async,验证异步子进程编译在等待期间使用 eager，前向/反向完成后切换到 compiled，并核对后台任务计数。,异步/progressive 编译启用时必测；只支持同步编译时不作为基础门槛，仍需记录功能支持范围。,失败,失败,失败,状态不变,在完整 PR #47384（16437be0）上加回 transfer_to_npu.py::_patch_triton_driver() 及 _init() 调用；显式选择 Ascend driver，并替换 triton_helpers.set_driver_to_gpu。,尚未全部通过,原用例尚未全部通过，不能将已应用的修改记为修复成功。,../npu-inductor-pr47384-restored-driver-20261009/restore-driver.patch,"{""failed"": 2}",False,"E               torch._inductor.compile_worker.subproc_pool.SubprocException: An exception occurred in a subprocess:
E               Name=<unknown>
E               Traceback (most recent call last):
E                 File ""<site-packages>/torch/_inductor/compile_worker/subproc_pool.py"", line 475, in do_job
E                   result = job()
E                            ^^^^^
E                 File ""<site-packages>/torch/_inductor/compile_fx_subproc.py"", line 91, in _run_in_child_subprocess
E                   result = cls._run_in_child(pickled_input, extra_env)

E               torch._inductor.compile_worker.subproc_pool.SubprocException: An exception occurred in a subprocess:
E               Name=<unknown>
E               Traceback (most recent call last):
E                 File ""<site-packages>/torch/_inductor/compile_worker/subproc_pool.py"", line 475, in do_job
E                   result = job()
E                            ^^^^^
E                 File ""<site-packages>/torch/_inductor/compile_fx_subproc.py"", line 91, in _run_in_child_subprocess
E                   result = cls._run_in_child(pickled_input, extra_env)",本轮异常签名/跳过原因及实例结果与基线一致：_LoweringSerializerContextManager 恢复父进程 fallback 时把非 OpOverload 的 key 传给 force_fallback，触发 Only OpOverload 断言。,../npu-inductor-pr47384-restored-driver-20261009/batch-05-results.json#test_compile_subprocess.py::test_async,../npu-inductor-213-batches-20261008/batch-05-source-evidence.json#test_compile_subprocess.py::test_async,未另行适配复测,,,,,未另行复测,失败,失败,"{""failed"": 2}",second/case-97.json,second/changes.json,"E               torch._inductor.compile_worker.subproc_pool.SubprocException: An exception occurred in a subprocess:
E               Name=<unknown>
E               Traceback (most recent call last):
E                 File ""<site-packages>/torch/utils/_config_module.py"", line 438, in __getattr__
E                   config = self._config[name]
E                            ~~~~~~~~~~~~^^^^^^
E               KeyError: 'npu_backend'
E               The above exception was the direct cause of the following exception:

E               torch._inductor.compile_worker.subproc_pool.SubprocException: An exception occurred in a subprocess:
E               Name=<unknown>
E               Traceback (most recent call last):
E                 File ""<site-packages>/torch/utils/_config_module.py"", line 438, in __getattr__
E                   config = self._config[name]
E                            ~~~~~~~~~~~~^^^^^^
E               KeyError: 'npu_backend'
E               The above exception was the direct cause of the following exception:",R22,需要：异步编译需完整恢复父进程 lowering 注册。,Inductor+torch_npu 配置注册,torch_npu/_inductor/__init__.py 的 warm_pool/后端加载顺序；torch_npu/utils/_dynamo.py::_inject_inductor_npu_backend_config；torch/_inductor/compile_fx_ext.py 的 config 恢复,已尝试 HOO fallback 恢复补丁；原 Only OpOverload 首错消失，后续子进程 config.patch 报 npu_backend 未注册。整项仍失败。,需使子进程在恢复父进程 config 前具备同一 NPU backend/config 注册；核对 fork/spawn 初始化顺序并保留所有 config key。随后重跑完整异步/progressive 流程。,不能过滤 npu_backend 等配置键、取消异步或关闭被测模式。现有 warm_pool 位于 backend/config 注册前，属于待验证的初始化顺序线索，不能据此直接归因或冒险调整全部导入顺序。,torch/_inductor/compile_fx_ext.py::_run_in_child 在 config.patch(input.config) 遇到 AttributeError: torch._inductor.config.npu_backend does not exist。,采用本轮完整方法结果；未复测项沿用此前记录。,本轮未完全通过；实际应用补丁不等于已修复，详见最新阻塞与日志。
128,07,test_torchinductor.py,GPUTests,test_logaddexp,验证 complex64 logaddexp 的编译结果与 eager 一致；不是普通实数 logaddexp 用例。,complex64 能力项：承诺复数 logaddexp 时必测；不支持时保留能力/错误契约，不能用实数替换原目标。,失败,失败,失败,状态不变,在完整 PR #47384（16437be0）上加回 transfer_to_npu.py::_patch_triton_driver() 及 _init() 调用；显式选择 Ascend driver，并替换 triton_helpers.set_driver_to_gpu。,尚未全部通过,原用例尚未全部通过，不能将已应用的修改记为修复成功。,../npu-inductor-pr47384-restored-driver-20261009/restore-driver.patch,"{""failed"": 1}",False,"E       RuntimeError: logaddexp:third_party/op-plugin/op_plugin/ops/opapi/StructKernelNpuOpApi_5.cpp:51 NPU function error: call aclnnLogAddExp failed, error code is 507899
E       [ERROR] 2026-10-09-11:50:27 (PID:<redacted>, Device:1, RankID:-1) ERR00100 PTA call acl api failed
E       [Error]: An internal error occurs in the Driver module.
E               Rectify the fault based on the error information in the ascend log.
E       [PID:<redacted>] 2026-10-09-11:50:27.124.346 AclNN_Parameter_Error(EZ1001): Tensor self not implemented for DT_COMPLEX64, should be in dtype support list [DT_FLOAT,DT_FLOAT16,DT_DOUBLE,DT_INT8,DT_UINT8,DT_INT16,DT_UINT16,DT_INT32,DT_UINT32,DT_INT64,DT_UINT64,DT_BOOL,DT_BFLOAT16,].",本轮异常签名/跳过原因及实例结果与基线一致：aclnnLogAddExp 明确拒绝 DT_COMPLEX64；未进入 compiled/eager 对比。,../npu-inductor-pr47384-restored-driver-20261009/batch-07-results.json#test_torchinductor.py::test_logaddexp,../npu-inductor-213-batches-20261008/batch-07-source-evidence.json#test_torchinductor.py::test_logaddexp,未另行适配复测,,,,,未另行复测,未另行复测,失败,,,,,R23,条件需要：承诺 complex64 logaddexp 支持时修复；当前真实类型能力缺口可明确保留。,其他模块,op-plugin 的 LogAddExp 算子适配；CANN aclnnLogAddExp complex64 实现；必要的复数 decomposition,未改：eager 已拒绝 complex64；换 real 输入或只加 skip 不能算修复。,若只维护测试矩阵，可仿照原 CUDA/XPU 装饰器为 NPU 标记精确 skip；真实功能修复需要复数 logaddexp 实现。,添加 skip 可防止无意义红例，但不是通过；换成 real 输入会删除本项的 complex64 目标。,aclnnLogAddExp 明确拒绝 DT_COMPLEX64；未进入 compiled/eager 对比。,采用本轮完整方法结果；未复测项沿用此前记录。,未另行复测，沿用此前结果及通过对应修改。
131,07,test_torchinductor.py,GPUTests,test_round_correctness,验证目标设备最高浮点精度下 -10 到 10、步长 0.1 的 round 边界行为。,dtype 能力项：按声明的 fp64 支持范围验收；不支持时需要明确能力/错误契约，不能换 float32 后称原用例已修复。,失败,失败,失败,状态不变,在完整 PR #47384（16437be0）上加回 transfer_to_npu.py::_patch_triton_driver() 及 _init() 调用；显式选择 Ascend driver，并替换 triton_helpers.set_driver_to_gpu。,尚未全部通过,原用例尚未全部通过，不能将已应用的修改记为修复成功。,../npu-inductor-pr47384-restored-driver-20261009/restore-driver.patch,"{""failed"": 1}",False,"E           torch._inductor.exc.InductorError: SubprocException: An exception occurred in a subprocess:
E           Name=triton_poi_fused_round_0
E           Traceback (most recent call last):
E             File ""<site-packages>/torch/_inductor/compile_worker/subproc_pool.py"", line 475, in do_job
E               result = job()
E                        ^^^^^
E             File ""<site-packages>/torch/_inductor/runtime/compile_tasks.py"", line 204, in _worker_compile_triton
E               kernel.precompile(warm_cache_only=True)",本组失败实例出现：PR 已使 CudaDriver.is_active() 为 False，但 PyTorch _is_backend_active 又用 torch.cuda.is_available() 兜底；迁移别名返回 True，仍构造 CudaDriver 并因缺少 libcuda.so 失败。,../npu-inductor-pr47384-restored-driver-20261009/batch-07-results.json#test_torchinductor.py::test_round_correctness,../npu-inductor-213-batches-20261008/batch-07-source-evidence.json#test_torchinductor.py::test_round_correctness,未另行适配复测,,,,,未另行复测,未另行复测,失败,,,,,R08,无需在当前不支持 fp64 的 NPU 配置强修原精度目标；受支持 dtype 的相应功能仍需覆盖。,其他模块,triton-ascend CANN libdevice 的 float64 重载及编译器 f64 load/store；op-plugin/ACLLN 的 Trunc 等 Double 支持,未改 dtype、未降低精度：增加 fp32 变体不能算原 fp64 用例修复。保留能力缺口。,17 可增加 float32 的 any/isinf/Inf 变体；131 增加 float32 round 边界变体；210 的 y 是全 1，可使用 float32 验证原动态 shape/gather 流程；224 可参照既有 MPS 分支增加 NPU 的 bf16/fp32/bool 转换变体。,代码改动小但减少/替换 dtype 覆盖；只在目标接受“验证 NPU 已支持类型”时建议采用。不能声称修好了原 fp64 用例；182 的目标就是 float64 linear，不能用此方法修。,恢复 driver 后，完整日志实际为 nearbyint 只接受 fp32，当前输入 fp64；不是继续误选 CudaDriver。,采用本轮完整方法结果；未复测项沿用此前记录。,未另行复测，沿用此前结果及通过对应修改。
132,07,test_torchinductor.py,GPUTests,test_builtins_round,验证动态 fullgraph 中 Python round 浮点表达式可用于 slice 终点及 Tensor 加法。,基础正确性或边界回归：建议保留；按原输入、dtype、形状和断言验证 NPU，不能仅根据当前失败/跳过删除。,失败,失败,失败,状态不变,在完整 PR #47384（16437be0）上加回 transfer_to_npu.py::_patch_triton_driver() 及 _init() 调用；显式选择 Ascend driver，并替换 triton_helpers.set_driver_to_gpu。,尚未全部通过,原用例尚未全部通过，不能将已应用的修改记为修复成功。,../npu-inductor-pr47384-restored-driver-20261009/restore-driver.patch,"{""failed"": 1}",False,"E               torch._dynamo.exc.BackendCompilerFailed: backend='inductor' raised:
E               AttributeError: 'SymFloat' object has no attribute 'dtype'
E               Set TORCHDYNAMO_VERBOSE=1 for the internal stack trace (please do this especially if you're reporting a bug to PyTorch). For even more developer context, set TORCH_LOGS=""+dynamo""",本轮异常签名/跳过原因及实例结果与基线一致：input_fake 是 SymFloat，优化 pass 在确认节点为 Tensor.to 前先读取 input_fake.dtype，抛出 AttributeError。,../npu-inductor-pr47384-restored-driver-20261009/batch-07-results.json#test_torchinductor.py::test_builtins_round,../npu-inductor-213-batches-20261008/batch-07-source-evidence.json#test_torchinductor.py::test_builtins_round,未另行适配复测,,,,,通过,通过,通过,"{""passed"": 1}",second/case-132.json,second/changes.json,,R01,需要：符号标量 round 是合法动态编译语义。,Inductor,torch_npu/_inductor/fx_passes/ascend_custom_passes/ascend_graph_pass.py::dtype_optimal_pass,仅 Tensor.to 且输入为 Tensor/FakeTensor 时读 dtype，避免 SymFloat.dtype；5 项原断言通过并在第二轮回归。,"局部修改 call_method 分支：先检查 node.target == ""to"" 且有输入，再仅对 Tensor/FakeTensor example_value 读取 dtype。其他标量方法跳过此 Tensor cast 优化，不跳过编译或 round。",这是当前 AttributeError 的小修复；后续 lowering 尚未运行到，不能承诺 5 项全部通过。,input_fake 是 SymFloat，优化 pass 在确认节点为 Tensor.to 前先读取 input_fake.dtype，抛出 AttributeError。,采用本轮完整方法结果；未复测项沿用此前记录。,Inductor：dtype_optimal_pass 仅对 Tensor.to 的 Tensor 输入读取 dtype。
133,07,test_torchinductor.py,GPUTests,test_builtins_round_float_ndigits_pos,验证动态 Python round 的正 ndigits=1 保留小数位语义。,基础正确性或边界回归：建议保留；按原输入、dtype、形状和断言验证 NPU，不能仅根据当前失败/跳过删除。,失败,失败,失败,状态不变,在完整 PR #47384（16437be0）上加回 transfer_to_npu.py::_patch_triton_driver() 及 _init() 调用；显式选择 Ascend driver，并替换 triton_helpers.set_driver_to_gpu。,尚未全部通过,原用例尚未全部通过，不能将已应用的修改记为修复成功。,../npu-inductor-pr47384-restored-driver-20261009/restore-driver.patch,"{""failed"": 1}",False,"E               torch._dynamo.exc.BackendCompilerFailed: backend='inductor' raised:
E               AttributeError: 'SymFloat' object has no attribute 'dtype'
E               Set TORCHDYNAMO_VERBOSE=1 for the internal stack trace (please do this especially if you're reporting a bug to PyTorch). For even more developer context, set TORCH_LOGS=""+dynamo""",本轮异常签名/跳过原因及实例结果与基线一致：input_fake 是 SymFloat，优化 pass 在确认节点为 Tensor.to 前先读取 input_fake.dtype，抛出 AttributeError。,../npu-inductor-pr47384-restored-driver-20261009/batch-07-results.json#test_torchinductor.py::test_builtins_round_float_ndigits_pos,../npu-inductor-213-batches-20261008/batch-07-source-evidence.json#test_torchinductor.py::test_builtins_round_float_ndigits_pos,未另行适配复测,,,,,通过,通过,通过,"{""passed"": 1}",second/case-133.json,second/changes.json,,R01,需要：符号标量 round 是合法动态编译语义。,Inductor,torch_npu/_inductor/fx_passes/ascend_custom_passes/ascend_graph_pass.py::dtype_optimal_pass,仅 Tensor.to 且输入为 Tensor/FakeTensor 时读 dtype，避免 SymFloat.dtype；5 项原断言通过并在第二轮回归。,"局部修改 call_method 分支：先检查 node.target == ""to"" 且有输入，再仅对 Tensor/FakeTensor example_value 读取 dtype。其他标量方法跳过此 Tensor cast 优化，不跳过编译或 round。",这是当前 AttributeError 的小修复；后续 lowering 尚未运行到，不能承诺 5 项全部通过。,input_fake 是 SymFloat，优化 pass 在确认节点为 Tensor.to 前先读取 input_fake.dtype，抛出 AttributeError。,采用本轮完整方法结果；未复测项沿用此前记录。,Inductor：dtype_optimal_pass 仅对 Tensor.to 的 Tensor 输入读取 dtype。
134,07,test_torchinductor.py,GPUTests,test_builtins_round_float_ndigits_zero,验证动态 Python round 的 ndigits=0 舍入语义。,基础正确性或边界回归：建议保留；按原输入、dtype、形状和断言验证 NPU，不能仅根据当前失败/跳过删除。,失败,失败,失败,状态不变,在完整 PR #47384（16437be0）上加回 transfer_to_npu.py::_patch_triton_driver() 及 _init() 调用；显式选择 Ascend driver，并替换 triton_helpers.set_driver_to_gpu。,尚未全部通过,原用例尚未全部通过，不能将已应用的修改记为修复成功。,../npu-inductor-pr47384-restored-driver-20261009/restore-driver.patch,"{""failed"": 1}",False,"E               torch._dynamo.exc.BackendCompilerFailed: backend='inductor' raised:
E               AttributeError: 'SymFloat' object has no attribute 'dtype'
E               Set TORCHDYNAMO_VERBOSE=1 for the internal stack trace (please do this especially if you're reporting a bug to PyTorch). For even more developer context, set TORCH_LOGS=""+dynamo""",本轮异常签名/跳过原因及实例结果与基线一致：input_fake 是 SymFloat，优化 pass 在确认节点为 Tensor.to 前先读取 input_fake.dtype，抛出 AttributeError。,../npu-inductor-pr47384-restored-driver-20261009/batch-07-results.json#test_torchinductor.py::test_builtins_round_float_ndigits_zero,../npu-inductor-213-batches-20261008/batch-07-source-evidence.json#test_torchinductor.py::test_builtins_round_float_ndigits_zero,未另行适配复测,,,,,通过,通过,通过,"{""passed"": 1}",second/case-134.json,second/changes.json,,R01,需要：符号标量 round 是合法动态编译语义。,Inductor,torch_npu/_inductor/fx_passes/ascend_custom_passes/ascend_graph_pass.py::dtype_optimal_pass,仅 Tensor.to 且输入为 Tensor/FakeTensor 时读 dtype，避免 SymFloat.dtype；5 项原断言通过并在第二轮回归。,"局部修改 call_method 分支：先检查 node.target == ""to"" 且有输入，再仅对 Tensor/FakeTensor example_value 读取 dtype。其他标量方法跳过此 Tensor cast 优化，不跳过编译或 round。",这是当前 AttributeError 的小修复；后续 lowering 尚未运行到，不能承诺 5 项全部通过。,input_fake 是 SymFloat，优化 pass 在确认节点为 Tensor.to 前先读取 input_fake.dtype，抛出 AttributeError。,采用本轮完整方法结果；未复测项沿用此前记录。,Inductor：dtype_optimal_pass 仅对 Tensor.to 的 Tensor 输入读取 dtype。
135,07,test_torchinductor.py,GPUTests,test_builtins_round_float_ndigits_neg,验证动态 Python round 的负 ndigits=-1 十位舍入语义。,基础正确性或边界回归：建议保留；按原输入、dtype、形状和断言验证 NPU，不能仅根据当前失败/跳过删除。,失败,失败,失败,状态不变,在完整 PR #47384（16437be0）上加回 transfer_to_npu.py::_patch_triton_driver() 及 _init() 调用；显式选择 Ascend driver，并替换 triton_helpers.set_driver_to_gpu。,尚未全部通过,原用例尚未全部通过，不能将已应用的修改记为修复成功。,../npu-inductor-pr47384-restored-driver-20261009/restore-driver.patch,"{""failed"": 1}",False,"E               torch._dynamo.exc.BackendCompilerFailed: backend='inductor' raised:
E               AttributeError: 'SymFloat' object has no attribute 'dtype'
E               Set TORCHDYNAMO_VERBOSE=1 for the internal stack trace (please do this especially if you're reporting a bug to PyTorch). For even more developer context, set TORCH_LOGS=""+dynamo""",本轮异常签名/跳过原因及实例结果与基线一致：input_fake 是 SymFloat，优化 pass 在确认节点为 Tensor.to 前先读取 input_fake.dtype，抛出 AttributeError。,../npu-inductor-pr47384-restored-driver-20261009/batch-07-results.json#test_torchinductor.py::test_builtins_round_float_ndigits_neg,../npu-inductor-213-batches-20261008/batch-07-source-evidence.json#test_torchinductor.py::test_builtins_round_float_ndigits_neg,未另行适配复测,,,,,通过,通过,通过,"{""passed"": 1}",second/case-135.json,second/changes.json,,R01,需要：符号标量 round 是合法动态编译语义。,Inductor,torch_npu/_inductor/fx_passes/ascend_custom_passes/ascend_graph_pass.py::dtype_optimal_pass,仅 Tensor.to 且输入为 Tensor/FakeTensor 时读 dtype，避免 SymFloat.dtype；5 项原断言通过并在第二轮回归。,"局部修改 call_method 分支：先检查 node.target == ""to"" 且有输入，再仅对 Tensor/FakeTensor example_value 读取 dtype。其他标量方法跳过此 Tensor cast 优化，不跳过编译或 round。",这是当前 AttributeError 的小修复；后续 lowering 尚未运行到，不能承诺 5 项全部通过。,input_fake 是 SymFloat，优化 pass 在确认节点为 Tensor.to 前先读取 input_fake.dtype，抛出 AttributeError。,采用本轮完整方法结果；未复测项沿用此前记录。,Inductor：dtype_optimal_pass 仅对 Tensor.to 的 Tensor 输入读取 dtype。
136,07,test_torchinductor.py,GPUTests,test_builtins_round_float_ndigits_neg_uses_value_expr,验证显式 Inductor fullgraph 路径中负 ndigits 的符号值表达式 lowering 与 eager 一致。,动态标量回归：与 ndigits=-1 数值测试高度重叠；可核对 backend/装饰条件后合并参数化，保留显式 Inductor 路径。,失败,失败,失败,状态不变,在完整 PR #47384（16437be0）上加回 transfer_to_npu.py::_patch_triton_driver() 及 _init() 调用；显式选择 Ascend driver，并替换 triton_helpers.set_driver_to_gpu。,尚未全部通过,原用例尚未全部通过，不能将已应用的修改记为修复成功。,../npu-inductor-pr47384-restored-driver-20261009/restore-driver.patch,"{""failed"": 1}",False,"E               torch._dynamo.exc.BackendCompilerFailed: backend='inductor' raised:
E               AttributeError: 'SymFloat' object has no attribute 'dtype'
E               Set TORCHDYNAMO_VERBOSE=1 for the internal stack trace (please do this especially if you're reporting a bug to PyTorch). For even more developer context, set TORCH_LOGS=""+dynamo""",本轮异常签名/跳过原因及实例结果与基线一致：input_fake 是 SymFloat，优化 pass 在确认节点为 Tensor.to 前先读取 input_fake.dtype，抛出 AttributeError。,../npu-inductor-pr47384-restored-driver-20261009/batch-07-results.json#test_torchinductor.py::test_builtins_round_float_ndigits_neg_uses_value_expr,../npu-inductor-213-batches-20261008/batch-07-source-evidence.json#test_torchinductor.py::test_builtins_round_float_ndigits_neg_uses_value_expr,未另行适配复测,,,,,通过,通过,通过,"{""passed"": 1}",second/case-136.json,second/changes.json,,R01,需要：符号标量 round 是合法动态编译语义。,Inductor,torch_npu/_inductor/fx_passes/ascend_custom_passes/ascend_graph_pass.py::dtype_optimal_pass,仅 Tensor.to 且输入为 Tensor/FakeTensor 时读 dtype，避免 SymFloat.dtype；5 项原断言通过并在第二轮回归。,"局部修改 call_method 分支：先检查 node.target == ""to"" 且有输入，再仅对 Tensor/FakeTensor example_value 读取 dtype。其他标量方法跳过此 Tensor cast 优化，不跳过编译或 round。",这是当前 AttributeError 的小修复；后续 lowering 尚未运行到，不能承诺 5 项全部通过。,input_fake 是 SymFloat，优化 pass 在确认节点为 Tensor.to 前先读取 input_fake.dtype，抛出 AttributeError。,采用本轮完整方法结果；未复测项沿用此前记录。,Inductor：dtype_optimal_pass 仅对 Tensor.to 的 Tensor 输入读取 dtype。
157,08,test_torchinductor.py,GPUTests,test_floordiv_div_by_zero_int,验证加速器整数 floor division 遇到零除数时保持 eager 的边界语义。,基础正确性或边界回归：建议保留；按原输入、dtype、形状和断言验证 NPU，不能仅根据当前失败/跳过删除。,失败,失败,失败,状态不变,在完整 PR #47384（16437be0）上加回 transfer_to_npu.py::_patch_triton_driver() 及 _init() 调用；显式选择 Ascend driver，并替换 triton_helpers.set_driver_to_gpu。,尚未全部通过,原用例尚未全部通过，不能将已应用的修改记为修复成功。,../npu-inductor-pr47384-restored-driver-20261009/restore-driver.patch,"{""failed"": 1}",False,"E       AssertionError: Tensor-likes are not equal!
E       Mismatched elements: 8 / 8 (100.0%)
E       Greatest absolute difference: 2147450751 at index (0,)
E       Greatest relative difference: 1.0 at index (0,)",本轮异常签名/跳过原因及实例结果与基线一致：首个 int32 全零除数输入，compiled 返回 0，NPU eager 返回 2147450751，8/8 元素不一致。,../npu-inductor-pr47384-restored-driver-20261009/batch-08-results.json#test_torchinductor.py::test_floordiv_div_by_zero_int,../npu-inductor-213-batches-20261008/batch-08-source-evidence.json#test_torchinductor.py::test_floordiv_div_by_zero_int,未另行适配复测,,,,,未另行复测,未另行复测,失败,,,,,R24,需要明确负向契约；不应要求编译端复现本次 eager 的不稳定整数除零值。,其他模块+Inductor/用例,op-plugin FloorDivideKernelNpuOpApi.cpp；CANN aclnnFloorDivide；NPU integer floordiv lowering,未改：需先决定稳定报错/返回契约；不硬编码 2147450751，不删除零除数。,先确认整数除零应稳定返回还是报错，再设计精确 eager/compiled 断言与实现。,不能把本次 eager 的 2147450751 写成预期常数，也不能删除零除数；当前没有可直接采用的稳定 NPU 契约。,首个 int32 全零除数输入，compiled 返回 0，NPU eager 返回 2147450751，8/8 元素不一致。,采用本轮完整方法结果；未复测项沿用此前记录。,未另行复测，沿用此前结果及通过对应修改。
163,09,test_torchinductor.py,GPUTests,test_large_tensor_reduction,验证 2^32 个 int8 元素的 max 能读到末尾最大值，覆盖超过 32 位的索引。,大索引正确性：建议保留真实规模，放容量允许的定期/专项回归；缩小到 32 位范围会失去测试目的。,跳过,跳过,跳过,状态不变,在完整 PR #47384（16437be0）上加回 transfer_to_npu.py::_patch_triton_driver() 及 _init() 调用；显式选择 Ascend driver，并替换 triton_helpers.set_driver_to_gpu。,尚未全部通过,原用例尚未全部通过，不能将已应用的修改记为修复成功。,../npu-inductor-pr47384-restored-driver-20261009/restore-driver.patch,"{""skipped"": 1}",False,,"本轮异常签名/跳过原因及实例结果与基线一致：largeTensorTest 调用 _has_sufficient_memory；其仅识别 cuda/xpu/xla/cpu/mps，npu 落入 SkipTest(""Unknown device type"")。不是实际测得显存不足。",../npu-inductor-pr47384-restored-driver-20261009/batch-09-results.json#test_torchinductor.py::test_large_tensor_reduction,../npu-inductor-213-batches-20261008/batch-09-source-evidence.json#test_torchinductor.py::test_large_tensor_reduction,通过,测试副本设置 PYTORCH_TEST_WITH_SLOW=1；@largeTensorTest( → @npu_large_tensor_test(；使用 NPU 真实可用内存检查，保留原 shape/stride/offset。,采用下列测试适配后，基线即已通过；PR 与本轮 driver patch 均保持通过。,../npu-inductor-213-batches-20261008/skip-validation/manifest.json；../npu-inductor-pr47384-restored-driver-20261009/restore-driver.patch,../npu-inductor-pr47384-restored-driver-20261009/skip/case-163.json#test_torchinductor.py::test_large_tensor_reduction,通过,未另行复测,通过,"{""passed"": 1}",first/case-163.json,first/changes.json,,S01,需要：大存储的 64 位索引、stride/offset 与归约正确性必须保留。,用例,common_device_type 大张量内存检查；skip_validation_support.py::npu_large_tensor_test,按 NPU 实际可用内存判断，保留 4/4/3/2 GiB 门槛和原输入；4 项适配通过。,为 NPU 使用真实设备索引查询可用内存和进程配额，保留原 4/4/3/2 GiB 门槛及 cpp_wrapper 额外分配估计；其他后端沿用原 largeTensorTest。满足门槛才执行原方法，移除 Unknown device type 造成的误跳过。,优先解除测试工具误判，不等于已经验证 64 位索引能力。不能缩小到 int32 范围、永久返回内存充足或只看设备总容量；旁边大广播归约通过不能替代这些大存储场景。,"largeTensorTest 调用 _has_sufficient_memory；其仅识别 cuda/xpu/xla/cpu/mps，npu 落入 SkipTest(""Unknown device type"")。不是实际测得显存不足。",采用本轮完整方法结果；未复测项沿用此前记录。,测试副本设置 PYTORCH_TEST_WITH_SLOW=1；@largeTensorTest( → @npu_large_tensor_test(；使用 NPU 真实可用内存检查，保留原 shape/stride/offset。；本轮相同适配下复测保持通过。
165,09,test_torchinductor.py,GPUTests,test_large_pointwise,验证 2^31+1 个 int8 元素的逐元素加法和全量输出，覆盖有符号 32 位索引边界。,大索引正确性：建议保留真实规模，放容量允许的定期/专项回归；缩小到 32 位范围会失去测试目的。,跳过,跳过,跳过,状态不变,在完整 PR #47384（16437be0）上加回 transfer_to_npu.py::_patch_triton_driver() 及 _init() 调用；显式选择 Ascend driver，并替换 triton_helpers.set_driver_to_gpu。,尚未全部通过,原用例尚未全部通过，不能将已应用的修改记为修复成功。,../npu-inductor-pr47384-restored-driver-20261009/restore-driver.patch,"{""skipped"": 1}",False,,"本轮异常签名/跳过原因及实例结果与基线一致：largeTensorTest 调用 _has_sufficient_memory；其仅识别 cuda/xpu/xla/cpu/mps，npu 落入 SkipTest(""Unknown device type"")。不是实际测得显存不足。",../npu-inductor-pr47384-restored-driver-20261009/batch-09-results.json#test_torchinductor.py::test_large_pointwise,../npu-inductor-213-batches-20261008/batch-09-source-evidence.json#test_torchinductor.py::test_large_pointwise,通过,测试副本设置 PYTORCH_TEST_WITH_SLOW=1；@largeTensorTest( → @npu_large_tensor_test(；使用 NPU 真实可用内存检查，保留原 shape/stride/offset。,采用下列测试适配后，基线即已通过；PR 与本轮 driver patch 均保持通过。,../npu-inductor-213-batches-20261008/skip-validation/manifest.json；../npu-inductor-pr47384-restored-driver-20261009/restore-driver.patch,../npu-inductor-pr47384-restored-driver-20261009/skip/case-165.json#test_torchinductor.py::test_large_pointwise,通过,未另行复测,通过,"{""passed"": 1}",first/case-165.json,first/changes.json,,S01,需要：大存储的 64 位索引、stride/offset 与归约正确性必须保留。,用例,common_device_type 大张量内存检查；skip_validation_support.py::npu_large_tensor_test,按 NPU 实际可用内存判断，保留 4/4/3/2 GiB 门槛和原输入；4 项适配通过。,为 NPU 使用真实设备索引查询可用内存和进程配额，保留原 4/4/3/2 GiB 门槛及 cpp_wrapper 额外分配估计；其他后端沿用原 largeTensorTest。满足门槛才执行原方法，移除 Unknown device type 造成的误跳过。,优先解除测试工具误判，不等于已经验证 64 位索引能力。不能缩小到 int32 范围、永久返回内存充足或只看设备总容量；旁边大广播归约通过不能替代这些大存储场景。,"largeTensorTest 调用 _has_sufficient_memory；其仅识别 cuda/xpu/xla/cpu/mps，npu 落入 SkipTest(""Unknown device type"")。不是实际测得显存不足。",采用本轮完整方法结果；未复测项沿用此前记录。,测试副本设置 PYTORCH_TEST_WITH_SLOW=1；@largeTensorTest( → @npu_large_tensor_test(；使用 NPU 真实可用内存检查，保留原 shape/stride/offset。；本轮相同适配下复测保持通过。
166,09,test_torchinductor.py,GPUTests,test_large_offset_pointwise,验证大存储上的大 offset view 逐元素运算不会截断地址偏移。,大索引正确性：建议保留真实规模，放容量允许的定期/专项回归；缩小到 32 位范围会失去测试目的。,跳过,跳过,跳过,状态不变,在完整 PR #47384（16437be0）上加回 transfer_to_npu.py::_patch_triton_driver() 及 _init() 调用；显式选择 Ascend driver，并替换 triton_helpers.set_driver_to_gpu。,尚未全部通过,原用例尚未全部通过，不能将已应用的修改记为修复成功。,../npu-inductor-pr47384-restored-driver-20261009/restore-driver.patch,"{""skipped"": 1}",False,,"本轮异常签名/跳过原因及实例结果与基线一致：largeTensorTest 调用 _has_sufficient_memory；其仅识别 cuda/xpu/xla/cpu/mps，npu 落入 SkipTest(""Unknown device type"")。不是实际测得显存不足。",../npu-inductor-pr47384-restored-driver-20261009/batch-09-results.json#test_torchinductor.py::test_large_offset_pointwise,../npu-inductor-213-batches-20261008/batch-09-source-evidence.json#test_torchinductor.py::test_large_offset_pointwise,通过,测试副本设置 PYTORCH_TEST_WITH_SLOW=1；@largeTensorTest( → @npu_large_tensor_test(；使用 NPU 真实可用内存检查，保留原 shape/stride/offset。,采用下列测试适配后，基线即已通过；PR 与本轮 driver patch 均保持通过。,../npu-inductor-213-batches-20261008/skip-validation/manifest.json；../npu-inductor-pr47384-restored-driver-20261009/restore-driver.patch,../npu-inductor-pr47384-restored-driver-20261009/skip/case-166.json#test_torchinductor.py::test_large_offset_pointwise,通过,未另行复测,通过,"{""passed"": 1}",first/case-166.json,first/changes.json,,S01,需要：大存储的 64 位索引、stride/offset 与归约正确性必须保留。,用例,common_device_type 大张量内存检查；skip_validation_support.py::npu_large_tensor_test,按 NPU 实际可用内存判断，保留 4/4/3/2 GiB 门槛和原输入；4 项适配通过。,为 NPU 使用真实设备索引查询可用内存和进程配额，保留原 4/4/3/2 GiB 门槛及 cpp_wrapper 额外分配估计；其他后端沿用原 largeTensorTest。满足门槛才执行原方法，移除 Unknown device type 造成的误跳过。,优先解除测试工具误判，不等于已经验证 64 位索引能力。不能缩小到 int32 范围、永久返回内存充足或只看设备总容量；旁边大广播归约通过不能替代这些大存储场景。,"largeTensorTest 调用 _has_sufficient_memory；其仅识别 cuda/xpu/xla/cpu/mps，npu 落入 SkipTest(""Unknown device type"")。不是实际测得显存不足。",采用本轮完整方法结果；未复测项沿用此前记录。,测试副本设置 PYTORCH_TEST_WITH_SLOW=1；@largeTensorTest( → @npu_large_tensor_test(；使用 NPU 真实可用内存检查，保留原 shape/stride/offset。；本轮相同适配下复测保持通过。
167,09,test_torchinductor.py,GPUTests,test_large_strided_reduction,验证大存储 stride=32 view 的 max 正确处理超过 int32 范围的实际地址索引。,大索引正确性：建议保留真实规模，放容量允许的定期/专项回归；缩小到 32 位范围会失去测试目的。,跳过,跳过,跳过,状态不变,在完整 PR #47384（16437be0）上加回 transfer_to_npu.py::_patch_triton_driver() 及 _init() 调用；显式选择 Ascend driver，并替换 triton_helpers.set_driver_to_gpu。,尚未全部通过,原用例尚未全部通过，不能将已应用的修改记为修复成功。,../npu-inductor-pr47384-restored-driver-20261009/restore-driver.patch,"{""skipped"": 1}",False,,"本轮异常签名/跳过原因及实例结果与基线一致：largeTensorTest 调用 _has_sufficient_memory；其仅识别 cuda/xpu/xla/cpu/mps，npu 落入 SkipTest(""Unknown device type"")。不是实际测得显存不足。",../npu-inductor-pr47384-restored-driver-20261009/batch-09-results.json#test_torchinductor.py::test_large_strided_reduction,../npu-inductor-213-batches-20261008/batch-09-source-evidence.json#test_torchinductor.py::test_large_strided_reduction,通过,测试副本设置 PYTORCH_TEST_WITH_SLOW=1；@largeTensorTest( → @npu_large_tensor_test(；使用 NPU 真实可用内存检查，保留原 shape/stride/offset。,采用下列测试适配后，基线即已通过；PR 与本轮 driver patch 均保持通过。,../npu-inductor-213-batches-20261008/skip-validation/manifest.json；../npu-inductor-pr47384-restored-driver-20261009/restore-driver.patch,../npu-inductor-pr47384-restored-driver-20261009/skip/case-167.json#test_torchinductor.py::test_large_strided_reduction,通过,未另行复测,通过,"{""passed"": 1}",first/case-167.json,first/changes.json,,S01,需要：大存储的 64 位索引、stride/offset 与归约正确性必须保留。,用例,common_device_type 大张量内存检查；skip_validation_support.py::npu_large_tensor_test,按 NPU 实际可用内存判断，保留 4/4/3/2 GiB 门槛和原输入；4 项适配通过。,为 NPU 使用真实设备索引查询可用内存和进程配额，保留原 4/4/3/2 GiB 门槛及 cpp_wrapper 额外分配估计；其他后端沿用原 largeTensorTest。满足门槛才执行原方法，移除 Unknown device type 造成的误跳过。,优先解除测试工具误判，不等于已经验证 64 位索引能力。不能缩小到 int32 范围、永久返回内存充足或只看设备总容量；旁边大广播归约通过不能替代这些大存储场景。,"largeTensorTest 调用 _has_sufficient_memory；其仅识别 cuda/xpu/xla/cpu/mps，npu 落入 SkipTest(""Unknown device type"")。不是实际测得显存不足。",采用本轮完整方法结果；未复测项沿用此前记录。,测试副本设置 PYTORCH_TEST_WITH_SLOW=1；@largeTensorTest( → @npu_large_tensor_test(；使用 NPU 真实可用内存检查，保留原 shape/stride/offset。；本轮相同适配下复测保持通过。
182,10,test_torchinductor.py,GPUTests,test_linear_float64,验证 float64 Linear 的结果；设备声明不支持时检查预期异常契约。,dtype 能力项：按声明的 fp64 支持范围验收；不支持时需要明确能力/错误契约，不能换 float32 后称原用例已修复。,失败,失败,失败,状态不变,在完整 PR #47384（16437be0）上加回 transfer_to_npu.py::_patch_triton_driver() 及 _init() 调用；显式选择 Ascend driver，并替换 triton_helpers.set_driver_to_gpu。,尚未全部通过,原用例尚未全部通过，不能将已应用的修改记为修复成功。,../npu-inductor-pr47384-restored-driver-20261009/restore-driver.patch,"{""failed"": 1}",False,"E       RuntimeError: addmm:third_party/op-plugin/op_plugin/ops/opapi/AddmmKernelNpuOpApi.cpp:164 NPU function error: call aclnnAddmm failed, error code is 507899
E       [ERROR] 2026-10-09-11:01:01 (PID:<redacted>, Device:3, RankID:-1) ERR00100 PTA call acl api failed
E       [Error]: An internal error occurs in the Driver module.
E               Rectify the fault based on the error information in the ascend log.
E       [PID:<redacted>] 2026-10-09-11:01:01.692.471 AclNN_Parameter_Error(EZ1001): Tensor matA not implemented for DT_DOUBLE, should be in dtype support list [DT_FLOAT,DT_FLOAT16,DT_BFLOAT16,].
E       TraceBack (most recent call last):
E               Unsupported data types for Cube",本轮异常签名/跳过原因及实例结果与基线一致：aclnnAddmm 明确拒绝 DT_DOUBLE，支持 float/half/bfloat16；未进入编译结果验证。,../npu-inductor-pr47384-restored-driver-20261009/batch-10-results.json#test_torchinductor.py::test_linear_float64,../npu-inductor-213-batches-20261008/batch-10-source-evidence.json#test_torchinductor.py::test_linear_float64,未另行适配复测,,,,,未另行复测,未另行复测,失败,,,,,R25,无需在不支持 Double matmul 的当前 NPU 配置强修原 float64 专属项。,其他模块,op-plugin Addmm/Matmul；CANN aclnnAddmm 的 DT_DOUBLE 能力,未换 fp32：该项目标就是 float64；需要底层精度支持，能力缺口保留。,保留原 float64 精度目标，补相应算子实现；不支持时明确能力 skip。,本项名称和目标就是 float64，换 float32 不能作为该用例修复。,aclnnAddmm 明确拒绝 DT_DOUBLE，支持 float/half/bfloat16；未进入编译结果验证。,采用本轮完整方法结果；未复测项沿用此前记录。,未另行复测，沿用此前结果及通过对应修改。
187,10,test_torchinductor.py,GPUTests,test_vmap_dot_decomposes_bmm,验证 vmap(dot) 的短归约分解保持数值，并且生成代码不调用 BMM 外部/回退实现。,策略专项：保留数值与动态 K 语义；是否要求分解及 K=32 阈值应由 NPU 策略决定，不直接套用 CUDA BMM 文本。,失败,失败,失败,状态不变,在完整 PR #47384（16437be0）上加回 transfer_to_npu.py::_patch_triton_driver() 及 _init() 调用；显式选择 Ascend driver，并替换 triton_helpers.set_driver_to_gpu。,尚未全部通过,原用例尚未全部通过，不能将已应用的修改记为修复成功。,../npu-inductor-pr47384-restored-driver-20261009/restore-driver.patch,"{""failed"": 1}",False,"E                   AssertionError: 'extern_kernels.bmm' unexpectedly found in '# AOT ID: [\'25_inference\']\nfrom ctypes import c_void_p, c_long, c_int\nimport torch\nimport math\nimport random\nimport os\nimport tempfile\nfrom math import inf, nan\nfrom cmath import nanj\nfrom torch._inductor.hooks import run_intermediate_hooks\nfrom torch._induc ...",原 benchmark 重复设备阻塞已消失，首个 float16、K=3 的数值比较通过；随后无 BMM 代码断言失败，产物包含两次 extern_kernels.bmm。,../npu-inductor-pr47384-restored-driver-20261009/batch-10-results.json#test_torchinductor.py::test_vmap_dot_decomposes_bmm,../npu-inductor-213-batches-20261008/batch-10-source-evidence.json#test_torchinductor.py::test_vmap_dot_decomposes_bmm,未另行适配复测,,,,,未另行复测,失败,失败,"{""failed"": 1}",second/case-187.json,second/changes.json,"E       RuntimeError: matmul_implement_npu:third_party/op-plugin/op_plugin/ops/opapi/MatmulKernelNpuOpApi.cpp:94 NPU function error: call aclnnMatmul failed, error code is 507899
E       [ERROR] 2026-10-09-23:03:44 (PID:<redacted>, Device:2, RankID:-1) ERR00100 PTA call acl api failed
E       [Error]: An internal error occurs in the Driver module.
E               Rectify the fault based on the error information in the ascend log.
E       [PID:<redacted>] 2026-10-09-23:03:44.187.417 AclNN_Parameter_Error(EZ1001): Tensor matA not implemented for DT_DOUBLE, should be in dtype support list [DT_FLOAT,DT_FLOAT16,DT_BFLOAT16,].
E       TraceBack (most recent call last):
E               rtsDeviceGetInfo execution failed, reason=driver error:internal error[FUNC:FuncErrorReason][FILE:error_message_manage.cc][LINE:69]
E               Tensor matA not implemented for DT_DOUBLE, should be in dtype support list [DT_FLOAT,DT_FLOAT16,DT_BFLOAT16,].",R26,需要：若采用小 K 点积分解策略，静态阈值与跨阈值动态范围均要验证。,Inductor→其他模块,torch_npu/_inductor/kernel/bmm.py；NPU persistent reduction codegen/runtime 的动态 reduction extent/config 复用（具体责任点待进一步定位）,BMM 小点积候选在原 188/189 检查通过，但追加同图 K=3→32 复用时 fp16 输出 4/4 错误。候选已撤回，不纳入成功修复；保留原 lowering。,"先定位并修正动态 reduction 的 extent/tile/cache 复用，再考虑启用 BMM 分解；要求同一图覆盖 K=3,32,33,64、fp16/bf16/fp32 的 eager 对比，以及原阈值/负向/普通 BMM 回归。",不得把单次 K=3 通过当成动态范围已验证；不通过放宽容差、按形状特判或静默退回其他路径隐藏精度问题。187 另保留 float64 eager 能力缺口。,原 lowering 缺少小 K 点积分解；候选引入动态 K 复用错误。generated dynamic kernel 的 reduction tile 需要与运行时 extent 一致，当前尚未建立正确的完整规则。,采用本轮完整方法结果；未复测项沿用此前记录。,本轮未完全通过；实际应用补丁不等于已修复，详见最新阻塞与日志。
188,10,test_torchinductor.py,GPUTests,test_bmm_dot_shape_decompose_threshold,验证 dot 形状 BMM 在 K=32/33 分解阈值两侧的数值和静态/动态代码策略。,策略专项：保留数值与动态 K 语义；是否要求分解及 K=32 阈值应由 NPU 策略决定，不直接套用 CUDA BMM 文本。,失败,失败,失败,状态不变,在完整 PR #47384（16437be0）上加回 transfer_to_npu.py::_patch_triton_driver() 及 _init() 调用；显式选择 Ascend driver，并替换 triton_helpers.set_driver_to_gpu。,尚未全部通过,原用例尚未全部通过，不能将已应用的修改记为修复成功。,../npu-inductor-pr47384-restored-driver-20261009/restore-driver.patch,"{""failed"": 1}",False,"E                   AssertionError: 'extern_kernels.bmm' unexpectedly found in '# AOT ID: [\'5_inference\']\nfrom ctypes import c_void_p, c_long, c_int\nimport torch\nimport math\nimport random\nimport os\nimport tempfile\nfrom math import inf, nan\nfrom cmath import nanj\nfrom torch._inductor.hooks import run_intermediate_hooks\nfrom torch._induct ...",本轮异常签名/跳过原因及实例结果与基线一致：K=32 时生成 extern_kernels.bmm；原断言要求小 K 分解为点积归约。,../npu-inductor-pr47384-restored-driver-20261009/batch-10-results.json#test_torchinductor.py::test_bmm_dot_shape_decompose_threshold,../npu-inductor-213-batches-20261008/batch-10-source-evidence.json#test_torchinductor.py::test_bmm_dot_shape_decompose_threshold,未另行适配复测,,,,,未另行复测,通过,失败,"{""passed"": 1}",second/case-188.json,second/changes.json,,R26,需要：若采用小 K 点积分解策略，静态阈值与跨阈值动态范围均要验证。,Inductor,torch_npu/_inductor/kernel/bmm.py；NPU persistent reduction codegen/runtime 的动态 reduction extent/config 复用（具体责任点待进一步定位）,BMM 小点积候选在原 188/189 检查通过，但追加同图 K=3→32 复用时 fp16 输出 4/4 错误。候选已撤回，不纳入成功修复；保留原 lowering。,"先定位并修正动态 reduction 的 extent/tile/cache 复用，再考虑启用 BMM 分解；要求同一图覆盖 K=3,32,33,64、fp16/bf16/fp32 的 eager 对比，以及原阈值/负向/普通 BMM 回归。",不得把单次 K=3 通过当成动态范围已验证；不通过放宽容差、按形状特判或静默退回其他路径隐藏精度问题。187 另保留 float64 eager 能力缺口。,原 lowering 缺少小 K 点积分解；候选引入动态 K 复用错误。generated dynamic kernel 的 reduction tile 需要与运行时 extent 一致，当前尚未建立正确的完整规则。,原用例在 BMM 候选下通过；追加动态复用发现精度回归，候选撤回，累计仍保留原未修复状态。,原用例在 BMM 候选下通过；追加动态复用发现精度回归，候选撤回，累计仍保留原未修复状态。
189,10,test_torchinductor.py,GPUTests,test_bmm_dot_shape_dynamic_k_range_spans_decompose_threshold,验证动态 K 范围跨越分解阈值时仍使用合适的符号分解策略；实际输入 K=3。,策略专项：保留数值与动态 K 语义；是否要求分解及 K=32 阈值应由 NPU 策略决定，不直接套用 CUDA BMM 文本。,失败,失败,失败,状态不变,在完整 PR #47384（16437be0）上加回 transfer_to_npu.py::_patch_triton_driver() 及 _init() 调用；显式选择 Ascend driver，并替换 triton_helpers.set_driver_to_gpu。,尚未全部通过,原用例尚未全部通过，不能将已应用的修改记为修复成功。,../npu-inductor-pr47384-restored-driver-20261009/restore-driver.patch,"{""failed"": 1}",False,"E       AssertionError: 'extern_kernels.bmm' unexpectedly found in '# AOT ID: [\'6_inference\']\nfrom ctypes import c_void_p, c_long, c_int\nimport torch\nimport math\nimport random\nimport os\nimport tempfile\nfrom math import inf, nan\nfrom cmath import nanj\nfrom torch._inductor.hooks import run_intermediate_hooks\nfrom torch._inductor.utils imp ...",本轮异常签名/跳过原因及实例结果与基线一致：K 标为动态且范围 1..64，实际 K=3 时仍生成 extern_kernels.bmm；原断言要求分解。,../npu-inductor-pr47384-restored-driver-20261009/batch-10-results.json#test_torchinductor.py::test_bmm_dot_shape_dynamic_k_range_spans_decompose_threshold,../npu-inductor-213-batches-20261008/batch-10-source-evidence.json#test_torchinductor.py::test_bmm_dot_shape_dynamic_k_range_spans_decompose_threshold,未另行适配复测,,,,,未另行复测,通过,失败,"{""passed"": 1}",second/case-189.json,second/changes.json,,R26,需要：若采用小 K 点积分解策略，静态阈值与跨阈值动态范围均要验证。,Inductor,torch_npu/_inductor/kernel/bmm.py；NPU persistent reduction codegen/runtime 的动态 reduction extent/config 复用（具体责任点待进一步定位）,BMM 小点积候选在原 188/189 检查通过，但追加同图 K=3→32 复用时 fp16 输出 4/4 错误。候选已撤回，不纳入成功修复；保留原 lowering。,"先定位并修正动态 reduction 的 extent/tile/cache 复用，再考虑启用 BMM 分解；要求同一图覆盖 K=3,32,33,64、fp16/bf16/fp32 的 eager 对比，以及原阈值/负向/普通 BMM 回归。",不得把单次 K=3 通过当成动态范围已验证；不通过放宽容差、按形状特判或静默退回其他路径隐藏精度问题。187 另保留 float64 eager 能力缺口。,原 lowering 缺少小 K 点积分解；候选引入动态 K 复用错误。generated dynamic kernel 的 reduction tile 需要与运行时 extent 一致，当前尚未建立正确的完整规则。,原用例在 BMM 候选下通过；追加动态复用发现精度回归，候选撤回，累计仍保留原未修复状态。,原用例在 BMM 候选下通过；追加动态复用发现精度回归，候选撤回，累计仍保留原未修复状态。
190,10,test_torchinductor.py,GPUTests,test_bmm_dot_shape_int_preserves_eager_error,验证整数 dot 形状 BMM 不因分解绕过 eager 的“不支持整数 BMM”异常。,错误契约回归：建议保留 eager/compiled 一致性；以 NPU 实际支持 dtype 与异常为准，不硬编码 CUDA 错误文本。,失败,失败,失败,状态不变,在完整 PR #47384（16437be0）上加回 transfer_to_npu.py::_patch_triton_driver() 及 _init() 调用；显式选择 Ascend driver，并替换 triton_helpers.set_driver_to_gpu。,尚未全部通过,原用例尚未全部通过，不能将已应用的修改记为修复成功。,../npu-inductor-pr47384-restored-driver-20261009/restore-driver.patch,"{""failed"": 1}",False,"E       RuntimeError: bmm:third_party/op-plugin/op_plugin/ops/opapi/BmmKernelNpuOpApi.cpp:275 NPU function error: call aclnnBatchMatMul failed, error code is 507899
E       [ERROR] 2026-10-09-10:58:19 (PID:<redacted>, Device:3, RankID:-1) ERR00100 PTA call acl api failed
E       [Error]: An internal error occurs in the Driver module.
E               Rectify the fault based on the error information in the ascend log.
E       [PID:<redacted>] 2026-10-09-10:58:19.249.347 AclNN_Parameter_Error(EZ1001): Tensor matA not implemented for DT_INT64, should be in dtype support list [DT_FLOAT,DT_FLOAT16,DT_BFLOAT16,].
E       TraceBack (most recent call last):
E               rtsDeviceGetInfo execution failed, reason=driver error:internal error[FUNC:FuncErrorReason][FILE:error_message_manage.cc][LINE:69]
E               Tensor matA not implemented for DT_INT64, should be in dtype support list [DT_FLOAT,DT_FLOAT16,DT_BFLOAT16,].",本轮异常签名/跳过原因及实例结果与基线一致：NPU eager 拒绝 int64 BMM，返回 RuntimeError/aclnnBatchMatMul dtype 错误；测试要求 CUDA 的 NotImplementedError 及 baddbmm_cuda 文本。,../npu-inductor-pr47384-restored-driver-20261009/batch-10-results.json#test_torchinductor.py::test_bmm_dot_shape_int_preserves_eager_error,../npu-inductor-213-batches-20261008/batch-10-source-evidence.json#test_torchinductor.py::test_bmm_dot_shape_int_preserves_eager_error,未另行适配复测,,,,,通过,通过,通过,"{""passed"": 1}",second/case-190.json,second/changes.json,,R07,需要：原非法 dtype 输入在 eager/compiled 路径都应被拒绝。,用例,test_torchinductor.py 的 bmm/mm/linear 负向断言；NPU eager/Meta 错误文本,按 NPU 精确区分 RuntimeError 和 eager/compiled 文本；不捕获任意 Exception，不改输入 dtype。,保留原输入，为 NPU 分支选择 RuntimeError 与已观察到的对应算子/DT_INT64 拒绝信息；CUDA 分支保留原异常。eager 和 compiled 均需被精确的负向断言覆盖。,不能改为捕获 Exception 或只匹配 error。195/196 当前证明的是原非法输入被拒绝，不能代替所有受支持 dtype 混用的兼容性检查；后续编译错误尚待实测。,NPU eager 拒绝 int64 BMM，返回 RuntimeError/aclnnBatchMatMul dtype 错误；测试要求 CUDA 的 NotImplementedError 及 baddbmm_cuda 文本。,采用本轮完整方法结果；未复测项沿用此前记录。,用例：原 int64 BMM 输入分别检查 eager/compiled 的 NPU RuntimeError 和 DT_INT64 错误。
195,10,test_torchinductor.py,GPUTests,test_mm_mixed_dtype,验证原始不同 dtype 的 MM 在 eager 与 compiled 下均拒绝输入并提供对应异常。,错误契约回归：建议保留 eager/compiled 一致性；以 NPU 实际支持 dtype 与异常为准，不硬编码 CUDA 错误文本。,失败,失败,失败,状态不变,在完整 PR #47384（16437be0）上加回 transfer_to_npu.py::_patch_triton_driver() 及 _init() 调用；显式选择 Ascend driver，并替换 triton_helpers.set_driver_to_gpu。,尚未全部通过,原用例尚未全部通过，不能将已应用的修改记为修复成功。,../npu-inductor-pr47384-restored-driver-20261009/restore-driver.patch,"{""failed"": 1}",False,"E       AssertionError: ""expected .* and .* to have the same dtype, but got: .* != .*"" does not match ""mm:third_party/op-plugin/op_plugin/ops/opapi/MmKernelNpuOpApi.cpp:84 NPU function error: call aclnnMm failed, error code is 507899
E       [ERROR] 2026-10-09-11:05:37 (PID:<redacted>, Device:3, RankID:-1) ERR00100 PTA call acl api failed
E       [Error]: An internal error occurs in the Driver module.
E               Rectify the fault based on the error information in the ascend log.
E       [PID:<redacted>] 2026-10-09-11:05:37.410.794 AclNN_Parameter_Error(EZ1001): Tensor matB not implemented for DT_INT64, should be in dtype support list [DT_FLOAT,DT_FLOAT16,DT_BFLOAT16,].
E       TraceBack (most recent call last):
E               Unsupported data types for Cube
E       """,本轮异常签名/跳过原因及实例结果与基线一致：原测试要求 expected ... same dtype 文本；当前 CANN Mm 对 int64 参数报告 dtype 支持列表错误，原正则不匹配。,../npu-inductor-pr47384-restored-driver-20261009/batch-10-results.json#test_torchinductor.py::test_mm_mixed_dtype,../npu-inductor-213-batches-20261008/batch-10-source-evidence.json#test_torchinductor.py::test_mm_mixed_dtype,未另行适配复测,,,,,通过,未另行复测,通过,"{""passed"": 1}",first/case-195.json,first/changes.json,,R07,需要：原非法 dtype 输入在 eager/compiled 路径都应被拒绝。,用例,test_torchinductor.py 的 bmm/mm/linear 负向断言；NPU eager/Meta 错误文本,按 NPU 精确区分 RuntimeError 和 eager/compiled 文本；不捕获任意 Exception，不改输入 dtype。,保留原输入，为 NPU 分支选择 RuntimeError 与已观察到的对应算子/DT_INT64 拒绝信息；CUDA 分支保留原异常。eager 和 compiled 均需被精确的负向断言覆盖。,不能改为捕获 Exception 或只匹配 error。195/196 当前证明的是原非法输入被拒绝，不能代替所有受支持 dtype 混用的兼容性检查；后续编译错误尚待实测。,原测试要求 expected ... same dtype 文本；当前 CANN Mm 对 int64 参数报告 dtype 支持列表错误，原正则不匹配。,采用本轮完整方法结果；未复测项沿用此前记录。,用例：原 mixed-dtype MM 输入检查 NPU matB/DT_INT64 错误。
196,10,test_torchinductor.py,GPUTests,test_linear_mixed_dtype,验证整数输入与浮点参数 Linear 在 eager、无梯度编译和 autograd 编译下的异常契约。,错误契约回归：建议保留 eager/compiled 一致性；以 NPU 实际支持 dtype 与异常为准，不硬编码 CUDA 错误文本。,失败,失败,失败,状态不变,在完整 PR #47384（16437be0）上加回 transfer_to_npu.py::_patch_triton_driver() 及 _init() 调用；显式选择 Ascend driver，并替换 triton_helpers.set_driver_to_gpu。,尚未全部通过,原用例尚未全部通过，不能将已应用的修改记为修复成功。,../npu-inductor-pr47384-restored-driver-20261009/restore-driver.patch,"{""failed"": 1}",False,"E       AssertionError: ""expected .* and .* to have the same dtype, but got: .* != .*"" does not match ""matmul_implement_npu:third_party/op-plugin/op_plugin/ops/opapi/MatmulKernelNpuOpApi.cpp:94 NPU function error: call aclnnMatmul failed, error code is 507899
E       [ERROR] 2026-10-09-11:01:02 (PID:<redacted>, Device:3, RankID:-1) ERR00100 PTA call acl api failed
E       [Error]: An internal error occurs in the Driver module.
E               Rectify the fault based on the error information in the ascend log.
E       [PID:<redacted>] 2026-10-09-11:01:02.430.091 AclNN_Parameter_Error(EZ1001): Tensor matA not implemented for DT_INT64, should be in dtype support list [DT_FLOAT,DT_FLOAT16,DT_BFLOAT16,].
E       TraceBack (most recent call last):
E               Unsupported data types for Cube
E       """,本轮异常签名/跳过原因及实例结果与基线一致：原测试要求 expected ... same dtype 文本；当前 CANN Matmul 对 int64 参数报告 dtype 支持列表错误，原正则不匹配。,../npu-inductor-pr47384-restored-driver-20261009/batch-10-results.json#test_torchinductor.py::test_linear_mixed_dtype,../npu-inductor-213-batches-20261008/batch-10-source-evidence.json#test_torchinductor.py::test_linear_mixed_dtype,未另行适配复测,,,,,失败,通过,通过,"{""passed"": 1}",second/case-196.json,second/changes.json,,R07,需要：原非法 dtype 输入在 eager/compiled 路径都应被拒绝。,用例,test_torchinductor.py 的 bmm/mm/linear 负向断言；NPU eager/Meta 错误文本,按 NPU 精确区分 RuntimeError 和 eager/compiled 文本；不捕获任意 Exception，不改输入 dtype。 第二轮完整参数实例通过。,保留原输入，为 NPU 分支选择 RuntimeError 与已观察到的对应算子/DT_INT64 拒绝信息；CUDA 分支保留原异常。eager 和 compiled 均需被精确的负向断言覆盖。,不能改为捕获 Exception 或只匹配 error。195/196 当前证明的是原非法输入被拒绝，不能代替所有受支持 dtype 混用的兼容性检查；后续编译错误尚待实测。,原测试要求 expected ... same dtype 文本；当前 CANN Matmul 对 int64 参数报告 dtype 支持列表错误，原正则不匹配。,采用本轮完整方法结果；未复测项沿用此前记录。,用例：分别匹配 NPU eager matA/DT_INT64 和 compiled scalar-type 错误，保留 autograd 负向断言。
197,10,test_torchinductor.py,GPUTests,test_linear_dynamic_maxautotune,验证 dynamic Linear 在 max_autotune、TRITON-only 配置下处理动态 batch 并保持结果。,动态 GEMM autotune 启用时必测；需验证实际 Triton 模板路径，回退 ATEN 后数值通过不代表 TRITON-only 达标。,跳过,跳过,跳过,状态不变,在完整 PR #47384（16437be0）上加回 transfer_to_npu.py::_patch_triton_driver() 及 _init() 调用；显式选择 Ascend driver，并替换 triton_helpers.set_driver_to_gpu。,尚未全部通过,原用例尚未全部通过，不能将已应用的修改记为修复成功。,../npu-inductor-pr47384-restored-driver-20261009/restore-driver.patch,"{""skipped"": 1}",False,,本轮异常签名/跳过原因及实例结果与基线一致：IS_BIG_GPU=False，原装饰器因 not enough SM 跳过。,../npu-inductor-pr47384-restored-driver-20261009/batch-10-results.json#test_torchinductor.py::test_linear_dynamic_maxautotune,../npu-inductor-213-batches-20261008/batch-10-source-evidence.json#test_torchinductor.py::test_linear_dynamic_maxautotune,通过,"测试副本设置 PYTORCH_TEST_WITH_SLOW=1；not IS_BIG_GPU, → not (npu_triton_templates_available() if GPU_TYPE == ""npu"" else IS_BIG_GPU),；按 NPU 可用性、has_triton 和 TRITON_TEMPLATES 实际能力决定执行。",采用 PR #47384（16437be0）的完整 transfer_to_npu.py；其中将 benchmarking._get_default_gpu_device_type 替换为返回 npu 的函数，消除 CUDA/NPU 重复设备判断。该项在相同测试适配基础上已通过，本轮 driver patch 保持通过。,../npu-inductor-213-batches-20261008/skip-validation/manifest.json；../npu-inductor-pr47384-restored-driver-20261009/restore-driver.patch,../npu-inductor-pr47384-restored-driver-20261009/skip/case-197.json#test_torchinductor.py::test_linear_dynamic_maxautotune,通过,未另行复测,通过,"{""passed"": 1}",first/case-197.json,first/changes.json,,S04,需要：NPU TRITON-only 动态 linear/max-autotune 应实际执行。,用例,test_torchinductor.py 的 IS_BIG_GPU 门槛；skip_validation_support.py::npu_triton_templates_available,用真实 NPU 模板能力替代 CUDA SM 数门槛，保留 dynamic/max-autotune/TRITON-only；适配通过。,NPU 分支不沿用 CUDA 的 68-SM 性能门槛，而检查 Triton backend、允许 dtype 和 TRITON_TEMPLATES 能力。保留 max_autotune=True、TRITON-only、dynamic=True 和 mark_dynamic。,安装环境 NPU use_triton_template 已使用自己的 _use_template_for_npu，未检查 SM 数量；但 helper 存在不等于此形状有合法候选。先确认能力登记与候选可用，再解除测试门槛。,IS_BIG_GPU=False，原装饰器因 not enough SM 跳过。,采用本轮完整方法结果；未复测项沿用此前记录。,"测试副本设置 PYTORCH_TEST_WITH_SLOW=1；not IS_BIG_GPU, → not (npu_triton_templates_available() if GPU_TYPE == ""npu"" else IS_BIG_GPU),；按 NPU 可用性、has_triton 和 TRITON_TEMPLATES 实际能力决定执行。；本轮相同适配下复测保持通过。"
201,11,test_torchinductor.py,GPUTests,test_conv_bn_fuse,验证 freezing 下 1D/2D/3D Conv+BN 的组合和数值正确性，覆盖 bias/dilation/groups 变化。,Conv/BN 优化回归：NPU 支持相关推理优化时建议适配并保留；按原精度目标配置 HF32，不放宽容差代替修复。,跳过,跳过,跳过,状态不变,在完整 PR #47384（16437be0）上加回 transfer_to_npu.py::_patch_triton_driver() 及 _init() 调用；显式选择 Ascend driver，并替换 triton_helpers.set_driver_to_gpu。,尚未全部通过,原用例尚未全部通过，不能将已应用的修改记为修复成功。,../npu-inductor-pr47384-restored-driver-20261009/restore-driver.patch,"{""skipped"": 1}",False,,本轮异常签名/跳过原因及实例结果与基线一致：未启用 PYTORCH_TEST_WITH_SLOW；源码函数体还会在 self.device==GPU_TYPE 时跳过。,../npu-inductor-pr47384-restored-driver-20261009/batch-11-results.json#test_torchinductor.py::test_conv_bn_fuse,../npu-inductor-213-batches-20261008/batch-11-source-evidence.json#test_torchinductor.py::test_conv_bn_fuse,通过,"测试副本设置 PYTORCH_TEST_WITH_SLOW=1；if self.device == GPU_TYPE: → if self.device == GPU_TYPE and torch.device(self.device).type != ""npu"":；使用 torch_npu.npu.aclnn.flags(allow_hf32=False) 局部关闭卷积 HF32，结束恢复。",解除 NPU skip 并局部关闭卷积 HF32 后通过；默认 HF32 配置仍失败，非 driver patch 改善。,../npu-inductor-213-batches-20261008/skip-validation/manifest.json；../npu-inductor-pr47384-restored-driver-20261009/restore-driver.patch,../npu-inductor-pr47384-restored-driver-20261009/skip/case-201-hf32off.json#test_torchinductor.py::test_conv_bn_fuse,通过,未另行复测,通过,"{""passed"": 1}",first/case-201.json,first/changes.json,,S06,需要：Conv/BN 融合应验证 eval、freezing 和数值。,用例,test_torchinductor.py 的历史 GPU skip；torch_npu.npu.aclnn.flags 的卷积 HF32 设置,细化 NPU 条件并开启 slow；201 局部关闭卷积 HF32、202 保持默认，均通过；不增大容差。,201 启用 PYTORCH_TEST_WITH_SLOW=1 后仍要处理函数体的 CPU-only 条件；针对 NPU 增加独立条件分支并保留原 eval/no_grad、freezing 和 common 检查。202 同样按 NPU 实测精度细化条件。,注释明确提到 GPU 精度问题，不能仅删除 skip 或增大容差后宣称适配完成。201 还存在 dynamic 的 expected-failure 装饰，不能把 xfail 当通过；这两项也可独立运行 CPU 覆盖，但不计 NPU 通过。,未启用 PYTORCH_TEST_WITH_SLOW；源码函数体还会在 self.device==GPU_TYPE 时跳过。,采用本轮完整方法结果；未复测项沿用此前记录。,"测试副本设置 PYTORCH_TEST_WITH_SLOW=1；if self.device == GPU_TYPE: → if self.device == GPU_TYPE and torch.device(self.device).type != ""npu"":；使用 torch_npu.npu.aclnn.flags(allow_hf32=False) 局部关闭卷积 HF32，结束恢复。；本轮相同适配下复测保持通过。"
202,11,test_torchinductor.py,GPUTests,test_conv_functional_bn_fuse,验证 Conv 与 functional BatchNorm 组合的编译数值，覆盖 BN 模块的 functional 实现。,Conv/BN 优化回归：NPU 支持相关推理优化时建议适配并保留；按原精度目标配置 HF32，不放宽容差代替修复。,跳过,跳过,跳过,状态不变,在完整 PR #47384（16437be0）上加回 transfer_to_npu.py::_patch_triton_driver() 及 _init() 调用；显式选择 Ascend driver，并替换 triton_helpers.set_driver_to_gpu。,尚未全部通过,原用例尚未全部通过，不能将已应用的修改记为修复成功。,../npu-inductor-pr47384-restored-driver-20261009/restore-driver.patch,"{""skipped"": 1}",False,,本轮异常签名/跳过原因及实例结果与基线一致：函数体检测 self.device==GPU_TYPE 后主动 SkipTest；functional BN 融合 组合没有执行。,../npu-inductor-pr47384-restored-driver-20261009/batch-11-results.json#test_torchinductor.py::test_conv_functional_bn_fuse,../npu-inductor-213-batches-20261008/batch-11-source-evidence.json#test_torchinductor.py::test_conv_functional_bn_fuse,通过,"测试副本设置 PYTORCH_TEST_WITH_SLOW=1；if self.device == GPU_TYPE: → if self.device == GPU_TYPE and torch.device(self.device).type != ""npu"":",采用下列测试适配后，基线即已通过；PR 与本轮 driver patch 均保持通过。,../npu-inductor-213-batches-20261008/skip-validation/manifest.json；../npu-inductor-pr47384-restored-driver-20261009/restore-driver.patch,../npu-inductor-pr47384-restored-driver-20261009/skip/case-202.json#test_torchinductor.py::test_conv_functional_bn_fuse,通过,未另行复测,通过,"{""passed"": 1}",first/case-202.json,first/changes.json,,S06,需要：Conv/BN 融合应验证 eval、freezing 和数值。,用例,test_torchinductor.py 的历史 GPU skip；torch_npu.npu.aclnn.flags 的卷积 HF32 设置,细化 NPU 条件并开启 slow；201 局部关闭卷积 HF32、202 保持默认，均通过；不增大容差。,201 启用 PYTORCH_TEST_WITH_SLOW=1 后仍要处理函数体的 CPU-only 条件；针对 NPU 增加独立条件分支并保留原 eval/no_grad、freezing 和 common 检查。202 同样按 NPU 实测精度细化条件。,注释明确提到 GPU 精度问题，不能仅删除 skip 或增大容差后宣称适配完成。201 还存在 dynamic 的 expected-failure 装饰，不能把 xfail 当通过；这两项也可独立运行 CPU 覆盖，但不计 NPU 通过。,函数体检测 self.device==GPU_TYPE 后主动 SkipTest；functional BN 融合 组合没有执行。,采用本轮完整方法结果；未复测项沿用此前记录。,"测试副本设置 PYTORCH_TEST_WITH_SLOW=1；if self.device == GPU_TYPE: → if self.device == GPU_TYPE and torch.device(self.device).type != ""npu"":；本轮相同适配下复测保持通过。"
203,11,test_torchinductor.py,GPUTests,test_conv_inference_heuristics,验证卷积推理布局启发式：分组卷积避免不必要转换，普通卷积按策略进行 channels-last 转换。,卷积布局策略专项：NPU 启用相应策略时保留等价检查；channels-last 转换顺序不必照搬 CUDA 代码字符串。,失败,失败,失败,状态不变,在完整 PR #47384（16437be0）上加回 transfer_to_npu.py::_patch_triton_driver() 及 _init() 调用；显式选择 Ascend driver，并替换 triton_helpers.set_driver_to_gpu。,尚未全部通过,原用例尚未全部通过，不能将已应用的修改记为修复成功。,../npu-inductor-pr47384-restored-driver-20261009/restore-driver.patch,"{""failed"": 1}",False,"E                   RuntimeError: Expected to find "".convolution("" but did not find it
E                   Searched string:
E                   # AOT ID: ['1_inference']
E                   ~~~~~~~~~~~~~ <--- HERE
E                   from ctypes import c_void_p, c_long, c_int
E                   import torch
E                   From CHECK: .convolution(",本轮异常签名/跳过原因及实例结果与基线一致：分组 Conv2d 编译执行后，代码文本找不到原测试要求的 .convolution(。,../npu-inductor-pr47384-restored-driver-20261009/batch-11-results.json#test_torchinductor.py::test_conv_inference_heuristics,../npu-inductor-213-batches-20261008/batch-11-source-evidence.json#test_torchinductor.py::test_conv_inference_heuristics,未另行适配复测,,,,,未另行复测,未另行复测,失败,,,,,R27,条件需要：NPU 布局优化需原生策略验收；CUDA channels_last 启发式不直接作为 NPU 必达目标。,用例+Inductor,test_torchinductor.py::test_conv_inference_heuristics；torch_npu/_inductor convolution lowering/layout；NPU eager memory_format,未仅替换代码字符串：后半段要求 channels_last 转换，NPU 公共 channels_last 本身受限；需先定义等价布局收益与正确性契约。,先采集 grouped 与普通卷积完整 wrapper，确认调用和 layout 转换意图，再设计 NPU 等价断言。,不能仅将 .convolution( 字符串替换为任意实际出现的函数名；后半段用例尚未执行，现有日志不足以认定只是文本差异。,分组 Conv2d 编译执行后，代码文本找不到原测试要求的 .convolution(。,采用本轮完整方法结果；未复测项沿用此前记录。,未另行复测，沿用此前结果及通过对应修改。
204,11,test_torchinductor.py,GPUTests,test_upsample_cat_conv,验证 nearest upsample、按通道 cat 和 1×1 Conv 的组合模型。,常见模型组合正确性：建议保留并适配 NPU 条件，CPU-only skip 本身不说明 NPU 不需要该覆盖。,跳过,跳过,跳过,状态不变,在完整 PR #47384（16437be0）上加回 transfer_to_npu.py::_patch_triton_driver() 及 _init() 调用；显式选择 Ascend driver，并替换 triton_helpers.set_driver_to_gpu。,尚未全部通过,原用例尚未全部通过，不能将已应用的修改记为修复成功。,../npu-inductor-pr47384-restored-driver-20261009/restore-driver.patch,"{""skipped"": 1}",False,,本轮异常签名/跳过原因及实例结果与基线一致：函数体检测 self.device==GPU_TYPE 后主动 SkipTest；upsample/cat/conv 组合没有执行。,../npu-inductor-pr47384-restored-driver-20261009/batch-11-results.json#test_torchinductor.py::test_upsample_cat_conv,../npu-inductor-213-batches-20261008/batch-11-source-evidence.json#test_torchinductor.py::test_upsample_cat_conv,通过,"测试副本设置 PYTORCH_TEST_WITH_SLOW=1；if self.device == GPU_TYPE: → if self.device == GPU_TYPE and torch.device(self.device).type != ""npu"":",在完整 PR #47384（16437be0）上加回 transfer_to_npu.py::_patch_triton_driver() 及 _init() 调用；显式选择 Ascend driver，并替换 triton_helpers.set_driver_to_gpu。在相同测试适配基础上，本轮消除 libcuda 驱动错误后恢复通过。,../npu-inductor-213-batches-20261008/skip-validation/manifest.json；../npu-inductor-pr47384-restored-driver-20261009/restore-driver.patch,../npu-inductor-pr47384-restored-driver-20261009/skip/case-204.json#test_torchinductor.py::test_upsample_cat_conv,通过,未另行复测,通过,"{""passed"": 1}",first/case-204.json,first/changes.json,,S02,需要：upsample/cat/conv 组合不含必须跳过 NPU 的目标限制。,用例,test_torchinductor.py::test_upsample_cat_conv 的 GPU skip 条件,为 NPU 细化 skip，保留原模型、输入和容差；适配通过。,将笼统的 self.device == GPU_TYPE 跳过改为精确的已知受限后端条件，为 NPU 执行原 UpsamplingNearest2d→cat→Conv2d 流程；原 CPU 覆盖保留。,源码没有 CUDA 专用算子或 CPU 代码文本断言，适合小范围试跑；当前没有 NPU 运行结果，不能先放宽精度容限或只运行 CPU 并记作 NPU 通过。,函数体检测 self.device==GPU_TYPE 后主动 SkipTest；upsample/cat/conv 组合没有执行。,采用本轮完整方法结果；未复测项沿用此前记录。,"测试副本设置 PYTORCH_TEST_WITH_SLOW=1；if self.device == GPU_TYPE: → if self.device == GPU_TYPE and torch.device(self.device).type != ""npu"":；本轮相同适配下复测保持通过。"
209,11,test_torchinductor.py,GPUTests,test_gather3,验证 requires_grad 输入的 sparse_grad=True gather 可以编译并保持前向数值；AOT 会构造反向图。,sparse_grad 能力项：承诺稀疏梯度 gather 时必测；只验证前向不足以证明完整 backward。,失败,失败,失败,状态不变,在完整 PR #47384（16437be0）上加回 transfer_to_npu.py::_patch_triton_driver() 及 _init() 调用；显式选择 Ascend driver，并替换 triton_helpers.set_driver_to_gpu。,尚未全部通过,原用例尚未全部通过，不能将已应用的修改记为修复成功。,../npu-inductor-pr47384-restored-driver-20261009/restore-driver.patch,"{""failed"": 1}",False,"E       torch._dynamo.exc.BackendCompilerFailed: backend='compile_fx_wrapper' raised:
E       RecursionError: maximum recursion depth exceeded
E       Set TORCHDYNAMO_VERBOSE=1 for the internal stack trace (please do this especially if you're reporting a bug to PyTorch). For even more developer context, set TORCH_LOGS=""+dynamo""",本轮异常签名/跳过原因及实例结果与基线一致：gather sparse_grad=True 触发 NPU npu_gather_backward__meta 的 Meta 函数，构造 sparse_coo_tensor 后在 _to_copy→prims.device_put→Tensor.to 间递归至 RecursionError。,../npu-inductor-pr47384-restored-driver-20261009/batch-11-results.json#test_torchinductor.py::test_gather3,../npu-inductor-213-batches-20261008/batch-11-source-evidence.json#test_torchinductor.py::test_gather3,未另行适配复测,,,,,未另行复测,未另行复测,失败,,,,,R28,需要：承诺 sparse_grad 的 gather 时应覆盖合法 AOT/Meta 行为。,其他模块,op-plugin/op_plugin/python/meta/_meta_registrations.py::npu_gather_backward__meta；torch/_decomp 与 torch/_prims 的 sparse device_put,未改：Sparse COO 构造/设备迁移递归；须修 Meta 重入，不把 sparse_grad 改为 False。,修 sparse_coo Meta 构造/设备迁移的重入，保留 sparse_grad=True 和 AOT 联合图。,改 sparse_grad=False 或替换为普通 gather 会删除测试目标；暂无证据证明只改一处 dtype/device 即可。,gather sparse_grad=True 触发 NPU npu_gather_backward__meta 的 Meta 函数，构造 sparse_coo_tensor 后在 _to_copy→prims.device_put→Tensor.to 间递归至 RecursionError。,采用本轮完整方法结果；未复测项沿用此前记录。,未另行复测，沿用此前结果及通过对应修改。
210,11,test_torchinductor.py,GPUTests,test_device_assert,验证两种输入 shape 下 reshape+sum+trunc+gather 的有效索引路径；没有主动制造越界断言。,基础正确性或边界回归：建议保留；按原输入、dtype、形状和断言验证 NPU，不能仅根据当前失败/跳过删除。,失败,失败,失败,状态不变,在完整 PR #47384（16437be0）上加回 transfer_to_npu.py::_patch_triton_driver() 及 _init() 调用；显式选择 Ascend driver，并替换 triton_helpers.set_driver_to_gpu。,尚未全部通过,原用例尚未全部通过，不能将已应用的修改记为修复成功。,../npu-inductor-pr47384-restored-driver-20261009/restore-driver.patch,"{""failed"": 1}",False,"E       RuntimeError: trunc:third_party/op-plugin/op_plugin/ops/opapi/StructKernelNpuOpApi_10.cpp:120 NPU function error: call aclnnTrunc failed, error code is 507899
E       [ERROR] 2026-10-09-11:18:16 (PID:<redacted>, Device:3, RankID:-1) ERR00100 PTA call acl api failed
E       [Error]: An internal error occurs in the Driver module.
E               Rectify the fault based on the error information in the ascend log.
E       [PID:<redacted>] 2026-10-09-11:18:16.422.156 AclNN_Parameter_Error(EZ1001): Tensor self not implemented for DT_DOUBLE, should be in dtype support list [DT_FLOAT,DT_FLOAT16,DT_BFLOAT16,DT_INT8,DT_UINT8,DT_INT32,].
E       TraceBack (most recent call last):
E               rtsDeviceGetInfo execution failed, reason=driver error:internal error[FUNC:FuncErrorReason][FILE:error_message_manage.cc][LINE:69]
E               Tensor self not implemented for DT_DOUBLE, should be in dtype support list [DT_FLOAT,DT_FLOAT16,DT_BFLOAT16,DT_INT8,DT_UINT8,DT_INT32,].",本轮异常签名/跳过原因及实例结果与基线一致：compiled 函数在 aten.trunc.default 调用中进入 aclnnTrunc，拒绝 DT_DOUBLE。,../npu-inductor-pr47384-restored-driver-20261009/batch-11-results.json#test_torchinductor.py::test_device_assert,../npu-inductor-213-batches-20261008/batch-11-source-evidence.json#test_torchinductor.py::test_device_assert,未另行适配复测,,,,,未另行复测,未另行复测,失败,,,,,R08,无需在当前不支持 fp64 的 NPU 配置强修原精度目标；受支持 dtype 的相应功能仍需覆盖。,其他模块,triton-ascend CANN libdevice 的 float64 重载及编译器 f64 load/store；op-plugin/ACLLN 的 Trunc 等 Double 支持,未改 dtype、未降低精度：增加 fp32 变体不能算原 fp64 用例修复。保留能力缺口。,17 可增加 float32 的 any/isinf/Inf 变体；131 增加 float32 round 边界变体；210 的 y 是全 1，可使用 float32 验证原动态 shape/gather 流程；224 可参照既有 MPS 分支增加 NPU 的 bf16/fp32/bool 转换变体。,代码改动小但减少/替换 dtype 覆盖；只在目标接受“验证 NPU 已支持类型”时建议采用。不能声称修好了原 fp64 用例；182 的目标就是 float64 linear，不能用此方法修。,compiled 函数在 aten.trunc.default 调用中进入 aclnnTrunc，拒绝 DT_DOUBLE。,采用本轮完整方法结果；未复测项沿用此前记录。,未另行复测，沿用此前结果及通过对应修改。
223,12,test_torchinductor.py,GPUTests,test_max_unpool_empty_output,验证 MaxUnpool1d/2d/3d 因输出尺寸计算得到空维度时的边界行为。,基础正确性或边界回归：建议保留；按原输入、dtype、形状和断言验证 NPU，不能仅根据当前失败/跳过删除。,失败,失败,失败,状态不变,在完整 PR #47384（16437be0）上加回 transfer_to_npu.py::_patch_triton_driver() 及 _init() 调用；显式选择 Ascend driver，并替换 triton_helpers.set_driver_to_gpu。,尚未全部通过,原用例尚未全部通过，不能将已应用的修改记为修复成功。,../npu-inductor-pr47384-restored-driver-20261009/restore-driver.patch,"{""failed"": 1}",False,"E       RuntimeError: max_unpool2d:third_party/op-plugin/op_plugin/ops/opapi/StructKernelNpuOpApi_9.cpp:94 NPU function error: call aclnnMaxUnpool2d failed, error code is 507899
E       [ERROR] 2026-10-09-12:28:38 (PID:<redacted>, Device:0, RankID:-1) ERR00100 PTA call acl api failed
E       [Error]: An internal error occurs in the Driver module.
E               Rectify the fault based on the error information in the ascend log.
E       [PID:<redacted>] 2026-10-09-12:28:38.561.635 AclNN_Parameter_Error(EZ1001): outputSize value should greater than 0, but the sizes of 0 is 0.",本轮异常签名/跳过原因及实例结果与基线一致：首个 1D 用例经 max_unpool2d 实现进入 aclnnMaxUnpool2d；outputSize 含 0 被参数校验拒绝。,../npu-inductor-pr47384-restored-driver-20261009/batch-12-results.json#test_torchinductor.py::test_max_unpool_empty_output,../npu-inductor-213-batches-20261008/batch-12-source-evidence.json#test_torchinductor.py::test_max_unpool_empty_output,未另行适配复测,,,,,未另行复测,未另行复测,失败,,,,,R13,需要：合法零尺寸 unpool 输出是算子边界语义。,其他模块,op-plugin MaxUnpool2d/MaxUnpool3d eager/Meta；CANN aclnnMaxUnpool2d 的 outputSize 校验,未改 C++：需在合法参数校验后处理空输出；1D→2D 与 3D 均要验证，不能只修 compiled 路径。,核对 PyTorch 对合法 output_size=0 的契约，在 eager 适配层保留参数校验后创建正确的空结果，避免调用只接受正 outputSize 的 CANN kernel。,看起来可做局部边界处理，但 1D 映射到 2D、3D 路径及索引/Meta 一致性需先查清；不能只在 Inductor 返回空 Tensor，因为原 eager 已失败。,首个 1D 用例经 max_unpool2d 实现进入 aclnnMaxUnpool2d；outputSize 含 0 被参数校验拒绝。,采用本轮完整方法结果；未复测项沿用此前记录。,未另行复测，沿用此前结果及通过对应修改。
224,12,test_torchinductor.py,GPUTests,test_to_dtype,验证 _to_copy/to 在 float32、float64 和 bool 间的 dtype 转换与数值语义。,dtype 能力项：按声明的 fp64 支持范围验收；不支持时需要明确能力/错误契约，不能换 float32 后称原用例已修复。,失败,失败,失败,状态不变,在完整 PR #47384（16437be0）上加回 transfer_to_npu.py::_patch_triton_driver() 及 _init() 调用；显式选择 Ascend driver，并替换 triton_helpers.set_driver_to_gpu。,尚未全部通过,原用例尚未全部通过，不能将已应用的修改记为修复成功。,../npu-inductor-pr47384-restored-driver-20261009/restore-driver.patch,"{""failed"": 1}",False,"E           torch._inductor.exc.InductorError: SubprocException: An exception occurred in a subprocess:
E           Name=triton_poi_fused_add_0
E           Traceback (most recent call last):
E             File ""<site-packages>/torch/_inductor/compile_worker/subproc_pool.py"", line 475, in do_job
E               result = job()
E                        ^^^^^
E             File ""<site-packages>/torch/_inductor/runtime/compile_tasks.py"", line 204, in _worker_compile_triton
E               kernel.precompile(warm_cache_only=True)",仍在 float64 的 b+1 kernel 编译失败；IR 含 f64 memref，hivm.hir.load 验证不接受 f64，与基线的类型支持缺口一致。编译命令临时路径和外层异常包装不同，不构成新归因。,../npu-inductor-pr47384-restored-driver-20261009/batch-12-results.json#test_torchinductor.py::test_to_dtype,../npu-inductor-213-batches-20261008/batch-12-source-evidence.json#test_torchinductor.py::test_to_dtype,未另行适配复测,,,,,未另行复测,未另行复测,失败,,,,,R08,无需在当前不支持 fp64 的 NPU 配置强修原精度目标；受支持 dtype 的相应功能仍需覆盖。,其他模块,triton-ascend CANN libdevice 的 float64 重载及编译器 f64 load/store；op-plugin/ACLLN 的 Trunc 等 Double 支持,未改 dtype、未降低精度：增加 fp32 变体不能算原 fp64 用例修复。保留能力缺口。,17 可增加 float32 的 any/isinf/Inf 变体；131 增加 float32 round 边界变体；210 的 y 是全 1，可使用 float32 验证原动态 shape/gather 流程；224 可参照既有 MPS 分支增加 NPU 的 bf16/fp32/bool 转换变体。,代码改动小但减少/替换 dtype 覆盖；只在目标接受“验证 NPU 已支持类型”时建议采用。不能声称修好了原 fp64 用例；182 的目标就是 float64 linear，不能用此方法修。,包含 float64 输入 b+1 的生成 kernel 在 regbase pipeline 中使用 f64 memref；hivm.hir.load 的类型验证列表不含 f64，编译失败。,采用本轮完整方法结果；未复测项沿用此前记录。,未另行复测，沿用此前结果及通过对应修改。
226,12,test_torchinductor.py,GPUTests,test_to_memory_format,验证 contiguous 与 channels_last 双向转换的公开 stride、布局和结果契约。,公开布局契约：支持 channels_last 时应保留 stride/数值检查，私有 NPU format 不能自动替代该目标。,失败,失败,失败,状态不变,在完整 PR #47384（16437be0）上加回 transfer_to_npu.py::_patch_triton_driver() 及 _init() 调用；显式选择 Ascend driver，并替换 triton_helpers.set_driver_to_gpu。,尚未全部通过,原用例尚未全部通过，不能将已应用的修改记为修复成功。,../npu-inductor-pr47384-restored-driver-20261009/restore-driver.patch,"{""failed"": 1}",False,"E       RuntimeError: Only contiguous_format or preserve_format is supported.
E       [ERROR] 2026-10-09-12:32:02 (PID:<redacted>, Device:0, RankID:-1) ERR01007 OPS feature not supported",本轮异常签名/跳过原因及实例结果与基线一致：首次转 torch.channels_last 时抛出 Only contiguous_format or preserve_format is supported，尚未进入 compiled 对比。,../npu-inductor-pr47384-restored-driver-20261009/batch-12-results.json#test_torchinductor.py::test_to_memory_format,../npu-inductor-213-batches-20261008/batch-12-source-evidence.json#test_torchinductor.py::test_to_memory_format,未另行适配复测,,,,,未另行复测,未另行复测,失败,,,,,R29,条件需要：公开 channels_last 支持启用后必须测试 stride/复制/Meta 一致性。,其他模块,torch_npu eager 分配/复制与 memory_format；op-plugin Meta；NPU Inductor layout,未改：NPU 私有格式不等价于公开 channels_last，不能改为 contiguous 记作通过。,实现公开 channels_last stride 语义并与 NPU 私有格式区分。,改为 contiguous_format 或 NPU 私有 format 不等价，不能用简单测试修改修复。,首次转 torch.channels_last 时抛出 Only contiguous_format or preserve_format is supported，尚未进入 compiled 对比。,采用本轮完整方法结果；未复测项沿用此前记录。,未另行复测，沿用此前结果及通过对应修改。
230,12,test_torchinductor.py,GPUTests,test_multi_gpu_device,验证从默认第 0 张卡计算后复制到第 1 张卡并继续计算；需真正跨卡验证。,多卡支持时必测：必须使用真实不同设备索引；单卡或默认已为目标卡的运行不能替代跨卡/guard 验证。,失败,失败,失败,状态不变,在完整 PR #47384（16437be0）上加回 transfer_to_npu.py::_patch_triton_driver() 及 _init() 调用；显式选择 Ascend driver，并替换 triton_helpers.set_driver_to_gpu。,尚未全部通过,原用例尚未全部通过，不能将已应用的修改记为修复成功。,../npu-inductor-pr47384-restored-driver-20261009/restore-driver.patch,"{""failed"": 1}",False,"E       torch.OutOfMemoryError: enable_peer_access:torch_npu/csrc/core/npu/NPUPeerToPeerAccess.cpp:36 NPU function error: aclrtDeviceEnablePeerAccess(dest_dev, enable_flag_value), error code is 207001
E       [ERROR] 2026-10-09-12:29:34 (PID:<redacted>, Device:1, RankID:-1) ERR00100 PTA call acl api failed
E       [Error]: Failed to apply for memory.
E               Check the remaining storage space in the hardware environment.
E       [PID:<redacted>] 2026-10-09-12:29:34.274.345 Memory_Allocation_Failure(EL0004): Failed to allocate memory requested by UNKNOWN module.
E               Possible Cause: Available memory is insufficient.
E               Solution: Close applications not in use.
E       TraceBack (most recent call last):",本轮异常签名/跳过原因及实例结果与基线一致：默认 NPU:0 的独立原用例在 Tensor.to(npu:1) 启用 peer access 时，aclrtDeviceEnablePeerAccess 返回 207001/OutOfMemoryError。初轮默认 NPU:1 的通过仅为同卡路径。关闭 transfer 包装且不使用 torch.compile 的 4 元素复制也复现同错。,../npu-inductor-pr47384-restored-driver-20261009/batch-12-results.json#test_torchinductor.py::test_multi_gpu_device,../npu-inductor-213-batches-20261008/batch-12-source-evidence.json#test_torchinductor.py::test_multi_gpu_device,未另行适配复测,,,,,未另行复测,未另行复测,失败,,,,,R30,需要：跨 NPU 复制与编译应在真实跨卡路径验证。,其他模块,torch_npu/csrc/core/npu/NPUPeerToPeerAccess.cpp；CANN aclrtDeviceEnablePeerAccess；设备驱动/资源配置,独立 eager 4 元素跨卡复制仍报 207001；非 Inductor 首错，不改默认卡制造同卡通过，需 runtime/驱动排查。,定位 peer-access 启用时失败的资源；先使独立 eager NPU:0→NPU:1 复制正常，再复测编译。,独立无编译进程仍报 207001，卡空闲均超过 121 GiB；改默认设备为 1、换同卡目标或设置 skip 不是跨卡修复。,默认 NPU:0 的独立原用例在 Tensor.to(npu:1) 启用 peer access 时，aclrtDeviceEnablePeerAccess 返回 207001/OutOfMemoryError。初轮默认 NPU:1 的通过仅为同卡路径。关闭 transfer 包装且不使用 torch.compile 的 4 元素复制也复现同错。,采用本轮完整方法结果；未复测项沿用此前记录。,未另行复测，沿用此前结果及通过对应修改。
242,14,test_unbacked_symints.py,TestUnbackedSymintsNPU,test_triton_kernel_with_unbacked_symint_fallback,验证 benchmark_kernel 开启时，含 unbacked SymInt 的 index_select 正确处理 SizeArg fallback。,kernel benchmark 与 unbacked shape 同时启用时必测；只测普通前向不能覆盖 SizeArg fallback。,失败,失败,失败,状态不变,在完整 PR #47384（16437be0）上加回 transfer_to_npu.py::_patch_triton_driver() 及 _init() 调用；显式选择 Ascend driver，并替换 triton_helpers.set_driver_to_gpu。,尚未全部通过,原用例尚未全部通过，不能将已应用的修改记为修复成功。,../npu-inductor-pr47384-restored-driver-20261009/restore-driver.patch,"{""failed"": 1}",False,"E                   torch._dynamo.exc.UserError: Could not extract specialized integer from data-dependent expression u0 - 5 (unhinted: u0 - 5).  (Size-like symbols: u0)
E                   Caused by: indices = torch.tensor([1, u0 - 5], device=device)  # PTA_213/pytorch/test/inductor/test_unbacked_symints.py:668 in fn (torch_npu/contrib/transfer_to_npu.py:194 in decorated)
E                   For more information, run with TORCH_LOGS=""dynamic""
E                   For extended logs when we create symbols, also add TORCHDYNAMO_EXTENDED_DEBUG_CREATE_SYMBOL=""u0""
E                   If you suspect the guard was triggered from C++, add TORCHDYNAMO_EXTENDED_DEBUG_CPP=1
E                   For more debugging help, see https://docs.google.com/document/d/1HSuTTVvYH1pTew89Rtpeu84Ht3nQEFTYhAX3Ypa_xJs/edit?usp=sharing
E                   User Stack (most recent call last):
E                     (snipped, see stack below for prefix)",本轮异常签名/跳过原因及实例结果与基线一致：torch.tensor 构造时要求把 nonzero 长度表达式 u0-5 特化为具体整数，触发 GuardOnDataDependentSymNode。,../npu-inductor-pr47384-restored-driver-20261009/batch-14-results.json#test_unbacked_symints.py::test_triton_kernel_with_unbacked_symint_fallback,../npu-inductor-213-batches-20261008/batch-14-source-evidence.json#test_unbacked_symints.py::test_triton_kernel_with_unbacked_symint_fallback,未另行适配复测,,,,,未另行复测,未另行复测,失败,,,,,R31,需要：unbacked 符号值应在运行时构造 Tensor，而非强制特化。,其他模块,torch_npu/contrib/transfer_to_npu.py 构造器包装；torch/_dynamo 构造器身份/追踪规则,已有恢复 torch.tensor 绑定的诊断探针支持归因；需保持迁移能力的通用包装修复，不在用例中 int() 或删动态输入。,在保留 CUDA→NPU 参数迁移的前提下使构造器正确进入 Dynamo 对象规则，保留 unbacked 数据的运行时物化。,已有独立恢复 torch.tensor 全局绑定探针可捕获，但不是安全生产修复；禁止在用例中强制 int() 或取消动态输入来通过。,torch.tensor 构造时要求把 nonzero 长度表达式 u0-5 特化为具体整数，触发 GuardOnDataDependentSymNode。,采用本轮完整方法结果；未复测项沿用此前记录。,未另行复测，沿用此前结果及通过对应修改。
243,14,test_torchinductor_dynamic_shapes.py,TestInductorDynamicPRIVATEUSE1,test_constant_fold_uniform_value_dynamic,验证动态/静态两模式下 uniform 常量折叠消除加零、乘一等 kernel，并适用于两种 shape。,常量折叠优化回归：建议保留数值及零 kernel 意图；应允许无需生成代码的合法实现。,失败,失败,失败,状态不变,在完整 PR #47384（16437be0）上加回 transfer_to_npu.py::_patch_triton_driver() 及 _init() 调用；显式选择 Ascend driver，并替换 triton_helpers.set_driver_to_gpu。,尚未全部通过,原用例尚未全部通过，不能将已应用的修改记为修复成功。,../npu-inductor-pr47384-restored-driver-20261009/restore-driver.patch,"{""failed"": 1}",False,E                       IndexError: list index out of range,本轮异常签名/跳过原因及实例结果与基线一致：source_codes=[]，原测试直接访问 source_codes[0] 触发 IndexError。,../npu-inductor-pr47384-restored-driver-20261009/batch-14-results.json#test_torchinductor_dynamic_shapes.py::test_constant_fold_uniform_value_dynamic,../npu-inductor-213-batches-20261008/batch-14-source-evidence.json#test_torchinductor_dynamic_shapes.py::test_constant_fold_uniform_value_dynamic,未另行适配复测,,,,,通过,通过,通过,"{""passed"": 1}",second/case-243.json,second/changes.json,,R05,需要：常量折叠允许零 kernel，同时需保留所有数值/shape 断言。,用例,test_torchinductor_dynamic_shapes.py::test_constant_fold_uniform_value_dynamic,对 join(source_codes) 执行原 check_not，允许空列表并检查全部生成文件；原完整方法通过。,"用 ""\n"".join(source_codes) 执行原 check_not，允许空列表；若有多个源码文件则全部检查。原来的全部数值及第二种 shape 断言照常运行。",已有独立探针确认 6 组合返回原输入且零 kernel；原测试改动尚未执行。不能直接 return 跳过数值断言。,source_codes=[]，原测试直接访问 source_codes[0] 触发 IndexError。,采用本轮完整方法结果；未复测项沿用此前记录。,用例：对 join(source_codes) 执行原 check_not，允许零代码，保留数值/shape 检查。
244,14,test_torchinductor_dynamic_shapes.py,TestInductorDynamicPRIVATEUSE1,test_sym_sum_unbacked,验证 Tensor.tolist 产生的 unbacked 标量序列可经 Python sum 后构造 Tensor，fullgraph 结果正确。,基础正确性或边界回归：建议保留；按原输入、dtype、形状和断言验证 NPU，不能仅根据当前失败/跳过删除。,失败,失败,失败,状态不变,在完整 PR #47384（16437be0）上加回 transfer_to_npu.py::_patch_triton_driver() 及 _init() 调用；显式选择 Ascend driver，并替换 triton_helpers.set_driver_to_gpu。,尚未全部通过,原用例尚未全部通过，不能将已应用的修改记为修复成功。,../npu-inductor-pr47384-restored-driver-20261009/restore-driver.patch,"{""failed"": 1}",False,"E                   torch._dynamo.exc.UserError: Could not extract specialized integer from data-dependent expression u0 + u1 + u10 + u11 + u12 + u13 + u14 + u15 + u16 + u17 + u18 + u19 + u2 + u20 + u21 + u22 + u23 + u24 + u25 + u26 + u27 + u28 + u29 + u3 + u30 + u31 + u32 + u33 + u34 + u35 + u36 + u37 + u38 + u39 + u4 + u40 + u41 + u42 + u43 + u44 ...
E                   Caused by: return torch.tensor(y)  # PTA_213/pytorch/test/inductor/test_torchinductor_dynamic_shapes.py:398 in f (torch_npu/contrib/transfer_to_npu.py:194 in decorated)
E                   For more information, run with TORCH_LOGS=""dynamic""
E                   For extended logs when we create symbols, also add TORCHDYNAMO_EXTENDED_DEBUG_CREATE_SYMBOL=""u82,u29,u47,u59,u53,u91,u93,u12,u80,u21,u23,u14,u79,u98,u19,u78,u51,u3,u37,u45,u49,u26,u84,u97,u40,u20,u58,u7,u63,u64,u31,u83,u25,u30,u56,u66,u43,u5,u54,u69,u27,u46,u71,u77,u65,u22,u44,u17,u0,u74,u99,u33,u61,u41,u85,u16,u88,u90,u34,u1,u3 ...
E                   If you suspect the guard was triggered from C++, add TORCHDYNAMO_EXTENDED_DEBUG_CPP=1
E                   For more debugging help, see https://docs.google.com/document/d/1HSuTTVvYH1pTew89Rtpeu84Ht3nQEFTYhAX3Ypa_xJs/edit?usp=sharing
E                   User Stack (most recent call last):
E                     (snipped, see stack below for prefix)",本轮异常签名/跳过原因及实例结果与基线一致：torch.tensor 构造时要求把 100 个 tolist 标量的求和表达式 特化为具体整数，触发 GuardOnDataDependentSymNode。,../npu-inductor-pr47384-restored-driver-20261009/batch-14-results.json#test_torchinductor_dynamic_shapes.py::test_sym_sum_unbacked,../npu-inductor-213-batches-20261008/batch-14-source-evidence.json#test_torchinductor_dynamic_shapes.py::test_sym_sum_unbacked,未另行适配复测,,,,,未另行复测,未另行复测,失败,,,,,R31,需要：unbacked 符号值应在运行时构造 Tensor，而非强制特化。,其他模块,torch_npu/contrib/transfer_to_npu.py 构造器包装；torch/_dynamo 构造器身份/追踪规则,已有恢复 torch.tensor 绑定的诊断探针支持归因；需保持迁移能力的通用包装修复，不在用例中 int() 或删动态输入。,在保留 CUDA→NPU 参数迁移的前提下使构造器正确进入 Dynamo 对象规则，保留 unbacked 数据的运行时物化。,已有独立恢复 torch.tensor 全局绑定探针可捕获，但不是安全生产修复；禁止在用例中强制 int() 或取消动态输入来通过。,torch.tensor 构造时要求把 100 个 tolist 标量的求和表达式 特化为具体整数，触发 GuardOnDataDependentSymNode。,采用本轮完整方法结果；未复测项沿用此前记录。,未另行复测，沿用此前结果及通过对应修改。
245,14,test_torchinductor_dynamic_shapes.py,TestInductorDynamicPRIVATEUSE1,test_float_item_return,验证 fullgraph 捕获 float Tensor.item 并返回 Python 标量；原测试仅检查可执行，临时适配补充值为 3.0 的断言。,标量捕获基础能力：建议保留并补返回值断言；FBCODE 条件不是 NPU 能力判据。,跳过,跳过,跳过,状态不变,在完整 PR #47384（16437be0）上加回 transfer_to_npu.py::_patch_triton_driver() 及 _init() 调用；显式选择 Ascend driver，并替换 triton_helpers.set_driver_to_gpu。,尚未全部通过,原用例尚未全部通过，不能将已应用的修改记为修复成功。,../npu-inductor-pr47384-restored-driver-20261009/restore-driver.patch,"{""skipped"": 1}",False,,本轮异常签名/跳过原因及实例结果与基线一致：原用例由 skipUnless(IS_FBCODE) 限制；当前环境不是 FBCODE。,../npu-inductor-pr47384-restored-driver-20261009/batch-14-results.json#test_torchinductor_dynamic_shapes.py::test_float_item_return,../npu-inductor-213-batches-20261008/batch-14-source-evidence.json#test_torchinductor_dynamic_shapes.py::test_float_item_return,通过,"测试副本设置 PYTORCH_TEST_WITH_SLOW=1；@unittest.skipUnless(IS_FBCODE, """") → @unittest.skipUnless(IS_FBCODE or GPU_TYPE == ""npu"", ""Requires FBCODE or NPU"")；f(torch.tensor([3.0], device=device)) → self.assertEqual(f(torch.tensor([3.0], device=device)), 3.0)",采用下列测试适配后，基线即已通过；PR 与本轮 driver patch 均保持通过。,../npu-inductor-213-batches-20261008/skip-validation/manifest.json；../npu-inductor-pr47384-restored-driver-20261009/restore-driver.patch,../npu-inductor-pr47384-restored-driver-20261009/skip/case-245.json#test_torchinductor_dynamic_shapes.py::test_float_item_return,通过,未另行复测,通过,"{""passed"": 1}",first/case-245.json,first/changes.json,,S03,需要：返回 Python 标量的 fullgraph 编译应验证。,用例,test_torchinductor_dynamic_shapes.py::test_float_item_return 的 FBCODE 限制,为已验证 NPU 配置开放，保留 capture/fullgraph 并断言返回 3.0；通过。,对实际验证支持的 NPU 配置启用此方法，不全局伪装 IS_FBCODE；保留 fullgraph=True、capture_scalar_outputs 和动态输出捕获设置。建议同时断言返回 Python 标量 3.0。,函数体只调用公开 torch.compile/item 接口，没有直接 FBCODE import，因此是解除平台粗粒度跳过的候选；既有 FBCODE 门槛可能掩盖后续兼容问题，须实测。,原用例由 skipUnless(IS_FBCODE) 限制；当前环境不是 FBCODE。,采用本轮完整方法结果；未复测项沿用此前记录。,"测试副本设置 PYTORCH_TEST_WITH_SLOW=1；@unittest.skipUnless(IS_FBCODE, """") → @unittest.skipUnless(IS_FBCODE or GPU_TYPE == ""npu"", ""Requires FBCODE or NPU"")；f(torch.tensor([3.0], device=device)) → self.assertEqual(f(torch.tensor([3.0], device=device)), 3.0)；本轮相同适配下复测保持通过。"
246,14,test_torchinductor_dynamic_shapes.py,TestInductorDynamicPRIVATEUSE1,test_magic_method_lowerings_with_symbolic_scalars,验证符号标量的取模、整除、位移、比较、min/max、pow/log2 和浮点常量运算的 lowering。,基础正确性或边界回归：建议保留；按原输入、dtype、形状和断言验证 NPU，不能仅根据当前失败/跳过删除。,失败,失败,失败,状态不变,在完整 PR #47384（16437be0）上加回 transfer_to_npu.py::_patch_triton_driver() 及 _init() 调用；显式选择 Ascend driver，并替换 triton_helpers.set_driver_to_gpu。,尚未全部通过,原用例尚未全部通过，不能将已应用的修改记为修复成功。,../npu-inductor-pr47384-restored-driver-20261009/restore-driver.patch,"{""failed"": 1}",False,"E           torch._inductor.exc.InductorError: SubprocException: An exception occurred in a subprocess:
E           Name=triton_poi_fused_add_0
E           Traceback (most recent call last):
E             File ""<site-packages>/torch/_inductor/compile_worker/subproc_pool.py"", line 475, in do_job
E               result = job()
E                        ^^^^^
E             File ""<site-packages>/torch/_inductor/runtime/compile_tasks.py"", line 204, in _worker_compile_triton
E               kernel.precompile(warm_cache_only=True)",本组失败实例出现：PR 已使 CudaDriver.is_active() 为 False，但 PyTorch _is_backend_active 又用 torch.cuda.is_available() 兜底；迁移别名返回 True，仍构造 CudaDriver 并因缺少 libcuda.so 失败。,../npu-inductor-pr47384-restored-driver-20261009/batch-14-results.json#test_torchinductor_dynamic_shapes.py::test_magic_method_lowerings_with_symbolic_scalars,../npu-inductor-213-batches-20261008/batch-14-source-evidence.json#test_torchinductor_dynamic_shapes.py::test_magic_method_lowerings_with_symbolic_scalars,未另行适配复测,,,,,未另行复测,未另行复测,失败,,,,,R32,需要：整数符号运算不能因内部引入不必要 fp64 而无法编译。,Inductor+其他模块,NPU symbolic expression/Triton codegen；triton-ascend CANN libdevice.pow 的 fp64 重载,未用 fp32 或位移粗替代：需证明整数溢出和精确范围；generated DSL 已确认 libdevice.pow 两参被转为 float64。,为整数底数/指数建立保持语义和溢出范围的 lowering，或实现完整 fp64 pow。,直接替换为 fp32 或无范围证明的位移可能改变结果，不是当前已确认的简单修复。,恢复 driver 后，generated DSL 的符号整数幂转为 float64 libdevice.pow，CANN 映射没有对应双参重载。,采用本轮完整方法结果；未复测项沿用此前记录。,未另行复测，沿用此前结果及通过对应修改。
247,14,test_torchinductor_dynamic_shapes.py,TestInductorDynamicPRIVATEUSE1,test_mark_unbacked_slice,验证带特殊 stride 且 mark_unbacked 的输入可在 reduce-overhead/fullgraph 模式下执行 sum；原测试无数值断言。,reduce-overhead 与 unbacked 输入兼容性：支持该组合时保留；建议增加明确数值检查，原测试只是执行冒烟。,失败,失败,失败,状态不变,在完整 PR #47384（16437be0）上加回 transfer_to_npu.py::_patch_triton_driver() 及 _init() 调用；显式选择 Ascend driver，并替换 triton_helpers.set_driver_to_gpu。,尚未全部通过,原用例尚未全部通过，不能将已应用的修改记为修复成功。,../npu-inductor-pr47384-restored-driver-20261009/restore-driver.patch,"{""failed"": 1}",False,"E       torch._inductor.exc.InductorError: AttributeError: module 'torch._C' has no attribute '_cuda_cudaCachingAllocator_is_enabled'
E       Set TORCHDYNAMO_VERBOSE=1 for the internal stack trace (please do this especially if you're reporting a bug to PyTorch). For even more developer context, set TORCH_LOGS=""+dynamo""",本组失败实例出现：PR 已使 CudaDriver.is_active() 为 False，但 PyTorch _is_backend_active 又用 torch.cuda.is_available() 兜底；迁移别名返回 True，仍构造 CudaDriver 并因缺少 libcuda.so 失败。,../npu-inductor-pr47384-restored-driver-20261009/batch-14-results.json#test_torchinductor_dynamic_shapes.py::test_mark_unbacked_slice,../npu-inductor-213-batches-20261008/batch-14-source-evidence.json#test_torchinductor_dynamic_shapes.py::test_mark_unbacked_slice,未另行适配复测,,,,,未另行复测,未另行复测,失败,,,,,R18,需要：若支持 max-autotune/reduce-overhead 模式，应保留图捕获和动态行为契约。,其他模块+Inductor,torch/_inductor/cudagraph_utils.py；torch_npu NPU graph/allocator runtime；transfer_to_npu 的 CUDA API 迁移,未改：缺少 CUDA allocator 符号是接口误用；需真实 NPU capture/replay 集成，返回 True 或关闭图捕获不是修复。,按真实后端接入 allocator 和图捕获能力检查；需要 NPU 等价 capture/replay 契约。,"getattr(..., lambda: True)、关闭 cudagraphs、改 compile mode 只能避开目标，不作为简单功能修复。",恢复 driver 后，当前缺少 _cuda_cudaCachingAllocator_is_enabled；需要 NPU graph/allocator 适配。,采用本轮完整方法结果；未复测项沿用此前记录。,未另行复测，沿用此前结果及通过对应修改。
